isweep,gm,i_id,id,i_cgg,cgg,i_cgs,cgs,i_cgd,cgd,i_cds,cds,i_css,css,i_cdd,cdd,i_gds,gds,i_vth,vth,i_vdsat,vdsat,i_vgs,vgs,i_vds,vds,i_rds,rds,i_wt,wt,i_ft,ft,i_kgm,kgm,W,L,pdk
1.00000000e-09,3.23196962e-08,1.00000000e-09,9.99604023e-10,1.00000000e-09,8.60873277e-16,1.00000000e-09,-2.93361650e-16,1.00000000e-09,7.65625226e-19,1.00000000e-09,1.69385829e-16,1.00000000e-09,2.53590085e-16,1.00000000e-09,-3.39831717e-19,1.00000000e-09,4.81280583e-10,1.00000000e-09,7.56059307e-01,1.00000000e-09,3.34569310e-02,1.00000000e-09,4.88476109e-01,1.00000000e-09,4.88476109e-01,1.00000000e-09,2.07779003e+09,1.00000000e-09,3.75429196e+07,1.00000000e-09,5.97514123e+06,1.00000000e-09,3.23324991e+01,1.0,.300,sky130
1.50000000e-09,4.81933390e-08,1.50000000e-09,1.50545646e-09,1.50000000e-09,8.83810604e-16,1.50000000e-09,-3.26110031e-16,1.50000000e-09,8.55322437e-19,1.50000000e-09,1.86515356e-16,1.50000000e-09,2.79252280e-16,1.50000000e-09,-3.81609977e-19,1.50000000e-09,7.16761948e-10,1.50000000e-09,7.56014285e-01,1.50000000e-09,3.34779903e-02,1.50000000e-09,5.01015827e-01,1.50000000e-09,5.01015827e-01,1.50000000e-09,1.39516335e+09,1.50000000e-09,5.45290346e+07,1.50000000e-09,8.67856540e+06,1.50000000e-09,3.20124428e+01,1.0,.300,sky130
2.00000000e-09,6.39205165e-08,2.00000000e-09,2.01325737e-09,2.00000000e-09,9.01462100e-16,2.00000000e-09,-3.51064289e-16,2.00000000e-09,9.23412248e-19,2.00000000e-09,1.99448999e-16,2.00000000e-09,2.98629245e-16,2.00000000e-09,-4.13001458e-19,2.00000000e-09,9.50676202e-10,2.00000000e-09,7.55982034e-01,2.00000000e-09,3.34990252e-02,2.00000000e-09,5.09998474e-01,2.00000000e-09,5.09998474e-01,2.00000000e-09,1.05188286e+09,2.00000000e-09,7.09076028e+07,2.00000000e-09,1.12852955e+07,2.00000000e-09,3.17497989e+01,1.0,.300,sky130
2.50000000e-09,7.90028823e-08,2.50000000e-09,2.50557885e-09,2.50000000e-09,9.15512764e-16,2.50000000e-09,-3.70799879e-16,2.50000000e-09,9.77105807e-19,2.50000000e-09,2.09611199e-16,2.50000000e-09,3.13854498e-16,2.50000000e-09,-4.37572053e-19,2.50000000e-09,1.17562491e-09,2.50000000e-09,7.55957574e-01,2.50000000e-09,3.35193389e-02,2.50000000e-09,5.16810963e-01,2.50000000e-09,5.16810963e-01,2.50000000e-09,8.50611442e+08,2.50000000e-09,8.62935891e+07,2.50000000e-09,1.37340513e+07,2.50000000e-09,3.15307907e+01,1.0,.300,sky130
3.00000000e-09,9.40517946e-08,3.00000000e-09,3.00146340e-09,3.00000000e-09,9.27611235e-16,3.00000000e-09,-3.87713776e-16,3.00000000e-09,1.02301318e-18,3.00000000e-09,2.18276631e-16,3.00000000e-09,3.26837535e-16,3.00000000e-09,-4.58456861e-19,3.00000000e-09,1.40069048e-09,3.00000000e-09,7.55937251e-01,3.00000000e-09,3.35397319e-02,3.00000000e-09,5.22471425e-01,3.00000000e-09,5.22471424e-01,3.00000000e-09,7.13933603e+08,3.00000000e-09,1.01391392e+08,3.00000000e-09,1.61369413e+07,3.00000000e-09,3.13353128e+01,1.0,.300,sky130
3.50000000e-09,1.09070896e-07,3.50000000e-09,3.50059456e-09,3.50000000e-09,9.38276736e-16,3.50000000e-09,-4.02569286e-16,3.50000000e-09,1.06325076e-18,3.50000000e-09,2.25855825e-16,3.50000000e-09,3.38193315e-16,3.50000000e-09,-4.76672310e-19,3.50000000e-09,1.62591183e-09,3.50000000e-09,7.55919835e-01,3.50000000e-09,3.35601979e-02,3.50000000e-09,5.27322221e-01,3.50000000e-09,5.27322220e-01,3.50000000e-09,6.15039499e+08,3.50000000e-09,1.16245977e+08,3.50000000e-09,1.85011219e+07,3.50000000e-09,3.11578203e+01,1.0,.300,sky130
4.00000000e-09,1.23988209e-07,4.00000000e-09,4.00020871e-09,4.00000000e-09,9.47794832e-16,4.00000000e-09,-4.15786668e-16,4.00000000e-09,1.09898617e-18,4.00000000e-09,2.32575413e-16,4.00000000e-09,3.48261315e-16,4.00000000e-09,-4.92781014e-19,4.00000000e-09,1.85018347e-09,4.00000000e-09,7.55904648e-01,4.00000000e-09,3.35806286e-02,4.00000000e-09,5.31552109e-01,4.00000000e-09,5.31552108e-01,4.00000000e-09,5.40486939e+08,4.00000000e-09,1.30817561e+08,4.00000000e-09,2.08202615e+07,4.00000000e-09,3.09954349e+01,1.0,.300,sky130
4.50000000e-09,1.38803124e-07,4.50000000e-09,4.49995313e-09,4.50000000e-09,9.56400546e-16,4.50000000e-09,-4.27706925e-16,4.50000000e-09,1.13116199e-18,4.50000000e-09,2.38616998e-16,4.50000000e-09,3.57313582e-16,4.50000000e-09,-5.07231072e-19,4.50000000e-09,2.07346405e-09,4.50000000e-09,7.55891180e-01,4.50000000e-09,3.36010137e-02,4.50000000e-09,5.35303250e-01,4.50000000e-09,5.35303249e-01,4.50000000e-09,4.82284706e+08,4.50000000e-09,1.45130745e+08,4.50000000e-09,2.30982755e+07,4.50000000e-09,3.08454599e+01,1.0,.300,sky130
5.00000000e-09,1.53522972e-07,5.00000000e-09,4.99979592e-09,5.00000000e-09,9.64265136e-16,5.00000000e-09,-4.38577133e-16,5.00000000e-09,1.16045996e-18,5.00000000e-09,2.44111523e-16,5.00000000e-09,3.65546275e-16,5.00000000e-09,-5.20344906e-19,5.00000000e-09,2.29583250e-09,5.00000000e-09,7.55879074e-01,5.00000000e-09,3.36213553e-02,5.00000000e-09,5.38675323e-01,5.00000000e-09,5.38675322e-01,5.00000000e-09,4.35571847e+08,5.00000000e-09,1.59212406e+08,5.00000000e-09,2.53394414e+07,5.00000000e-09,3.07058477e+01,1.0,.300,sky130
5.50000000e-09,1.68153613e-07,5.50000000e-09,5.49969923e-09,5.50000000e-09,9.71514374e-16,5.50000000e-09,-4.48578050e-16,5.50000000e-09,1.18737827e-18,5.50000000e-09,2.49154478e-16,5.50000000e-09,3.73102440e-16,5.50000000e-09,-5.32357343e-19,5.50000000e-09,2.51734758e-09,5.50000000e-09,7.55868072e-01,5.50000000e-09,3.36416546e-02,5.50000000e-09,5.41739590e-01,5.50000000e-09,5.41739589e-01,5.50000000e-09,3.97243514e+08,5.50000000e-09,1.73084019e+08,5.50000000e-09,2.75471772e+07,5.50000000e-09,3.05750561e+01,1.0,.300,sky130
6.00000000e-09,1.82700148e-07,6.00000000e-09,5.99963302e-09,6.00000000e-09,9.78243697e-16,6.00000000e-09,-4.57846380e-16,6.00000000e-09,1.21229331e-18,6.00000000e-09,2.53817867e-16,6.00000000e-09,3.80089949e-16,6.00000000e-09,-5.43445247e-19,6.00000000e-09,2.73805874e-09,6.00000000e-09,7.55857986e-01,6.00000000e-09,3.36619126e-02,6.00000000e-09,5.44548848e-01,6.00000000e-09,5.44548846e-01,6.00000000e-09,3.65222260e+08,6.00000000e-09,1.86763430e+08,6.00000000e-09,2.97243230e+07,6.00000000e-09,3.04518872e+01,1.0,.300,sky130
6.50000000e-09,1.97167480e-07,6.50000000e-09,6.49958724e-09,6.50000000e-09,9.84527533e-16,6.50000000e-09,-4.66488416e-16,6.50000000e-09,1.23549745e-18,6.50000000e-09,2.58157525e-16,6.50000000e-09,3.86592446e-16,6.50000000e-09,-5.53745602e-19,6.50000000e-09,2.95801449e-09,6.50000000e-09,7.55848670e-01,6.50000000e-09,3.36821307e-02,6.50000000e-09,5.47143384e-01,6.50000000e-09,5.47143382e-01,6.50000000e-09,3.38064605e+08,6.50000000e-09,2.00266091e+08,6.50000000e-09,3.18733382e+07,6.50000000e-09,3.03353848e+01,1.0,.300,sky130
7.00000000e-09,2.11559991e-07,7.00000000e-09,6.99955565e-09,7.00000000e-09,9.90425007e-16,7.00000000e-09,-4.74588368e-16,7.00000000e-09,1.25722209e-18,7.00000000e-09,2.62217581e-16,7.00000000e-09,3.92676042e-16,7.00000000e-09,-5.63366559e-19,7.00000000e-09,3.17725743e-09,7.00000000e-09,7.55840013e-01,7.00000000e-09,3.37023102e-02,7.00000000e-09,5.49554593e-01,7.00000000e-09,5.49554591e-01,7.00000000e-09,3.14736851e+08,7.00000000e-09,2.13605260e+08,7.00000000e-09,3.39963330e+07,7.00000000e-09,3.02247745e+01,1.0,.300,sky130
7.50000000e-09,2.25881560e-07,7.50000000e-09,7.49953253e-09,7.50000000e-09,9.95983886e-16,7.50000000e-09,-4.82214123e-16,7.50000000e-09,1.27765366e-18,7.50000000e-09,2.66033533e-16,7.50000000e-09,3.98393917e-16,7.50000000e-09,-5.72395033e-19,7.50000000e-09,3.39582436e-09,7.50000000e-09,7.55831925e-01,7.50000000e-09,3.37224524e-02,7.50000000e-09,5.51807413e-01,7.50000000e-09,5.51807411e-01,7.50000000e-09,2.94479306e+08,7.50000000e-09,2.26792384e+08,7.50000000e-09,3.60951289e+07,7.50000000e-09,3.01194186e+01,1.0,.300,sky130
8.00000000e-09,2.40135649e-07,8.00000000e-09,7.99951263e-09,8.00000000e-09,1.00124336e-15,8.00000000e-09,-4.89421258e-16,8.00000000e-09,1.29694464e-18,8.00000000e-09,2.69634384e-16,8.00000000e-09,4.03789520e-16,8.00000000e-09,-5.80901969e-19,8.00000000e-09,3.61374741e-09,8.00000000e-09,7.55824333e-01,8.00000000e-09,3.37425582e-02,8.00000000e-09,5.53921985e-01,8.00000000e-09,5.53921982e-01,8.00000000e-09,2.76721056e+08,8.00000000e-09,2.39837444e+08,8.00000000e-09,3.81713148e+07,8.00000000e-09,3.00187849e+01,1.0,.300,sky130
8.50000000e-09,2.54325618e-07,8.50000000e-09,8.49949965e-09,8.50000000e-09,1.00623609e-15,8.50000000e-09,-4.96255996e-16,8.50000000e-09,1.31522175e-18,8.50000000e-09,2.73044207e-16,8.50000000e-09,4.08898918e-16,8.50000000e-09,-5.88946200e-19,8.50000000e-09,3.83105863e-09,8.50000000e-09,7.55817178e-01,8.50000000e-09,3.37626288e-02,8.50000000e-09,5.55914843e-01,8.50000000e-09,5.55914841e-01,8.50000000e-09,2.61024458e+08,8.50000000e-09,2.52749449e+08,8.50000000e-09,4.02263242e+07,8.50000000e-09,2.99224223e+01,1.0,.300,sky130
9.00000000e-09,2.68454242e-07,9.00000000e-09,8.99948759e-09,9.00000000e-09,1.01098944e-15,9.00000000e-09,-5.02757004e-16,9.00000000e-09,1.33259095e-18,9.00000000e-09,2.76283110e-16,9.00000000e-09,4.13752234e-16,9.00000000e-09,-5.96576830e-19,9.00000000e-09,4.04778251e-09,9.00000000e-09,7.55810411e-01,9.00000000e-09,3.37826650e-02,9.00000000e-09,5.57799672e-01,9.00000000e-09,5.57799669e-01,9.00000000e-09,2.47048847e+08,9.00000000e-09,2.65536148e+08,9.00000000e-09,4.22613905e+07,9.00000000e-09,2.98299475e+01,1.0,.300,sky130
9.50000000e-09,2.82524269e-07,9.50000000e-09,9.49947874e-09,9.50000000e-09,1.01552673e-15,9.50000000e-09,-5.08957171e-16,9.50000000e-09,1.34914228e-18,9.50000000e-09,2.79368164e-16,9.50000000e-09,4.18375047e-16,9.50000000e-09,-6.03835514e-19,9.50000000e-09,4.26394438e-09,9.50000000e-09,7.55803990e-01,9.50000000e-09,3.38026677e-02,9.50000000e-09,5.59587978e-01,9.50000000e-09,5.59587976e-01,9.50000000e-09,2.34524635e+08,9.50000000e-09,2.78204661e+08,9.50000000e-09,4.42776470e+07,9.50000000e-09,2.97410286e+01,1.0,.300,sky130
1.00000000e-08,2.96538338e-07,1.00000000e-08,9.99947971e-09,1.00000000e-08,1.01986797e-15,1.00000000e-08,-5.14884691e-16,1.00000000e-08,1.36495288e-18,1.00000000e-08,2.82313983e-16,1.00000000e-08,4.22789246e-16,1.00000000e-08,-6.10757873e-19,1.00000000e-08,4.47956905e-09,1.00000000e-08,7.55797881e-01,1.00000000e-08,3.38226378e-02,1.00000000e-08,5.61289529e-01,1.00000000e-08,5.61289526e-01,1.00000000e-08,2.23235760e+08,1.00000000e-08,2.90761499e+08,1.00000000e-08,4.62761298e+07,1.00000000e-08,2.96553768e+01,1.0,.300,sky130
1.50000000e-08,4.35418593e-07,1.50000000e-08,1.50515272e-08,1.50000000e-08,1.05573149e-15,1.50000000e-08,-5.63689403e-16,1.50000000e-08,1.49464692e-18,1.50000000e-08,3.06440875e-16,1.50000000e-08,4.58943437e-16,1.50000000e-08,-6.67122860e-19,1.50000000e-08,6.63165748e-09,1.50000000e-08,7.55748513e-01,1.50000000e-08,3.40227080e-02,1.50000000e-08,5.75039691e-01,1.50000000e-08,5.75039687e-01,1.50000000e-08,1.50791865e+08,1.50000000e-08,4.12433081e+08,1.50000000e-08,6.56407636e+07,1.50000000e-08,2.89285324e+01,1.0,.300,sky130
2.00000000e-08,5.70690445e-07,2.00000000e-08,2.01171326e-08,2.00000000e-08,1.08247650e-15,2.00000000e-08,-5.99917115e-16,2.00000000e-08,1.59035124e-18,2.00000000e-08,3.24210571e-16,2.00000000e-08,4.85572427e-16,2.00000000e-08,-7.08241224e-19,2.00000000e-08,8.74914627e-09,2.00000000e-08,7.55712707e-01,2.00000000e-08,3.42204893e-02,2.00000000e-08,5.85012542e-01,2.00000000e-08,5.85012536e-01,2.00000000e-08,1.14296866e+08,2.00000000e-08,5.27208163e+08,2.00000000e-08,8.39077851e+07,2.00000000e-08,2.83683791e+01,1.0,.300,sky130
2.50000000e-08,6.99494376e-07,2.50000000e-08,2.50505135e-08,2.50000000e-08,1.10337438e-15,2.50000000e-08,-6.28138138e-16,2.50000000e-08,1.66456048e-18,2.50000000e-08,3.37975276e-16,2.50000000e-08,5.06200313e-16,2.50000000e-08,-7.39847551e-19,2.50000000e-08,1.07797020e-08,2.50000000e-08,7.55685155e-01,2.50000000e-08,3.44106614e-02,2.50000000e-08,5.92686707e-01,2.50000000e-08,5.92686699e-01,2.50000000e-08,9.27669432e+07,2.50000000e-08,6.33959236e+08,2.50000000e-08,1.00897746e+08,2.50000000e-08,2.79233548e+01,1.0,.300,sky130
3.00000000e-08,8.26797286e-07,3.00000000e-08,3.00167339e-08,3.00000000e-08,1.12101987e-15,3.00000000e-08,-6.51914074e-16,3.00000000e-08,1.72684223e-18,3.00000000e-08,3.49521151e-16,3.00000000e-08,5.23503464e-16,3.00000000e-08,-7.66186042e-19,3.00000000e-08,1.27966868e-08,3.00000000e-08,7.55662098e-01,3.00000000e-08,3.45998440e-02,3.00000000e-08,5.99108711e-01,3.00000000e-08,5.99108702e-01,3.00000000e-08,7.81452271e+07,3.00000000e-08,7.37540262e+08,3.00000000e-08,1.17383178e+08,3.00000000e-08,2.75445453e+01,1.0,.300,sky130
3.50000000e-08,9.52789587e-07,3.50000000e-08,3.50092500e-08,3.50000000e-08,1.13630589e-15,3.50000000e-08,-6.72474838e-16,3.50000000e-08,1.78052199e-18,3.50000000e-08,3.59469330e-16,3.50000000e-08,5.38412552e-16,3.50000000e-08,-7.88747905e-19,3.50000000e-08,1.48000941e-08,3.50000000e-08,7.55642231e-01,3.50000000e-08,3.47878859e-02,3.50000000e-08,6.04642222e-01,3.50000000e-08,6.04642212e-01,3.50000000e-08,6.75671381e+07,3.50000000e-08,8.38497450e+08,3.50000000e-08,1.33451014e+08,3.50000000e-08,2.72153670e+01,1.0,.300,sky130
4.00000000e-08,1.07719058e-06,4.00000000e-08,4.00058274e-08,4.00000000e-08,1.14975207e-15,4.00000000e-08,-6.90535244e-16,4.00000000e-08,1.82753361e-18,4.00000000e-08,3.68180495e-16,4.00000000e-08,5.51467997e-16,4.00000000e-08,-8.08400221e-19,4.00000000e-08,1.67831401e-08,4.00000000e-08,7.55624808e-01,4.00000000e-08,3.49740431e-02,4.00000000e-08,6.09495051e-01,4.00000000e-08,6.09495039e-01,4.00000000e-08,5.95836057e+07,4.00000000e-08,9.36889447e+08,4.00000000e-08,1.49110587e+08,4.00000000e-08,2.69258419e+01,1.0,.300,sky130
4.50000000e-08,1.20015682e-06,4.50000000e-08,4.50036334e-08,4.50000000e-08,1.16175404e-15,4.50000000e-08,-7.06636797e-16,4.50000000e-08,1.86933369e-18,4.50000000e-08,3.75925718e-16,4.50000000e-08,5.63075973e-16,4.50000000e-08,-8.25789019e-19,4.50000000e-08,1.87465142e-08,4.50000000e-08,7.55609278e-01,4.50000000e-08,3.51583021e-02,4.50000000e-08,6.13820551e-01,4.50000000e-08,6.13820538e-01,4.50000000e-08,5.33432504e+07,4.50000000e-08,1.03305586e+09,4.50000000e-08,1.64415947e+08,4.50000000e-08,2.66679983e+01,1.0,.300,sky130
5.00000000e-08,1.32186009e-06,5.00000000e-08,5.00023122e-08,5.00000000e-08,1.17259419e-15,5.00000000e-08,-7.21165116e-16,5.00000000e-08,1.90695696e-18,5.00000000e-08,3.82897314e-16,5.00000000e-08,5.73524648e-16,5.00000000e-08,-8.41370966e-19,5.00000000e-08,2.06915583e-08,5.00000000e-08,7.55595256e-01,5.00000000e-08,3.53407310e-02,5.00000000e-08,6.17726275e-01,5.00000000e-08,6.17726261e-01,5.00000000e-08,4.83288879e+07,5.00000000e-08,1.12729544e+09,5.00000000e-08,1.79414642e+08,5.00000000e-08,2.64359793e+01,1.0,.300,sky130
5.50000000e-08,1.44243709e-06,5.50000000e-08,5.50014849e-08,5.50000000e-08,1.18247817e-15,5.50000000e-08,-7.34400473e-16,5.50000000e-08,1.94115415e-18,5.50000000e-08,3.89234682e-16,5.50000000e-08,5.83022905e-16,5.50000000e-08,-8.55476230e-19,5.50000000e-08,2.26193569e-08,5.50000000e-08,7.55582463e-01,5.50000000e-08,3.55213883e-02,5.50000000e-08,6.21289469e-01,5.50000000e-08,6.21289453e-01,5.50000000e-08,4.42099218e+07,5.50000000e-08,1.21984247e+09,5.50000000e-08,1.94143959e+08,5.50000000e-08,2.62254209e+01,1.0,.300,sky130
6.00000000e-08,1.56200277e-06,6.00000000e-08,6.00009419e-08,6.00000000e-08,1.19156089e-15,6.00000000e-08,-7.46553692e-16,6.00000000e-08,1.97248905e-18,6.00000000e-08,3.95042422e-16,6.00000000e-08,5.91727480e-16,6.00000000e-08,-8.68351935e-19,6.00000000e-08,2.45308745e-08,6.00000000e-08,7.55570693e-01,6.00000000e-08,3.57003317e-02,6.00000000e-08,6.24567650e-01,6.00000000e-08,6.24567633e-01,6.00000000e-08,4.07649552e+07,6.00000000e-08,1.31088792e+09,6.00000000e-08,2.08634292e+08,6.00000000e-08,2.60329708e+01,1.0,.300,sky130
6.50000000e-08,1.68065441e-06,6.50000000e-08,6.50005672e-08,6.50000000e-08,1.19996206e-15,6.50000000e-08,-7.57787456e-16,6.50000000e-08,2.00139603e-18,6.50000000e-08,4.00401063e-16,6.50000000e-08,5.99759046e-16,6.50000000e-08,-8.80187898e-19,6.50000000e-08,2.64269680e-08,6.50000000e-08,7.55559789e-01,6.50000000e-08,3.58776164e-02,6.50000000e-08,6.27604821e-01,6.50000000e-08,6.27604802e-01,6.50000000e-08,3.78401336e+07,6.50000000e-08,1.40058963e+09,6.50000000e-08,2.22910763e+08,6.50000000e-08,2.58559961e+01,1.0,.300,sky130
7.00000000e-08,1.79847506e-06,7.00000000e-08,7.00003024e-08,7.00000000e-08,1.20777617e-15,7.00000000e-08,-7.68230006e-16,7.00000000e-08,2.02821702e-18,7.00000000e-08,4.05373962e-16,7.00000000e-08,6.07212541e-16,7.00000000e-08,-8.91133125e-19,7.00000000e-08,2.83084026e-08,7.00000000e-08,7.55549627e-01,7.00000000e-08,3.60532951e-02,7.00000000e-08,6.30435409e-01,7.00000000e-08,6.30435389e-01,7.00000000e-08,3.53252005e+07,7.00000000e-08,1.48907977e+09,7.00000000e-08,2.36994405e+08,7.00000000e-08,2.56923898e+01,1.0,.300,sky130
7.50000000e-08,1.91553571e-06,7.50000000e-08,7.50001085e-08,7.50000000e-08,1.21507913e-15,7.50000000e-08,-7.77984252e-16,7.50000000e-08,2.05322601e-18,7.50000000e-08,4.10011864e-16,7.50000000e-08,6.14164007e-16,7.50000000e-08,-9.01306714e-19,7.50000000e-08,3.01758589e-08,7.50000000e-08,7.55540108e-01,7.50000000e-08,3.62274169e-02,7.50000000e-08,6.33086864e-01,7.50000000e-08,6.33086842e-01,7.50000000e-08,3.31390733e+07,7.50000000e-08,1.57646993e+09,7.50000000e-08,2.50902982e+08,7.50000000e-08,2.55404391e+01,1.0,.300,sky130
8.00000000e-08,2.03189769e-06,8.00000000e-08,7.99999635e-08,8.00000000e-08,1.22193287e-15,8.00000000e-08,-7.87134084e-16,8.00000000e-08,2.07664611e-18,8.00000000e-08,4.14356064e-16,8.00000000e-08,6.20675327e-16,8.00000000e-08,-9.10805399e-19,8.00000000e-08,3.20299490e-08,8.00000000e-08,7.55531152e-01,8.00000000e-08,3.64000282e-02,8.00000000e-08,6.35581434e-01,8.00000000e-08,6.35581411e-01,8.00000000e-08,3.12207803e+07,8.00000000e-08,1.66285542e+09,8.00000000e-08,2.64651659e+08,8.00000000e-08,2.53987328e+01,1.0,.300,sky130
8.50000000e-08,2.14761428e-06,8.50000000e-08,8.49998539e-08,8.50000000e-08,1.22838863e-15,8.50000000e-08,-7.95748814e-16,8.50000000e-08,2.09866141e-18,8.50000000e-08,4.18440630e-16,8.50000000e-08,6.26797549e-16,8.50000000e-08,-9.19708823e-19,8.50000000e-08,3.38712255e-08,8.50000000e-08,7.55522693e-01,8.50000000e-08,3.65711726e-02,8.50000000e-08,6.37937409e-01,8.50000000e-08,6.37937385e-01,8.50000000e-08,2.95235849e+07,8.50000000e-08,1.74831827e+09,8.50000000e-08,2.78253495e+08,8.50000000e-08,2.52660937e+01,1.0,.300,sky130
9.00000000e-08,2.26273191e-06,9.00000000e-08,8.99997680e-08,9.00000000e-08,1.23448924e-15,9.00000000e-08,-8.03886384e-16,9.00000000e-08,2.11942563e-18,9.00000000e-08,4.22293996e-16,9.00000000e-08,6.32573285e-16,9.00000000e-08,-9.28083345e-19,9.00000000e-08,3.57001893e-08,9.00000000e-08,7.55514678e-01,9.00000000e-08,3.67408909e-02,9.00000000e-08,6.40170014e-01,9.00000000e-08,6.40169988e-01,9.00000000e-08,2.80110560e+07,9.00000000e-08,1.83292962e+09,9.00000000e-08,2.91719810e+08,9.00000000e-08,2.51415304e+01,1.0,.300,sky130
9.50000000e-08,2.37729147e-06,9.50000000e-08,9.49997007e-08,9.50000000e-08,1.24027097e-15,9.50000000e-08,-8.11595751e-16,9.50000000e-08,2.13906851e-18,9.50000000e-08,4.25940156e-16,9.50000000e-08,6.38038491e-16,9.50000000e-08,-9.35984857e-19,9.50000000e-08,3.75172990e-08,9.50000000e-08,7.55507059e-01,9.50000000e-08,3.69092220e-02,9.50000000e-08,6.42292058e-01,9.50000000e-08,6.42292030e-01,9.50000000e-08,2.66543708e+07,9.50000000e-08,1.91675169e+09,9.50000000e-08,3.05060506e+08,9.50000000e-08,2.50241996e+01,1.0,.300,sky130
1.00000000e-07,2.49132238e-06,1.00000000e-07,9.99993547e-08,1.00000000e-07,1.24576440e-15,1.00000000e-07,-8.18918241e-16,1.00000000e-07,2.15769951e-18,1.00000000e-07,4.29399343e-16,1.00000000e-07,6.43223486e-16,1.00000000e-07,-9.43460449e-19,1.00000000e-07,3.93228697e-08,1.00000000e-07,7.55499799e-01,1.00000000e-07,3.70761927e-02,1.00000000e-07,6.44314312e-01,1.00000000e-07,6.44314283e-01,1.00000000e-07,2.54304939e+07,1.00000000e-07,1.99983430e+09,1.00000000e-07,3.18283514e+08,1.00000000e-07,2.49133846e+01,1.0,.300,sky130
1.50000000e-07,3.61904864e-06,1.50000000e-07,1.50473276e-07,1.50000000e-07,1.28968688e-15,1.50000000e-07,-8.77386641e-16,1.50000000e-07,2.30551517e-18,1.50000000e-07,4.56880106e-16,1.50000000e-07,6.84416095e-16,1.50000000e-07,-1.00209079e-18,1.50000000e-07,5.69856761e-08,1.50000000e-07,7.55440795e-01,1.50000000e-07,3.86932597e-02,1.50000000e-07,6.60749541e-01,1.50000000e-07,6.60749497e-01,1.50000000e-07,1.75482695e+07,1.50000000e-07,2.80614520e+09,1.50000000e-07,4.46611879e+08,1.50000000e-07,2.40511055e+01,1.0,.300,sky130
2.00000000e-07,4.71800711e-06,2.00000000e-07,2.01080094e-07,2.00000000e-07,1.32078497e-15,2.00000000e-07,-9.18712790e-16,2.00000000e-07,2.40891528e-18,2.00000000e-07,4.76152022e-16,2.00000000e-07,7.13305701e-16,2.00000000e-07,-1.04233422e-18,2.00000000e-07,7.38357089e-08,2.00000000e-07,7.55397656e-01,2.00000000e-07,4.02072238e-02,2.00000000e-07,6.72765656e-01,2.00000000e-07,6.72765598e-01,2.00000000e-07,1.35435823e+07,2.00000000e-07,3.57212356e+09,2.00000000e-07,5.68521122e+08,2.00000000e-07,2.34633225e+01,1.0,.300,sky130
2.50000000e-07,5.76817776e-06,2.50000000e-07,2.50475966e-07,2.50000000e-07,1.34415146e-15,2.50000000e-07,-9.49734797e-16,2.50000000e-07,2.48590073e-18,2.50000000e-07,4.90533979e-16,2.50000000e-07,7.34866035e-16,2.50000000e-07,-1.07184432e-18,2.50000000e-07,8.96151800e-08,2.50000000e-07,7.55364253e-01,2.50000000e-07,4.15997360e-02,2.50000000e-07,6.82070382e-01,2.50000000e-07,6.82070309e-01,2.50000000e-07,1.11588238e+07,2.50000000e-07,4.29131532e+09,2.50000000e-07,6.82984045e+08,2.50000000e-07,2.30288672e+01,1.0,.300,sky130
3.00000000e-07,6.80616804e-06,3.00000000e-07,3.00167124e-07,3.00000000e-07,1.36320212e-15,3.00000000e-07,-9.75012648e-16,3.00000000e-07,2.54820373e-18,3.00000000e-07,5.02197539e-16,3.00000000e-07,7.52351860e-16,3.00000000e-07,-1.09541960e-18,3.00000000e-07,1.04931104e-07,3.00000000e-07,7.55336256e-01,3.00000000e-07,4.29288428e-02,3.00000000e-07,6.89869464e-01,3.00000000e-07,6.89869377e-01,3.00000000e-07,9.53006273e+06,3.00000000e-07,4.99277984e+09,3.00000000e-07,7.94625591e+08,3.00000000e-07,2.26745952e+01,1.0,.300,sky130
3.50000000e-07,7.83271375e-06,3.50000000e-07,3.50094986e-07,3.50000000e-07,1.37921707e-15,3.50000000e-07,-9.96255211e-16,3.50000000e-07,2.60024761e-18,3.50000000e-07,5.11959501e-16,3.50000000e-07,7.66987359e-16,3.50000000e-07,-1.11488720e-18,3.50000000e-07,1.19834550e-07,3.50000000e-07,7.55312104e-01,3.50000000e-07,4.42018905e-02,3.50000000e-07,6.96597398e-01,3.50000000e-07,6.96597296e-01,3.50000000e-07,8.34483877e+06,3.50000000e-07,5.67910150e+09,3.50000000e-07,9.03857077e+08,3.50000000e-07,2.23731103e+01,1.0,.300,sky130
4.00000000e-07,8.84504796e-06,4.00000000e-07,4.00061421e-07,4.00000000e-07,1.39294595e-15,4.00000000e-07,-1.01446192e-15,4.00000000e-07,2.64461497e-18,4.00000000e-07,5.20296615e-16,4.00000000e-07,7.79487074e-16,4.00000000e-07,-1.13131056e-18,4.00000000e-07,1.34322318e-07,4.00000000e-07,7.55290895e-01,4.00000000e-07,4.54212500e-02,4.00000000e-07,7.02505829e-01,4.00000000e-07,7.02505713e-01,4.00000000e-07,7.44477922e+06,4.00000000e-07,6.34988597e+09,4.00000000e-07,1.01061574e+09,4.00000000e-07,2.21092250e+01,1.0,.300,sky130
4.50000000e-07,9.84361969e-06,4.50000000e-07,4.50040159e-07,4.50000000e-07,1.40492519e-15,4.50000000e-07,-1.03034685e-15,4.50000000e-07,2.68313663e-18,4.50000000e-07,5.27547455e-16,4.50000000e-07,7.90358471e-16,4.50000000e-07,-1.14543351e-18,4.50000000e-07,1.48433546e-07,4.50000000e-07,7.55271966e-01,4.50000000e-07,4.65925765e-02,4.50000000e-07,7.07779042e-01,4.50000000e-07,7.07778912e-01,4.50000000e-07,6.73702157e+06,4.50000000e-07,7.00650806e+09,4.50000000e-07,1.11512039e+09,4.50000000e-07,2.18727584e+01,1.0,.300,sky130
5.00000000e-07,1.08290959e-05,5.00000000e-07,5.00027350e-07,5.00000000e-07,1.41552826e-15,5.00000000e-07,-1.04440668e-15,5.00000000e-07,2.71708052e-18,5.00000000e-07,5.33946710e-16,5.00000000e-07,7.99953323e-16,5.00000000e-07,-1.15776733e-18,5.00000000e-07,1.62205306e-07,5.00000000e-07,7.55254853e-01,5.00000000e-07,4.77209655e-02,5.00000000e-07,7.12546611e-01,5.00000000e-07,7.12546466e-01,5.00000000e-07,6.16502645e+06,5.00000000e-07,7.65021527e+09,5.00000000e-07,1.21756958e+09,5.00000000e-07,2.16570072e+01,1.0,.300,sky130
5.50000000e-07,1.18019991e-05,5.50000000e-07,5.50019330e-07,5.50000000e-07,1.42502227e-15,5.50000000e-07,-1.05699634e-15,5.50000000e-07,2.74734972e-18,5.50000000e-07,5.39661668e-16,5.50000000e-07,8.08522376e-16,5.50000000e-07,-1.16867405e-18,5.50000000e-07,1.75668181e-07,5.50000000e-07,7.55239220e-01,5.50000000e-07,4.88106488e-02,5.50000000e-07,7.16901894e-01,5.50000000e-07,7.16901735e-01,5.50000000e-07,5.69255054e+06,5.50000000e-07,8.28197520e+09,5.50000000e-07,1.31811729e+09,5.50000000e-07,2.14574260e+01,1.0,.300,sky130
6.00000000e-07,1.27627882e-05,6.00000000e-07,6.00014053e-07,6.00000000e-07,1.43360487e-15,6.00000000e-07,-1.06837833e-15,6.00000000e-07,2.77460999e-18,6.00000000e-07,5.44815742e-16,6.00000000e-07,8.16250620e-16,6.00000000e-07,-1.17841907e-18,6.00000000e-07,1.88848205e-07,6.00000000e-07,7.55224817e-01,6.00000000e-07,4.98652189e-02,6.00000000e-07,7.20914533e-01,6.00000000e-07,7.20914359e-01,6.00000000e-07,5.29525817e+06,6.00000000e-07,8.90258429e+09,6.00000000e-07,1.41689030e+09,6.00000000e-07,2.12708155e+01,1.0,.300,sky130
6.50000000e-07,1.37118763e-05,6.50000000e-07,6.50010445e-07,6.50000000e-07,1.44142623e-15,6.50000000e-07,-1.07875195e-15,6.50000000e-07,2.79936535e-18,6.50000000e-07,5.49502441e-16,6.50000000e-07,8.23278219e-16,6.50000000e-07,-1.18720228e-18,6.50000000e-07,2.01767756e-07,6.50000000e-07,7.55211453e-01,6.50000000e-07,5.08877524e-02,6.50000000e-07,7.24637865e-01,6.50000000e-07,7.24637676e-01,6.50000000e-07,4.95619329e+06,6.50000000e-07,9.51271454e+09,6.50000000e-07,1.51399554e+09,6.50000000e-07,2.10948553e+01,1.0,.300,sky130
7.00000000e-07,1.46496388e-05,7.00000000e-07,7.00007900e-07,7.00000000e-07,1.44860296e-15,7.00000000e-07,-1.08827190e-15,7.00000000e-07,2.82200596e-18,7.00000000e-07,5.53794198e-16,7.00000000e-07,8.29713749e-16,7.00000000e-07,-1.19517767e-18,7.00000000e-07,2.14446213e-07,7.00000000e-07,7.55198978e-01,7.00000000e-07,5.18809041e-02,7.00000000e-07,7.28113636e-01,7.00000000e-07,7.28113433e-01,7.00000000e-07,4.66317398e+06,7.00000000e-07,1.01129427e+10,7.00000000e-07,1.60952482e+09,7.00000000e-07,2.09278192e+01,1.0,.300,sky130
7.50000000e-07,1.55764209e-05,7.50000000e-07,7.50006058e-07,7.50000000e-07,1.45522730e-15,7.50000000e-07,-1.09706053e-15,7.50000000e-07,2.84283958e-18,7.50000000e-07,5.57748194e-16,7.50000000e-07,8.35642923e-16,7.50000000e-07,-1.20246616e-18,7.50000000e-07,2.26900488e-07,7.50000000e-07,7.55187272e-01,7.50000000e-07,5.28469814e-02,7.50000000e-07,7.31375135e-01,7.50000000e-07,7.31374918e-01,7.50000000e-07,4.40721838e+06,7.50000000e-07,1.07037717e+10,7.50000000e-07,1.70355818e+09,7.50000000e-07,2.07683934e+01,1.0,.300,sky130
8.00000000e-07,1.64925431e-05,8.00000000e-07,8.00004692e-07,8.00000000e-07,1.46137344e-15,8.00000000e-07,-1.10521616e-15,8.00000000e-07,2.86211303e-18,8.00000000e-07,5.61410311e-16,8.00000000e-07,8.41134522e-16,8.00000000e-07,-1.20916433e-18,8.00000000e-07,2.39145452e-07,8.00000000e-07,7.55176238e-01,8.00000000e-07,5.37880046e-02,8.00000000e-07,7.34449333e-01,8.00000000e-07,7.34449101e-01,8.00000000e-07,4.18155558e+06,8.00000000e-07,1.12856458e+10,8.00000000e-07,1.79616632e+09,8.00000000e-07,2.06155580e+01,1.0,.300,sky130
8.50000000e-07,1.73983057e-05,8.50000000e-07,8.50003662e-07,8.50000000e-07,1.46710186e-15,8.50000000e-07,-1.11281894e-15,8.50000000e-07,2.88002701e-18,8.50000000e-07,5.64817894e-16,8.50000000e-07,8.46244524e-16,8.50000000e-07,-1.21535037e-18,8.50000000e-07,2.51194276e-07,8.50000000e-07,7.55165798e-01,8.50000000e-07,5.47057539e-02,8.50000000e-07,7.37358389e-01,8.50000000e-07,7.37358142e-01,8.50000000e-07,3.98098244e+06,8.50000000e-07,1.18589623e+10,8.50000000e-07,1.88741248e+09,8.50000000e-07,2.04685067e+01,1.0,.300,sky130
9.00000000e-07,1.82939910e-05,9.00000000e-07,9.00002870e-07,9.00000000e-07,1.47246248e-15,9.00000000e-07,-1.11993504e-15,9.00000000e-07,2.89674686e-18,9.00000000e-07,5.68001718e-16,9.00000000e-07,8.51019066e-16,9.00000000e-07,-1.22108848e-18,9.00000000e-07,2.63058694e-07,9.00000000e-07,7.55155884e-01,9.00000000e-07,5.56018080e-02,9.00000000e-07,7.40120730e-01,9.00000000e-07,7.40120469e-01,9.00000000e-07,3.80143300e+06,9.00000000e-07,1.24240795e+10,9.00000000e-07,1.97735367e+09,9.00000000e-07,2.03265918e+01,1.0,.300,sky130
9.50000000e-07,1.91798665e-05,9.50000000e-07,9.50002250e-07,9.50000000e-07,1.47749699e-15,9.50000000e-07,-1.12661966e-15,9.50000000e-07,2.91241025e-18,9.50000000e-07,5.70987429e-16,9.50000000e-07,8.55496591e-16,9.50000000e-07,-1.22643188e-18,9.50000000e-07,2.74749224e-07,9.50000000e-07,7.55146441e-01,9.50000000e-07,5.64775738e-02,9.50000000e-07,7.42751848e-01,9.50000000e-07,7.42751573e-01,9.50000000e-07,3.63968271e+06,9.50000000e-07,1.29813235e+10,9.50000000e-07,2.06604181e+09,9.50000000e-07,2.01892853e+01,1.0,.300,sky130
1.00000000e-06,2.00561423e-05,1.00000000e-06,9.99999255e-07,1.00000000e-06,1.48224028e-15,1.00000000e-06,-1.13291900e-15,1.00000000e-06,2.92713222e-18,1.00000000e-06,5.73796472e-16,1.00000000e-06,8.59709247e-16,1.00000000e-06,-1.23142498e-18,1.00000000e-06,2.86274770e-07,1.00000000e-06,7.55137423e-01,1.00000000e-06,5.73342701e-02,1.00000000e-06,7.45264768e-01,1.00000000e-06,7.45264478e-01,1.00000000e-06,3.49314751e+06,1.00000000e-06,1.35309657e+10,1.00000000e-06,2.15352007e+09,1.00000000e-06,2.00561572e+01,1.0,.300,sky130
1.50000000e-06,2.83998159e-05,1.50000000e-06,1.50365477e-06,1.50000000e-06,1.51882228e-15,1.50000000e-06,-1.18156268e-15,1.50000000e-06,3.03946482e-18,1.50000000e-06,5.95327241e-16,1.50000000e-06,8.92000991e-16,1.50000000e-06,-1.26850089e-18,1.50000000e-06,3.94807488e-07,1.50000000e-06,7.55063338e-01,1.50000000e-06,6.51122306e-02,1.50000000e-06,7.65910478e-01,1.50000000e-06,7.65910043e-01,1.50000000e-06,2.53288002e+06,1.50000000e-06,1.86985774e+10,1.50000000e-06,2.97597102e+09,1.50000000e-06,1.88871916e+01,1.0,.300,sky130
2.00000000e-06,3.59907026e-05,2.00000000e-06,2.00732668e-06,2.00000000e-06,1.54351407e-15,2.00000000e-06,-1.21448333e-15,2.00000000e-06,3.11398380e-18,2.00000000e-06,6.09718010e-16,2.00000000e-06,9.13587144e-16,2.00000000e-06,-1.29194418e-18,2.00000000e-06,4.92946185e-07,2.00000000e-06,7.55007812e-01,2.00000000e-06,7.17699619e-02,2.00000000e-06,7.81386858e-01,2.00000000e-06,7.81386278e-01,2.00000000e-06,2.02861901e+06,2.00000000e-06,2.33173790e+10,2.00000000e-06,3.71107613e+09,2.00000000e-06,1.79296688e+01,1.0,.300,sky130
2.50000000e-06,4.28576161e-05,2.50000000e-06,2.50278516e-06,2.50000000e-06,1.56170213e-15,2.50000000e-06,-1.23879949e-15,2.50000000e-06,3.16813586e-18,2.50000000e-06,6.20238592e-16,2.50000000e-06,9.29369847e-16,2.50000000e-06,-1.30828624e-18,2.50000000e-06,5.82216519e-07,2.50000000e-06,7.54963276e-01,2.50000000e-06,7.75774837e-02,2.50000000e-06,7.93802450e-01,2.50000000e-06,7.93801725e-01,2.50000000e-06,1.71757408e+06,2.50000000e-06,2.74428877e+10,2.50000000e-06,4.36767123e+09,2.50000000e-06,1.71239693e+01,1.0,.300,sky130
3.00000000e-06,4.92598174e-05,3.00000000e-06,3.00095047e-06,3.00000000e-06,1.57624485e-15,3.00000000e-06,-1.25829579e-15,3.00000000e-06,3.21094782e-18,3.00000000e-06,6.28598084e-16,3.00000000e-06,9.41911840e-16,3.00000000e-06,-1.32072694e-18,3.00000000e-06,6.66388318e-07,3.00000000e-06,7.54924973e-01,3.00000000e-06,8.28702253e-02,3.00000000e-06,8.04482000e-01,3.00000000e-06,8.04481130e-01,3.00000000e-06,1.50062655e+06,3.00000000e-06,3.12513741e+10,3.00000000e-06,4.97381067e+09,3.00000000e-06,1.64147386e+01,1.0,.300,sky130
3.50000000e-06,5.52488765e-05,3.50000000e-06,3.50050916e-06,3.50000000e-06,1.58828524e-15,3.50000000e-06,-1.27448233e-15,3.50000000e-06,3.24604457e-18,3.50000000e-06,6.35481349e-16,3.50000000e-06,9.52240003e-16,3.50000000e-06,-1.33056850e-18,3.50000000e-06,7.46274787e-07,3.50000000e-06,7.54891132e-01,3.50000000e-06,8.77500634e-02,3.50000000e-06,8.13919009e-01,3.50000000e-06,8.13917994e-01,3.50000000e-06,1.33998899e+06,3.50000000e-06,3.47852357e+10,3.50000000e-06,5.53624221e+09,3.50000000e-06,1.57830973e+01,1.0,.300,sky130
4.00000000e-06,6.08674798e-05,4.00000000e-06,4.00030157e-06,4.00000000e-06,1.59850346e-15,4.00000000e-06,-1.28825751e-15,4.00000000e-06,3.27556816e-18,4.00000000e-06,6.41294257e-16,4.00000000e-06,9.60962913e-16,4.00000000e-06,-1.33856967e-18,4.00000000e-06,8.22447274e-07,4.00000000e-06,7.54860668e-01,4.00000000e-06,9.22868584e-02,4.00000000e-06,8.22415180e-01,4.00000000e-06,8.22414020e-01,4.00000000e-06,1.21588342e+06,4.00000000e-06,3.80777904e+10,4.00000000e-06,6.06026857e+09,4.00000000e-06,1.52157228e+01,1.0,.300,sky130
4.50000000e-06,6.61607045e-05,4.50000000e-06,4.50018547e-06,4.50000000e-06,1.60735106e-15,4.50000000e-06,-1.30021825e-15,4.50000000e-06,3.30092810e-18,4.50000000e-06,6.46304902e-16,4.50000000e-06,9.68482592e-16,4.50000000e-06,-1.34521960e-18,4.50000000e-06,8.95455029e-07,4.50000000e-06,7.54832822e-01,4.50000000e-06,9.65384548e-02,4.50000000e-06,8.30182036e-01,4.50000000e-06,8.30180731e-01,4.50000000e-06,1.11675067e+06,4.50000000e-06,4.11613281e+10,4.50000000e-06,6.55102884e+09,4.50000000e-06,1.47017728e+01,1.0,.300,sky130
5.00000000e-06,7.11663472e-05,5.00000000e-06,5.00012018e-06,5.00000000e-06,1.61513292e-15,5.00000000e-06,-1.31076762e-15,5.00000000e-06,3.32307046e-18,5.00000000e-06,6.50693695e-16,5.00000000e-06,9.75069582e-16,5.00000000e-06,-1.35084229e-18,5.00000000e-06,9.65729801e-07,5.00000000e-06,7.54807068e-01,5.00000000e-06,1.00548569e-01,5.00000000e-06,8.37366482e-01,5.00000000e-06,8.37365032e-01,5.00000000e-06,1.03548632e+06,5.00000000e-06,4.40622233e+10,5.00000000e-06,7.01272064e+09,5.00000000e-06,1.42329273e+01,1.0,.300,sky130
5.50000000e-06,7.59158740e-05,5.50000000e-06,5.50008132e-06,5.50000000e-06,1.62206344e-15,5.50000000e-06,-1.32018915e-15,5.50000000e-06,3.34265730e-18,5.50000000e-06,6.54587170e-16,5.50000000e-06,9.80913638e-16,5.50000000e-06,-1.35566184e-18,5.50000000e-06,1.03361257e-06,5.50000000e-06,7.54783025e-01,5.50000000e-06,1.04350834e-01,5.50000000e-06,8.44074238e-01,5.50000000e-06,8.44072643e-01,5.50000000e-06,9.67480498e+05,5.50000000e-06,4.68020375e+10,5.50000000e-06,7.44877562e+09,5.50000000e-06,1.38026821e+01,1.0,.300,sky130
6.00000000e-06,8.04358057e-05,6.00000000e-06,6.00005697e-06,6.00000000e-06,1.62829898e-15,6.00000000e-06,-1.32868965e-15,6.00000000e-06,3.36016918e-18,6.00000000e-06,6.58077367e-16,6.00000000e-06,9.86152790e-16,6.00000000e-06,-1.35983917e-18,6.00000000e-06,1.09937875e-06,6.00000000e-06,7.54760411e-01,6.00000000e-06,1.07971795e-01,6.00000000e-06,8.50384031e-01,6.00000000e-06,8.50382291e-01,6.00000000e-06,9.09604632e+05,6.00000000e-06,4.93986709e+10,6.00000000e-06,7.86204266e+09,6.00000000e-06,1.34058403e+01,1.0,.300,sky130
6.50000000e-06,8.47487008e-05,6.50000000e-06,6.50004106e-06,6.50000000e-06,1.63395693e-15,6.50000000e-06,-1.33642438e-15,6.50000000e-06,3.37596537e-18,6.50000000e-06,6.61233223e-16,6.50000000e-06,9.90890426e-16,6.50000000e-06,-1.36349336e-18,6.50000000e-06,1.16325448e-06,6.50000000e-06,7.54739010e-01,6.50000000e-06,1.11432819e-01,6.50000000e-06,8.56356092e-01,6.50000000e-06,8.56354207e-01,6.50000000e-06,8.59657120e+05,6.50000000e-06,5.18671571e+10,6.50000000e-06,8.25491444e+09,6.50000000e-06,1.30381793e+01,1.0,.300,sky130
7.00000000e-06,8.88739126e-05,7.00000000e-06,7.00003029e-06,7.00000000e-06,1.63912755e-15,7.00000000e-06,-1.34351280e-15,7.00000000e-06,3.39032107e-18,7.00000000e-06,6.64107652e-16,7.00000000e-06,9.95205903e-16,7.00000000e-06,-1.36671473e-18,7.00000000e-06,1.22542810e-06,7.00000000e-06,7.54718652e-01,7.00000000e-06,1.14751403e-01,7.00000000e-06,8.62037562e-01,7.00000000e-06,8.62035532e-01,7.00000000e-06,8.16041350e+05,7.00000000e-06,5.42202541e+10,7.00000000e-06,8.62942146e+09,7.00000000e-06,1.26962183e+01,1.0,.300,sky130
7.50000000e-06,9.28281779e-05,7.50000000e-06,7.50002279e-06,7.50000000e-06,1.64388174e-15,7.50000000e-06,-1.35004871e-15,7.50000000e-06,3.40345159e-18,7.50000000e-06,6.66742120e-16,7.50000000e-06,9.99161412e-16,7.50000000e-06,-1.36957331e-18,7.50000000e-06,1.28605839e-06,7.50000000e-06,7.54699202e-01,7.50000000e-06,1.17942079e-01,7.50000000e-06,8.67466050e-01,7.50000000e-06,8.67463875e-01,7.50000000e-06,7.77569670e+05,7.50000000e-06,5.64688903e+10,7.50000000e-06,8.98730303e+09,7.50000000e-06,1.23770528e+01,1.0,.300,sky130
8.00000000e-06,9.66260751e-05,8.00000000e-06,8.00001743e-06,8.00000000e-06,1.64827614e-15,8.00000000e-06,-1.35610709e-15,8.00000000e-06,3.41552839e-18,8.00000000e-06,6.69169703e-16,8.00000000e-06,1.00280656e-15,8.00000000e-06,-1.37212436e-18,8.00000000e-06,1.34528073e-06,8.00000000e-06,7.54680551e-01,8.00000000e-06,1.21017079e-01,8.00000000e-06,8.72672062e-01,8.00000000e-06,8.72669742e-01,8.00000000e-06,7.43339273e+05,8.00000000e-06,5.86225043e+10,8.00000000e-06,9.33006134e+09,8.00000000e-06,1.20782331e+01,1.0,.300,sky130
8.50000000e-06,1.00280385e-04,8.50000000e-06,8.50001351e-06,8.50000000e-06,1.65235671e-15,8.50000000e-06,-1.36174877e-15,8.50000000e-06,3.42669010e-18,8.50000000e-06,6.71417194e-16,8.50000000e-06,1.00618153e-15,8.50000000e-06,-1.37441217e-18,8.50000000e-06,1.40321162e-06,8.50000000e-06,7.54662608e-01,8.50000000e-06,1.23986805e-01,8.50000000e-06,8.77680698e-01,8.50000000e-06,8.77678233e-01,8.50000000e-06,7.12650885e+05,8.50000000e-06,6.06893082e+10,8.50000000e-06,9.65900339e+09,8.50000000e-06,1.17976736e+01,1.0,.300,sky130
9.00000000e-06,1.03802380e-04,9.00000000e-06,9.00001059e-06,9.00000000e-06,1.65616124e-15,9.00000000e-06,-1.36702381e-15,9.00000000e-06,3.43705040e-18,9.00000000e-06,6.73506589e-16,9.00000000e-06,1.00931933e-15,9.00000000e-06,-1.37647276e-18,9.00000000e-06,1.45995217e-06,9.00000000e-06,7.54645299e-01,9.00000000e-06,1.26860199e-01,9.00000000e-06,8.82512870e-01,9.00000000e-06,8.82510260e-01,9.00000000e-06,6.84953948e+05,9.00000000e-06,6.26764941e+10,9.00000000e-06,9.97527385e+09,9.00000000e-06,1.15335842e+01,1.0,.300,sky130
9.50000000e-06,1.07202053e-04,9.50000000e-06,9.50000838e-06,9.50000000e-06,1.65972119e-15,9.50000000e-06,-1.37197385e-15,9.50000000e-06,3.44670355e-18,9.50000000e-06,6.75456164e-16,9.50000000e-06,1.01224735e-15,9.50000000e-06,-1.37833576e-18,9.50000000e-06,1.51559081e-06,9.50000000e-06,7.54628561e-01,9.50000000e-06,1.29645008e-01,9.50000000e-06,8.87186195e-01,9.50000000e-06,8.87183440e-01,9.50000000e-06,6.59808699e+05,9.50000000e-06,6.45903984e+10,9.50000000e-06,1.02798812e+10,9.50000000e-06,1.12844167e+01,1.0,.300,sky130
1.00000000e-05,1.10488257e-04,1.00000000e-05,9.99999906e-06,1.00000000e-05,1.66306295e-15,1.00000000e-05,-1.37663384e-15,1.00000000e-05,3.45572845e-18,1.00000000e-05,6.77281235e-16,1.00000000e-05,1.01498857e-15,1.00000000e-05,-1.38002576e-18,1.00000000e-05,1.57020457e-06,1.00000000e-05,7.54612339e-01,1.00000000e-05,1.32347959e-01,1.00000000e-05,8.91715592e-01,1.00000000e-05,8.91712692e-01,1.00000000e-05,6.36859692e+05,1.00000000e-05,6.64366052e+10,1.00000000e-05,1.05737141e+10,1.00000000e-05,1.10488267e+01,1.0,.300,sky130
1.50000000e-05,1.38578651e-04,1.50000000e-05,1.50087990e-05,1.50000000e-05,1.68822391e-15,1.50000000e-05,-1.41224575e-15,1.50000000e-05,3.52251647e-18,1.50000000e-05,6.90847020e-16,1.50000000e-05,1.03537122e-15,1.50000000e-05,-1.39078006e-18,1.50000000e-05,2.07300526e-06,1.50000000e-05,7.54470541e-01,1.50000000e-05,1.55953549e-01,1.50000000e-05,9.31322327e-01,1.50000000e-05,9.31317977e-01,1.50000000e-05,4.82391443e+05,1.50000000e-05,8.20854689e+10,1.50000000e-05,1.30643081e+10,1.50000000e-05,9.23316058e+00,1.0,.300,sky130
2.00000000e-05,1.60717020e-04,2.00000000e-05,2.00147890e-05,2.00000000e-05,1.70454149e-15,2.00000000e-05,-1.43604969e-15,2.00000000e-05,3.56476122e-18,2.00000000e-05,6.99445369e-16,2.00000000e-05,1.04829904e-15,2.00000000e-05,-1.39573434e-18,2.00000000e-05,2.51876897e-06,2.00000000e-05,7.54352732e-01,2.00000000e-05,1.75231136e-01,2.00000000e-05,9.64247437e-01,2.00000000e-05,9.64241637e-01,2.00000000e-05,3.97019343e+05,2.00000000e-05,9.42875373e+10,2.00000000e-05,1.50063276e+10,2.00000000e-05,8.02991326e+00,1.0,.300,sky130
2.50000000e-05,1.79131418e-04,2.50000000e-05,2.50051414e-05,2.50000000e-05,1.71621234e-15,2.50000000e-05,-1.45361027e-15,2.50000000e-05,3.59456578e-18,2.50000000e-05,7.05472711e-16,2.50000000e-05,1.05736727e-15,2.50000000e-05,-1.39827755e-18,2.50000000e-05,2.92536176e-06,2.50000000e-05,7.54249402e-01,2.50000000e-05,1.91702228e-01,2.50000000e-05,9.93139890e-01,2.50000000e-05,9.93132640e-01,2.50000000e-05,3.41838063e+05,2.50000000e-05,1.04376023e+11,2.50000000e-05,1.66119600e+10,2.50000000e-05,7.16378345e+00,1.0,.300,sky130
3.00000000e-05,1.95068918e-04,3.00000000e-05,3.00020938e-05,3.00000000e-05,1.72511763e-15,3.00000000e-05,-1.46743778e-15,3.00000000e-05,3.61720433e-18,3.00000000e-05,7.09988895e-16,3.00000000e-05,1.06416635e-15,3.00000000e-05,-1.39972869e-18,3.00000000e-05,3.30444799e-06,3.00000000e-05,7.54155516e-01,3.00000000e-05,2.06247750e-01,3.00000000e-05,1.01940181e+00,3.00000000e-05,1.01939311e+00,3.00000000e-05,3.02622406e+05,3.00000000e-05,1.13075720e+11,3.00000000e-05,1.79965598e+10,3.00000000e-05,6.50184349e+00,1.0,.300,sky130
3.50000000e-05,2.09177131e-04,3.50000000e-05,3.50011083e-05,3.50000000e-05,1.73218972e-15,3.50000000e-05,-1.47877247e-15,3.50000000e-05,3.63523940e-18,3.50000000e-05,7.13516075e-16,3.50000000e-05,1.06947987e-15,3.50000000e-05,-1.40068104e-18,3.50000000e-05,3.66145653e-06,3.50000000e-05,7.54068645e-01,3.50000000e-05,2.19327399e-01,3.50000000e-05,1.04370986e+00,3.50000000e-05,1.04369971e+00,3.50000000e-05,2.73115355e+05,3.50000000e-05,1.20758788e+11,3.50000000e-05,1.92193581e+10,3.50000000e-05,5.97630023e+00,1.0,.300,sky130
4.00000000e-05,2.21871319e-04,4.00000000e-05,4.00006446e-05,4.00000000e-05,1.73797792e-15,4.00000000e-05,-1.48834747e-15,4.00000000e-05,3.65014470e-18,4.00000000e-05,7.16358977e-16,4.00000000e-05,1.07376523e-15,4.00000000e-05,-1.40143509e-18,4.00000000e-05,4.00010411e-06,4.00000000e-05,7.53987232e-01,4.00000000e-05,2.31248623e-01,4.00000000e-05,1.06649789e+00,4.00000000e-05,1.06648629e+00,4.00000000e-05,2.49993493e+05,4.00000000e-05,1.27660608e+11,4.00000000e-05,2.03178169e+10,4.00000000e-05,5.54669358e+00,1.0,.300,sky130
4.50000000e-05,2.33432672e-04,4.50000000e-05,4.50004011e-05,4.50000000e-05,1.74282924e-15,4.50000000e-05,-1.49662761e-15,4.50000000e-05,3.66282939e-18,4.50000000e-05,7.18708337e-16,4.50000000e-05,1.07730877e-15,4.50000000e-05,-1.40215006e-18,4.50000000e-05,4.32306485e-06,4.50000000e-05,7.53910210e-01,4.50000000e-05,2.42227949e-01,4.50000000e-05,1.08806293e+00,4.50000000e-05,1.08804988e+00,4.50000000e-05,2.31317372e+05,4.50000000e-05,1.33938924e+11,4.50000000e-05,2.13170418e+10,4.50000000e-05,5.18734647e+00,1.0,.300,sky130
5.00000000e-05,2.44059760e-04,5.00000000e-05,5.00002630e-05,5.00000000e-05,1.74697431e-15,5.00000000e-05,-1.50392302e-15,5.00000000e-05,3.67388386e-18,5.00000000e-05,7.20689846e-16,5.00000000e-05,1.08029922e-15,5.00000000e-05,-1.40291166e-18,5.00000000e-05,4.63232177e-06,5.00000000e-05,7.53836816e-01,5.00000000e-05,2.52423493e-01,5.00000000e-05,1.10861726e+00,5.00000000e-05,1.10860276e+00,5.00000000e-05,2.15874469e+05,5.00000000e-05,1.39704264e+11,5.00000000e-05,2.22346242e+10,5.00000000e-05,4.88116952e+00,1.0,.300,sky130
5.50000000e-05,2.53898459e-04,5.50000000e-05,5.50001790e-05,5.50000000e-05,1.75057292e-15,5.50000000e-05,-1.51044944e-15,5.50000000e-05,3.68370776e-18,5.50000000e-05,7.22389836e-16,5.50000000e-05,1.08286623e-15,5.50000000e-05,-1.40376538e-18,5.50000000e-05,4.92940041e-06,5.50000000e-05,7.53766485e-01,5.50000000e-05,2.61954741e-01,5.50000000e-05,1.12831877e+00,5.50000000e-05,1.12830282e+00,5.50000000e-05,2.02864429e+05,5.50000000e-05,1.45037351e+11,5.50000000e-05,2.30834113e+10,5.50000000e-05,4.61632060e+00,1.0,.300,sky130
6.00000000e-05,2.63059547e-04,6.00000000e-05,6.00001249e-05,6.00000000e-05,1.75373950e-15,6.00000000e-05,-1.51636207e-15,6.00000000e-05,3.69258079e-18,6.00000000e-05,7.23869613e-16,6.00000000e-05,1.08510191e-15,6.00000000e-05,-1.40473379e-18,6.00000000e-05,5.21551077e-06,6.00000000e-05,7.53698779e-01,6.00000000e-05,2.70914531e-01,6.00000000e-05,1.14728872e+00,6.00000000e-05,1.14727132e+00,6.00000000e-05,1.91735775e+05,6.00000000e-05,1.49999214e+11,6.00000000e-05,2.38731164e+10,6.00000000e-05,4.38431665e+00,1.0,.300,sky130
6.50000000e-05,2.71629509e-04,6.50000000e-05,6.50000883e-05,6.50000000e-05,1.75655822e-15,6.50000000e-05,-1.52177566e-15,6.50000000e-05,3.70070408e-18,6.50000000e-05,7.25173903e-16,6.50000000e-05,1.08707343e-15,6.50000000e-05,-1.40582622e-18,6.50000000e-05,5.49163697e-06,6.50000000e-05,7.53633358e-01,6.50000000e-05,2.79376661e-01,6.50000000e-05,1.16562267e+00,6.50000000e-05,1.16560382e+00,6.50000000e-05,1.82095067e+05,6.50000000e-05,1.54637350e+11,6.50000000e-05,2.46112987e+10,6.50000000e-05,4.17890985e+00,1.0,.300,sky130
7.00000000e-05,2.79677465e-04,7.00000000e-05,7.00000623e-05,7.00000000e-05,1.75909243e-15,7.00000000e-05,-1.52677703e-15,7.00000000e-05,3.70822566e-18,7.00000000e-05,7.26336093e-16,7.00000000e-05,1.08883099e-15,7.00000000e-05,-1.40704426e-18,7.00000000e-05,5.75859636e-06,7.00000000e-05,7.53569943e-01,7.00000000e-05,2.87400920e-01,7.00000000e-05,1.18339755e+00,7.00000000e-05,1.18337725e+00,7.00000000e-05,1.73653428e+05,7.00000000e-05,1.58989636e+11,7.00000000e-05,2.53039864e+10,7.00000000e-05,3.99538880e+00,1.0,.300,sky130
7.50000000e-05,2.87259760e-04,7.50000000e-05,7.50000430e-05,7.50000000e-05,1.76139074e-15,7.50000000e-05,-1.53143319e-15,7.50000000e-05,3.71525659e-18,7.50000000e-05,7.27381590e-16,7.50000000e-05,1.09041277e-15,7.50000000e-05,-1.40838497e-18,7.50000000e-05,6.01707976e-06,7.50000000e-05,7.53508310e-01,7.50000000e-05,2.95036533e-01,7.50000000e-05,1.20067637e+00,7.50000000e-05,1.20065462e+00,7.50000000e-05,1.66193576e+05,7.50000000e-05,1.63086903e+11,7.50000000e-05,2.59560867e+10,7.50000000e-05,3.83012794e+00,1.0,.300,sky130
8.00000000e-05,2.94423111e-04,8.00000000e-05,8.00000278e-05,8.00000000e-05,1.76349107e-15,8.00000000e-05,-1.53579672e-15,8.00000000e-05,3.72188170e-18,8.00000000e-05,7.28330060e-16,8.00000000e-05,1.09184833e-15,8.00000000e-05,-1.40984289e-18,8.00000000e-05,6.26767976e-06,8.00000000e-05,7.53448269e-01,8.00000000e-05,3.02324593e-01,8.00000000e-05,1.21751155e+00,8.00000000e-05,1.21748835e+00,8.00000000e-05,1.59548675e+05,8.00000000e-05,1.66954694e+11,8.00000000e-05,2.65716648e+10,8.00000000e-05,3.68028761e+00,1.0,.300,sky130
8.50000000e-05,3.01206816e-04,8.50000000e-05,8.50000152e-05,8.50000000e-05,1.76542344e-15,8.50000000e-05,-1.53990951e-15,8.50000000e-05,3.72816671e-18,8.50000000e-05,7.29196949e-16,8.50000000e-05,1.09316092e-15,8.50000000e-05,-1.41141121e-18,8.50000000e-05,6.51091119e-06,8.50000000e-05,7.53389663e-01,8.50000000e-05,3.09299812e-01,8.50000000e-05,1.23394724e+00,8.50000000e-05,1.23392259e+00,8.50000000e-05,1.53588334e+05,8.50000000e-05,1.70614488e+11,8.50000000e-05,2.71541392e+10,8.50000000e-05,3.54360897e+00,1.0,.300,sky130
9.00000000e-05,3.07644349e-04,9.00000000e-05,9.00000041e-05,9.00000000e-05,1.76721193e-15,9.00000000e-05,-1.54380539e-15,9.00000000e-05,3.73416326e-18,9.00000000e-05,7.29994551e-16,9.00000000e-05,1.09436901e-15,9.00000000e-05,-1.41308252e-18,9.00000000e-05,6.74722615e-06,9.00000000e-05,7.53332356e-01,9.00000000e-05,3.15991822e-01,9.00000000e-05,1.25002104e+00,9.00000000e-05,1.24999494e+00,9.00000000e-05,1.48209053e+05,9.00000000e-05,1.74084581e+11,9.00000000e-05,2.77064216e+10,9.00000000e-05,3.41827039e+00,1.0,.300,sky130
9.50000000e-05,3.13764536e-04,9.50000000e-05,9.49999938e-05,9.50000000e-05,1.76887610e-15,9.50000000e-05,-1.54751201e-15,9.50000000e-05,3.73991243e-18,9.50000000e-05,7.30732764e-16,9.50000000e-05,1.09548751e-15,9.50000000e-05,-1.41484925e-18,9.50000000e-05,6.97702543e-06,9.50000000e-05,7.53276232e-01,9.50000000e-05,3.22426154e-01,9.50000000e-05,1.26576532e+00,9.50000000e-05,1.26573777e+00,9.50000000e-05,1.43327556e+05,9.50000000e-05,1.77380731e+11,9.50000000e-05,2.82310201e+10,9.50000000e-05,3.30278480e+00,1.0,.300,sky130
1.00000000e-04,3.19592415e-04,1.00000000e-04,9.99999661e-05,1.00000000e-04,1.77043196e-15,1.00000000e-04,-1.55105217e-15,1.00000000e-04,3.74544723e-18,1.00000000e-04,7.31419645e-16,1.00000000e-04,1.09652853e-15,1.00000000e-04,-1.41670396e-18,1.00000000e-04,7.20066649e-06,1.00000000e-04,7.53221190e-01,1.00000000e-04,3.28624962e-01,1.00000000e-04,1.28120807e+00,1.00000000e-04,1.28117907e+00,1.00000000e-04,1.38876033e+05,1.00000000e-04,1.80516632e+11,1.00000000e-04,2.87301143e+10,1.00000000e-04,3.19592524e+00,1.0,.300,sky130
1.50000000e-04,3.65633403e-04,1.50000000e-04,1.50016807e-04,1.50000000e-04,1.78214409e-15,1.50000000e-04,-1.58036656e-15,1.50000000e-04,3.79316747e-18,1.50000000e-04,7.36505978e-16,1.50000000e-04,1.10424543e-15,1.50000000e-04,-1.43872308e-18,1.50000000e-04,9.15775898e-06,1.50000000e-04,7.52714915e-01,1.50000000e-04,3.81034913e-01,1.50000000e-04,1.42334130e+00,1.50000000e-04,1.42329780e+00,1.50000000e-04,1.09197021e+05,1.50000000e-04,2.05164894e+11,1.50000000e-04,3.26530071e+10,1.50000000e-04,2.43728293e+00,1.0,.300,sky130
2.00000000e-04,3.96708842e-04,2.00000000e-04,2.00022133e-04,2.00000000e-04,1.79008855e-15,2.00000000e-04,-1.60344176e-15,2.00000000e-04,3.83297509e-18,2.00000000e-04,7.39898836e-16,2.00000000e-04,1.10939858e-15,2.00000000e-04,-1.46406728e-18,2.00000000e-04,1.07303105e-05,2.00000000e-04,7.52260765e-01,2.00000000e-04,4.22297164e-01,2.00000000e-04,1.55095513e+00,2.00000000e-04,1.55089713e+00,2.00000000e-04,9.31939480e+04,2.00000000e-04,2.21614088e+11,2.00000000e-04,3.52709776e+10,2.00000000e-04,1.98332472e+00,1.0,.300,sky130
2.50000000e-04,4.18576838e-04,2.50000000e-04,2.50003511e-04,2.50000000e-04,1.79619223e-15,2.50000000e-04,-1.62331168e-15,2.50000000e-04,3.86824541e-18,2.50000000e-04,7.42488831e-16,2.50000000e-04,1.11333336e-15,2.50000000e-04,-1.49038792e-18,2.50000000e-04,1.20305614e-05,2.50000000e-04,7.51837051e-01,2.50000000e-04,4.57225811e-01,2.50000000e-04,1.67008884e+00,2.50000000e-04,1.67001634e+00,2.50000000e-04,8.31216403e+04,2.50000000e-04,2.33035659e+11,2.50000000e-04,3.70887770e+10,2.50000000e-04,1.67428384e+00,1.0,.300,sky130
3.00000000e-04,4.34251595e-04,3.00000000e-04,2.99995141e-04,3.00000000e-04,1.80119581e-15,3.00000000e-04,-1.64123178e-15,3.00000000e-04,3.90029154e-18,3.00000000e-04,7.44604345e-16,3.00000000e-04,1.11654708e-15,3.00000000e-04,-1.51664685e-18,3.00000000e-04,1.31279103e-05,3.00000000e-04,7.51432540e-01,3.00000000e-04,4.88270506e-01,3.00000000e-04,1.78386865e+00,3.00000000e-04,1.78378165e+00,3.00000000e-04,7.61735858e+04,3.00000000e-04,2.41090721e+11,3.00000000e-04,3.83707799e+10,3.00000000e-04,1.44752876e+00,1.0,.300,sky130
3.50000000e-04,4.45513130e-04,3.50000000e-04,3.49984862e-04,3.50000000e-04,1.80545793e-15,3.50000000e-04,-1.65783597e-15,3.50000000e-04,3.92978403e-18,3.50000000e-04,7.46401032e-16,3.50000000e-04,1.11927589e-15,3.50000000e-04,-1.54233994e-18,3.50000000e-04,1.40680270e-05,3.50000000e-04,7.51040966e-01,3.50000000e-04,5.16839325e-01,3.50000000e-04,1.89403559e+00,3.50000000e-04,1.89393409e+00,3.50000000e-04,7.10831731e+04,3.50000000e-04,2.46759075e+11,3.50000000e-04,3.92729266e+10,3.50000000e-04,1.27294971e+00,1.0,.300,sky130
4.00000000e-04,4.53516926e-04,4.00000000e-04,3.99966647e-04,4.00000000e-04,1.80918310e-15,4.00000000e-04,-1.67349955e-15,4.00000000e-04,3.95714939e-18,4.00000000e-04,7.47966779e-16,4.00000000e-04,1.12165329e-15,4.00000000e-04,-1.56722604e-18,4.00000000e-04,1.48835905e-05,4.00000000e-04,7.50658287e-01,4.00000000e-04,5.43840618e-01,4.00000000e-04,2.00170722e+00,4.00000000e-04,2.00159122e+00,4.00000000e-04,6.71880887e+04,4.00000000e-04,2.50674974e+11,4.00000000e-04,3.98961611e+10,4.00000000e-04,1.13388686e+00,1.0,.300,sky130
4.50000000e-04,4.59055304e-04,4.50000000e-04,4.49934270e-04,4.50000000e-04,1.81249957e-15,4.50000000e-04,-1.68846406e-15,4.50000000e-04,3.98268650e-18,4.50000000e-04,7.49356513e-16,4.50000000e-04,1.12376278e-15,4.50000000e-04,-1.59119338e-18,4.50000000e-04,1.55988056e-05,4.50000000e-04,7.50281750e-01,4.50000000e-04,5.69898880e-01,4.50000000e-04,2.10763999e+00,4.50000000e-04,2.10750949e+00,4.50000000e-04,6.41074725e+04,4.50000000e-04,2.53271952e+11,4.50000000e-04,4.03094831e+10,4.50000000e-04,1.02027193e+00,1.0,.300,sky130
5.00000000e-04,4.62694557e-04,5.00000000e-04,4.99879621e-04,5.00000000e-04,1.81549330e-15,5.00000000e-04,-1.70289413e-15,5.00000000e-04,4.00661796e-18,5.00000000e-04,7.50607033e-16,5.00000000e-04,1.12566035e-15,5.00000000e-04,-1.61419733e-18,5.00000000e-04,1.62320899e-05,5.00000000e-04,7.49909391e-01,5.00000000e-04,5.95464775e-01,5.00000000e-04,2.21236546e+00,5.00000000e-04,2.21222046e+00,5.00000000e-04,6.16063618e+04,5.00000000e-04,2.54858862e+11,5.00000000e-04,4.05620476e+10,5.00000000e-04,9.25611961e-01,1.0,.300,sky130
5.50000000e-04,4.64852776e-04,5.50000000e-04,5.49792108e-04,5.50000000e-04,1.81822479e-15,5.50000000e-04,-1.71690663e-15,5.50000000e-04,4.02911651e-18,5.50000000e-04,7.51744265e-16,5.50000000e-04,1.12738544e-15,5.50000000e-04,-1.63622939e-18,5.50000000e-04,1.67977587e-05,5.50000000e-04,7.49539762e-01,5.50000000e-04,6.20875894e-01,5.50000000e-04,2.31626623e+00,5.50000000e-04,2.31610673e+00,5.50000000e-04,5.95317519e+04,5.50000000e-04,2.55662984e+11,5.50000000e-04,4.06900277e+10,5.50000000e-04,8.45506455e-01,1.0,.300,sky130
6.00000000e-04,4.65846831e-04,6.00000000e-04,5.99658329e-04,6.00000000e-04,1.82073821e-15,6.00000000e-04,-1.73058692e-15,6.00000000e-04,4.05032031e-18,6.00000000e-04,7.52787179e-16,6.00000000e-04,1.12896695e-15,6.00000000e-04,-1.65730077e-18,6.00000000e-04,1.73071305e-05,6.00000000e-04,7.49171773e-01,6.00000000e-04,6.46392425e-01,6.00000000e-04,2.41962075e+00,6.00000000e-04,2.41944675e+00,6.00000000e-04,5.77796532e+04,6.00000000e-04,2.55856019e+11,6.00000000e-04,4.07207502e+10,6.00000000e-04,7.76853766e-01,1.0,.300,sky130
6.50000000e-04,4.65922134e-04,6.50000000e-04,6.49461913e-04,6.50000000e-04,1.82306678e-15,6.50000000e-04,-1.74399855e-15,6.50000000e-04,4.07034236e-18,6.50000000e-04,7.53750082e-16,6.50000000e-04,1.13042666e-15,6.50000000e-04,-1.67743344e-18,6.50000000e-04,1.77692814e-05,6.50000000e-04,7.48804582e-01,6.50000000e-04,6.72219173e-01,6.50000000e-04,2.52263123e+00,6.50000000e-04,2.52244273e+00,6.50000000e-04,5.62768958e+04,6.50000000e-04,2.55570525e+11,6.50000000e-04,4.06753123e+10,6.50000000e-04,7.17397163e-01,1.0,.300,sky130
7.00000000e-04,4.65272254e-04,7.00000000e-04,6.99183497e-04,7.00000000e-04,1.82523608e-15,7.00000000e-04,-1.75718938e-15,7.00000000e-04,4.08927688e-18,7.00000000e-04,7.54644031e-16,7.00000000e-04,1.13178141e-15,7.00000000e-04,-1.69665503e-18,7.00000000e-04,1.81915751e-05,7.00000000e-04,7.48437540e-01,7.00000000e-04,6.98519690e-01,7.00000000e-04,2.62544189e+00,7.00000000e-04,2.62523889e+00,7.00000000e-04,5.49705012e+04,7.00000000e-04,2.54910726e+11,7.00000000e-04,4.05703021e+10,7.00000000e-04,6.65450852e-01,1.0,.300,sky130
7.50000000e-04,4.64052254e-04,7.50000000e-04,7.48800863e-04,7.50000000e-04,1.82726621e-15,7.50000000e-04,-1.77019564e-15,7.50000000e-04,4.10720366e-18,7.50000000e-04,7.55477755e-16,7.50000000e-04,1.13304450e-15,7.50000000e-04,-1.71499595e-18,7.50000000e-04,1.85800460e-05,7.50000000e-04,7.48070137e-01,7.50000000e-04,7.25425652e-01,7.50000000e-04,2.72815148e+00,7.50000000e-04,2.72793398e+00,7.50000000e-04,5.38211801e+04,7.50000000e-04,2.53959850e+11,7.50000000e-04,4.04189655e+10,7.50000000e-04,6.19727189e-01,1.0,.300,sky130
8.00000000e-04,4.62387987e-04,8.00000000e-04,7.98289207e-04,8.00000000e-04,1.82917327e-15,8.00000000e-04,-1.78304468e-15,8.00000000e-04,4.12419126e-18,8.00000000e-04,7.56258271e-16,8.00000000e-04,1.13422663e-15,8.00000000e-04,-1.73248778e-18,8.00000000e-04,1.89396815e-05,8.00000000e-04,7.47701978e-01,8.00000000e-04,7.53043259e-01,8.00000000e-04,2.83082226e+00,8.00000000e-04,2.83059026e+00,8.00000000e-04,5.27991983e+04,8.00000000e-04,2.52785231e+11,8.00000000e-04,4.02320191e+10,8.00000000e-04,5.79223648e-01,1.0,.300,sky130
8.50000000e-04,4.60382725e-04,8.50000000e-04,8.47621551e-04,8.50000000e-04,1.83097031e-15,8.50000000e-04,-1.79575702e-15,8.50000000e-04,4.14029940e-18,8.50000000e-04,7.56991316e-16,8.50000000e-04,1.13533655e-15,8.50000000e-04,-1.74916236e-18,8.50000000e-04,1.92746345e-05,8.50000000e-04,7.47332762e-01,8.50000000e-04,7.81457750e-01,8.50000000e-04,2.93348686e+00,8.50000000e-04,2.93324036e+00,8.50000000e-04,5.18816583e+04,8.50000000e-04,2.51441938e+11,8.50000000e-04,4.00182274e+10,8.50000000e-04,5.43146554e-01,1.0,.300,sky130
9.00000000e-04,4.58121967e-04,9.00000000e-04,8.96769265e-04,9.00000000e-04,1.83266813e-15,9.00000000e-04,-1.80834777e-15,9.00000000e-04,4.15558079e-18,9.00000000e-04,7.57681651e-16,9.00000000e-04,1.13638150e-15,9.00000000e-04,-1.76505128e-18,9.00000000e-04,1.95883850e-05,9.00000000e-04,7.46962258e-01,9.00000000e-04,8.10736698e-01,9.00000000e-04,3.03615370e+00,9.00000000e-04,3.03589270e+00,9.00000000e-04,5.10506610e+04,9.00000000e-04,2.49975410e+11,9.00000000e-04,3.97848221e+10,9.00000000e-04,5.10858238e-01,1.0,.300,sky130
9.50000000e-04,4.55676989e-04,9.50000000e-04,9.45702685e-04,9.50000000e-04,1.83427573e-15,9.50000000e-04,-1.82082779e-15,9.50000000e-04,4.17008256e-18,9.50000000e-04,7.58333282e-16,9.50000000e-04,1.13736761e-15,9.50000000e-04,-1.78018572e-18,9.50000000e-04,1.98838661e-05,9.50000000e-04,7.46590305e-01,9.50000000e-04,8.40932505e-01,9.50000000e-04,3.13881159e+00,9.50000000e-04,3.13853609e+00,9.50000000e-04,5.02920305e+04,9.50000000e-04,2.48423388e+11,9.50000000e-04,3.95378101e+10,9.50000000e-04,4.81839585e-01,1.0,.300,sky130
