variant,clk_target_ns,flow_rc,runtime_s,die_area_um2,cell_area_um2,seq_area_um2,cells,flops,util,wns_ns,tns_ns,hold_wns_ns,fmax_design_mhz,reg2reg_slack_ns,fmax_mhz,power_mw_vectorless,drc_errors,antenna_violating_nets,op,cycles,latency_us_at_fmax,at_product,cycles_inv
keccak_r1,10.0,0,5488,470850,235078,80252,24707,3207,0.505739,2.00613,0,0.220835,125.096,5.69,232.01856148491882,451.688,0,0,Keccak-f[1600],25,0.10774999999999998,0.025329654499999996,
keccak_r1,20.0,0,4266,470850,234290,80252,24655,3207,0.504043,7.18454,0,0.216163,78.0308,14.48,181.1594202898551,225.516,0,0,Keccak-f[1600],25,0.13799999999999998,0.032332019999999996,
keccak_r1,7.0,0,4300,470850,237944,80252,24855,3207,0.511906,0.586238,0,0.210902,155.915,2.82,239.23444976076556,616.463,0,0,Keccak-f[1600],25,0.1045,0.024865147999999997,
keccak_s7,10.0,0,11377,454316,231333,88458.6,26178,3534,0.514782,1.32982,0,0.186294,115.338,4.46,180.50541516245488,45.7027,0,0,Keccak-f[1600],169,0.93626,0.21658783458,
keccak_s7,20.0,0,485,454316,230962,88458.6,26360,3534,0.513955,6.50191,0,0.212192,74.0846,12.32,130.20833333333334,22.9541,0,0,Keccak-f[1600],169,1.29792,0.29977019904,
keccak_s7,7.0,0,9935,454316,235517,88458.6,26366,3534,0.524092,0.159156,0,0.208627,146.181,2.09,203.66598778004072,65.9139,0,0,Keccak-f[1600],169,0.82979,0.19542965143000002,
ntt_dp,15.0,0,11593,574200,287563,117196,37741,4277,0.505305,-6.09693,-72.7045,0.141937,47.4003,-6.1,47.393364928909946,24.8651,0,0,NTT forward,4482,94.57020000000001,27.194890422600004,5762
ntt_dp,20.0,0,12322,574200,287711,117196,37734,4277,0.505565,-1.05802,-12.0367,0.12839,47.4878,-1.06,47.48338081671415,18.7639,0,0,NTT forward,4482,94.39092,27.157305984119997,5762
ntt_dp,30.0,0,8749,574200,281128,117195,37012,4277,0.493998,2.81409,0,0.113219,36.7838,2.81,36.778227289444644,12.5712,0,0,NTT forward,4482,121.86558000000002,34.259826774240004,5762
ntt_macro,20.0,0,927,293206,38804.7,3893.73,6374,155,0.490214,-0.79846,-8.33565,0.126913,48.0805,-0.8,48.07692307692307,3877730000.0,0,0,NTT forward,6274,130.4992,5.06398230624,7554
ntt_opt_b1_w12,20.0,0,1595,338038,167680,96495,16847,3239,0.502501,0.873811,0,0.12528,52.2843,0.87,52.27391531625719,13.723600000000001,0,0,NTT forward,6274,120.02162,20.1252252416,7554
ntt_opt_pipe_macro,12.0,0,715,292832,33079.2,4543.11,5661,181,0.470377,0.571124,0,0.146724,87.4977,0.57,87.48906386701663,6462890000.0,0,0,NTT forward,7170,81.95309999999999,2.7109429855199996,8706
ntt_opt_pipe_macro,20.0,0,651,292832,32835.2,4539.35,5641,181,0.469532,3.49361,0,0.13426,82.8843,7.93,82.8500414250207,3877730000.0,0,0,NTT forward,7170,86.54190000000001,2.84162059488,8706
ntt_opt_pipe_w12,12.0,0,1185,340916,170828,97145.7,17212,3265,0.507113,0.718177,0,0.143973,88.6382,0.72,88.65248226950355,143.012,0,0,NTT forward,7170,80.8776,13.8161586528,8706
ntt_opt_pipe_w12,20.0,0,1456,340916,169783,97145.7,17150,3265,0.504011,7.87751,0,0.136289,82.4913,7.88,82.5082508250825,106.209,0,0,NTT forward,7170,86.9004,14.7542106132,8706
ntt_packed2,20.0,0,1902,471200,137298,25044,19025,995,0.608671,1.74626,0,0.0814006,59.8323,3.29,59.844404548174744,3352130000.0,0,0,NTT forward,568,9.49128,1.30313376144,569
ntt_packed,12.0,0,2868,357200,78680.5,14216.1,11014,551,0.634986,-0.153843,-0.367674,0.164807,84.7809,0.2,84.7457627118644,5586890000.0,0,0,NTT forward,988,11.6584,0.9172887412,1116
ntt_packed,20.0,0,2899,357200,75532.4,14214.9,10670,551,0.625504,1.73746,0,0.165614,68.4216,5.38,68.39945280437756,3352130000.0,0,0,NTT forward,988,14.444560000000001,1.091032283744,1116
ntt_sp,12.0,0,1383,416225,216822,127365,17696,4267,0.527851,-8.53038,-101.516,0.115982,48.7083,-8.53,48.70920603994155,29.7206,0,0,NTT forward,6274,128.80522,27.927805410839998,7554
ntt_sp,15.0,0,2349,416225,217499,127365,17711,4267,0.529499,-5.38508,-63.8571,0.134148,49.0555,-5.39,49.04364884747425,24.2491,0,0,NTT forward,6274,127.92686,27.82396412314,7554
ntt_sp,20.0,0,3930,416225,215891,127363,17617,4267,0.525585,-0.104798,-0.65706,0.133609,49.7394,-0.1,49.75124378109452,17.935699999999997,0,0,NTT forward,6274,126.10740000000001,27.2254526934,7554
ntt_sp,30.0,0,601,416225,209282,127363,16977,4267,0.509496,3.81312,0,0.127198,38.1871,3.81,38.18251240931653,11.889800000000001,0,0,NTT forward,6274,164.31606000000002,34.38839366892,7554
