coeff_bits,input_bits,acc_guard,rounding,saturate_output,total_bits_per_tap,passband_ripple_db,stopband_atten_db,meets_freq_spec,rms_error_wideband,snr_db_wideband,rms_error_music,snr_db_music,overflow_events,passes_error_budget
4,6,2,round,True,4,1.8869113876359882,10.028283359877395,False,0.12263946997926478,7.771289269825742,0.06514338171144218,10.749236613838193,0,False
4,6,4,round,True,4,1.8869113876359882,10.028283359877395,False,0.12263946997926478,7.771289269825742,0.06514338171144218,10.749236613838193,0,False
4,7,2,round,True,4,1.8869113876359882,10.028283359877395,False,0.12142409857246624,7.857796807451676,0.0636876651533706,10.945536059364152,0,False
4,7,4,round,True,4,1.8869113876359882,10.028283359877395,False,0.12142409857246624,7.857796807451676,0.0636876651533706,10.945536059364152,0,False
4,8,2,round,True,4,1.8869113876359882,10.028283359877395,False,0.12173778256570394,7.835386830648259,0.06355567145149614,10.963556384344935,0,False
4,8,4,round,True,4,1.8869113876359882,10.028283359877395,False,0.12173778256570394,7.835386830648259,0.06355567145149614,10.963556384344935,0,False
4,9,2,round,True,4,1.8869113876359882,10.028283359877395,False,0.12153298858622343,7.850011015182171,0.06350081173422387,10.97105707171588,0,False
4,9,4,round,True,4,1.8869113876359882,10.028283359877395,False,0.12153298858622343,7.850011015182171,0.06350081173422387,10.97105707171588,0,False
4,10,2,round,True,4,1.8869113876359882,10.028283359877395,False,0.12149218691701692,7.852927575562161,0.06363607768040816,10.952574544275214,0,False
4,10,4,round,True,4,1.8869113876359882,10.028283359877395,False,0.12149218691701692,7.852927575562161,0.06363607768040816,10.952574544275214,0,False
4,11,2,round,True,4,1.8869113876359882,10.028283359877395,False,0.12144712439752194,7.856149845959797,0.06370286980488853,10.94346265688193,0,False
4,11,4,round,True,4,1.8869113876359882,10.028283359877395,False,0.12144712439752194,7.856149845959797,0.06370286980488853,10.94346265688193,0,False
4,12,2,round,True,4,1.8869113876359882,10.028283359877395,False,0.12146509131193609,7.854864948569466,0.06370437294236816,10.94325770642577,0,False
4,12,4,round,True,4,1.8869113876359882,10.028283359877395,False,0.12146509131193609,7.854864948569466,0.06370437294236816,10.94325770642577,0,False
4,13,2,round,True,4,1.8869113876359882,10.028283359877395,False,0.12147417644883057,7.854215300637483,0.06371389316883365,10.941959750660303,0,False
4,13,4,round,True,4,1.8869113876359882,10.028283359877395,False,0.12147417644883057,7.854215300637483,0.06371389316883365,10.941959750660303,0,False
4,14,2,round,True,4,1.8869113876359882,10.028283359877395,False,0.12146782690647373,7.854669330187043,0.06371824268406819,10.941366816875302,0,False
4,14,4,round,True,4,1.8869113876359882,10.028283359877395,False,0.12146782690647373,7.854669330187043,0.06371824268406819,10.941366816875302,0,False
4,15,2,round,True,4,1.8869113876359882,10.028283359877395,False,0.12146999403792734,7.854514364899509,0.06372168454329333,10.940897645085313,0,False
4,15,4,round,True,4,1.8869113876359882,10.028283359877395,False,0.12146999403792734,7.854514364899509,0.06372168454329333,10.940897645085313,0,False
4,16,2,round,True,4,1.8869113876359882,10.028283359877395,False,0.1214693195463283,7.854562595542007,0.0637236549618804,10.940629061887908,0,False
4,16,4,round,True,4,1.8869113876359882,10.028283359877395,False,0.1214693195463283,7.854562595542007,0.0637236549618804,10.940629061887908,0,False
4,17,2,round,True,4,1.8869113876359882,10.028283359877395,False,0.12146898697004375,7.854586377060412,0.06372430652918178,10.940540250084165,0,False
4,17,4,round,True,4,1.8869113876359882,10.028283359877395,False,0.12146898697004375,7.854586377060412,0.06372430652918178,10.940540250084165,0,False
4,18,2,round,True,4,1.8869113876359882,10.028283359877395,False,0.12146948599846917,7.854550693080213,0.06372484762105729,10.940466497310426,0,False
4,18,4,round,True,4,1.8869113876359882,10.028283359877395,False,0.12146948599846917,7.854550693080213,0.06372484762105729,10.940466497310426,0,False
5,6,2,round,True,5,3.7738227752719746,14.035966806475153,False,0.0647266303071107,13.322234606909877,0.03420155892327458,16.345724573335726,0,False
5,6,4,round,True,5,3.7738227752719746,14.035966806475153,False,0.0647266303071107,13.322234606909877,0.03420155892327458,16.345724573335726,0,False
5,7,2,round,True,5,3.7738227752719746,14.035966806475153,False,0.062336520611079436,13.649043409511208,0.02872597558701939,17.861146869430414,0,False
5,7,4,round,True,5,3.7738227752719746,14.035966806475153,False,0.062336520611079436,13.649043409511208,0.02872597558701939,17.861146869430414,0,False
5,8,2,round,True,5,3.7738227752719746,14.035966806475153,False,0.06177988600407721,13.726952516169053,0.026693599650613922,18.49849975741487,0,False
5,8,4,round,True,5,3.7738227752719746,14.035966806475153,False,0.06177988600407721,13.726952516169053,0.026693599650613922,18.49849975741487,0,False
5,9,2,round,True,5,3.7738227752719746,14.035966806475153,False,0.06142853749307797,13.776491055446847,0.026464299750189855,18.573434470960507,0,False
5,9,4,round,True,5,3.7738227752719746,14.035966806475153,False,0.06142853749307797,13.776491055446847,0.026464299750189855,18.573434470960507,0,False
5,10,2,round,True,5,3.7738227752719746,14.035966806475153,False,0.06137970654050472,13.783398413998594,0.026286302510084483,18.632052579003474,0,False
5,10,4,round,True,5,3.7738227752719746,14.035966806475153,False,0.06137970654050472,13.783398413998594,0.026286302510084483,18.632052579003474,0,False
5,11,2,round,True,5,3.7738227752719746,14.035966806475153,False,0.06135381569160378,13.78706302095251,0.026260377193970147,18.640623413702862,0,False
5,11,4,round,True,5,3.7738227752719746,14.035966806475153,False,0.06135381569160378,13.78706302095251,0.026260377193970147,18.640623413702862,0,False
5,12,2,round,True,5,3.7738227752719746,14.035966806475153,False,0.061378555479338216,13.78356130307986,0.026241182902467616,18.646974444216756,0,False
5,12,4,round,True,5,3.7738227752719746,14.035966806475153,False,0.061378555479338216,13.78356130307986,0.026241182902467616,18.646974444216756,0,False
5,13,2,round,True,5,3.7738227752719746,14.035966806475153,False,0.061379811960670036,13.783383495922461,0.02621910905824558,18.654284010326656,0,False
5,13,4,round,True,5,3.7738227752719746,14.035966806475153,False,0.061379811960670036,13.783383495922461,0.02621910905824558,18.654284010326656,0,False
5,14,2,round,True,5,3.7738227752719746,14.035966806475153,False,0.06137910865121019,13.78348302218612,0.02622471791376356,18.65242610242696,0,False
5,14,4,round,True,5,3.7738227752719746,14.035966806475153,False,0.06137910865121019,13.78348302218612,0.02622471791376356,18.65242610242696,0,False
5,15,2,round,True,5,3.7738227752719746,14.035966806475153,False,0.06137938439728722,13.783444000853521,0.02622471635466056,18.65242661881753,0,False
5,15,4,round,True,5,3.7738227752719746,14.035966806475153,False,0.06137938439728722,13.783444000853521,0.02622471635466056,18.65242661881753,0,False
5,16,2,round,True,5,3.7738227752719746,14.035966806475153,False,0.061378174901039834,13.783615160185507,0.026222616693537863,18.65312207552577,0,False
5,16,4,round,True,5,3.7738227752719746,14.035966806475153,False,0.061378174901039834,13.783615160185507,0.026222616693537863,18.65312207552577,0,False
5,17,2,round,True,5,3.7738227752719746,14.035966806475153,False,0.06137829053195209,13.783598796772974,0.026222463544281982,18.653172804308287,0,False
5,17,4,round,True,5,3.7738227752719746,14.035966806475153,False,0.06137829053195209,13.783598796772974,0.026222463544281982,18.653172804308287,0,False
5,18,2,round,True,5,3.7738227752719746,14.035966806475153,False,0.06137869155457484,13.783542046628348,0.0262219446455506,18.653344685249262,0,False
5,18,4,round,True,5,3.7738227752719746,14.035966806475153,False,0.06137869155457484,13.783542046628348,0.0262219446455506,18.653344685249262,0,False
6,6,2,round,True,6,1.5017233054466348,16.314612934906524,False,0.04559935877119098,16.36471985719097,0.02341901962608253,19.635268399390515,0,False
6,6,4,round,True,6,1.5017233054466348,16.314612934906524,False,0.04559935877119098,16.36471985719097,0.02341901962608253,19.635268399390515,0,False
6,7,2,round,True,6,1.5017233054466348,16.314612934906524,False,0.0419216487494458,17.09512747207213,0.014550766535443216,23.768925158658586,0,False
6,7,4,round,True,6,1.5017233054466348,16.314612934906524,False,0.0419216487494458,17.09512747207213,0.014550766535443216,23.768925158658586,0,False
6,8,2,round,True,6,1.5017233054466348,16.314612934906524,False,0.04076014961907275,17.339179178124244,0.01153997211650114,25.782547421342453,0,False
6,8,4,round,True,6,1.5017233054466348,16.314612934906524,False,0.04076014961907275,17.339179178124244,0.01153997211650114,25.782547421342453,0,False
6,9,2,round,True,6,1.5017233054466348,16.314612934906524,False,0.040525276087156364,17.389374923231042,0.01074562273148152,26.402010833706548,0,False
6,9,4,round,True,6,1.5017233054466348,16.314612934906524,False,0.040525276087156364,17.389374923231042,0.01074562273148152,26.402010833706548,0,False
6,10,2,round,True,6,1.5017233054466348,16.314612934906524,False,0.04051232139983117,17.39215197953207,0.010485687236599983,26.61470461870101,0,False
6,10,4,round,True,6,1.5017233054466348,16.314612934906524,False,0.04051232139983117,17.39215197953207,0.010485687236599983,26.61470461870101,0,False
6,11,2,round,True,6,1.5017233054466348,16.314612934906524,False,0.040458843074269134,17.403625370199432,0.010437820640368755,26.654446013878903,0,False
6,11,4,round,True,6,1.5017233054466348,16.314612934906524,False,0.040458843074269134,17.403625370199432,0.010437820640368755,26.654446013878903,0,False
6,12,2,round,True,6,1.5017233054466348,16.314612934906524,False,0.04047543778775577,17.400063471572423,0.010412382335647268,26.675640475849036,0,False
6,12,4,round,True,6,1.5017233054466348,16.314612934906524,False,0.04047543778775577,17.400063471572423,0.010412382335647268,26.675640475849036,0,False
6,13,2,round,True,6,1.5017233054466348,16.314612934906524,False,0.040484251776316815,17.398172225876518,0.010420746272184464,26.668666176887747,0,False
6,13,4,round,True,6,1.5017233054466348,16.314612934906524,False,0.040484251776316815,17.398172225876518,0.010420746272184464,26.668666176887747,0,False
6,14,2,round,True,6,1.5017233054466348,16.314612934906524,False,0.04047576334697306,17.399993607965893,0.010409762805327282,26.67782593284484,0,False
6,14,4,round,True,6,1.5017233054466348,16.314612934906524,False,0.04047576334697306,17.399993607965893,0.010409762805327282,26.67782593284484,0,False
6,15,2,round,True,6,1.5017233054466348,16.314612934906524,False,0.040478667983286046,17.399370310388488,0.010415883538224336,26.672720303842826,0,False
6,15,4,round,True,6,1.5017233054466348,16.314612934906524,False,0.040478667983286046,17.399370310388488,0.010415883538224336,26.672720303842826,0,False
6,16,2,round,True,6,1.5017233054466348,16.314612934906524,False,0.0404773744807899,17.399647873855947,0.010413754012629204,26.67449631404176,0,False
6,16,4,round,True,6,1.5017233054466348,16.314612934906524,False,0.0404773744807899,17.399647873855947,0.010413754012629204,26.67449631404176,0,False
6,17,2,round,True,6,1.5017233054466348,16.314612934906524,False,0.04047693845024991,17.39974144053602,0.010414886413960933,26.673551853644764,0,False
6,17,4,round,True,6,1.5017233054466348,16.314612934906524,False,0.04047693845024991,17.39974144053602,0.010414886413960933,26.673551853644764,0,False
6,18,2,round,True,6,1.5017233054466348,16.314612934906524,False,0.040477087548241544,17.39970944586535,0.010414312593988399,26.674030425763924,0,False
6,18,4,round,True,6,1.5017233054466348,16.314612934906524,False,0.040477087548241544,17.39970944586535,0.010414312593988399,26.674030425763924,0,False
7,6,2,round,True,7,0.668249510900696,20.560595336566735,False,0.02579281954671402,21.313918174084307,0.02164380211985871,20.319971516296675,0,False
7,6,4,round,True,7,0.668249510900696,20.560595336566735,False,0.02579281954671402,21.313918174084307,0.02164380211985871,20.319971516296675,0,False
7,7,2,round,True,7,0.668249510900696,20.560595336566735,False,0.01763882570589779,24.61450119099478,0.011171740514029659,26.064225814650293,0,False
7,7,4,round,True,7,0.668249510900696,20.560595336566735,False,0.01763882570589779,24.61450119099478,0.011171740514029659,26.064225814650293,0,False
7,8,2,round,True,7,0.668249510900696,20.560595336566735,False,0.015085109588273506,25.97292517780314,0.006666596582844417,30.54855910309559,0,False
7,8,4,round,True,7,0.668249510900696,20.560595336566735,False,0.015085109588273506,25.97292517780314,0.006666596582844417,30.54855910309559,0,False
7,9,2,round,True,7,0.668249510900696,20.560595336566735,False,0.014526902324369623,26.30043423950692,0.005038735970792043,32.98021057106761,0,False
7,9,4,round,True,7,0.668249510900696,20.560595336566735,False,0.014526902324369623,26.30043423950692,0.005038735970792043,32.98021057106761,0,False
7,10,2,round,True,7,0.668249510900696,20.560595336566735,False,0.014263428299794781,26.45941610186469,0.004349293590063392,34.25826811434783,0,False
7,10,4,round,True,7,0.668249510900696,20.560595336566735,False,0.014263428299794781,26.45941610186469,0.004349293590063392,34.25826811434783,0,False
7,11,2,round,True,7,0.668249510900696,20.560595336566735,False,0.014252583268492077,26.46602282870885,0.004235202070760346,34.489159884423486,0,False
7,11,4,round,True,7,0.668249510900696,20.560595336566735,False,0.014252583268492077,26.46602282870885,0.004235202070760346,34.489159884423486,0,False
7,12,2,round,True,7,0.668249510900696,20.560595336566735,False,0.014258003256654826,26.462720376860176,0.0041954857159648175,34.570997674010506,0,False
7,12,4,round,True,7,0.668249510900696,20.560595336566735,False,0.014258003256654826,26.462720376860176,0.0041954857159648175,34.570997674010506,0,False
7,13,2,round,True,7,0.668249510900696,20.560595336566735,False,0.014259314084995041,26.461921864842427,0.004183105986665055,34.596665243099295,0,False
7,13,4,round,True,7,0.668249510900696,20.560595336566735,False,0.014259314084995041,26.461921864842427,0.004183105986665055,34.596665243099295,0,False
7,14,2,round,True,7,0.668249510900696,20.560595336566735,False,0.01425772225233159,26.462891564686956,0.004182962456729217,34.59696327680318,0,False
7,14,4,round,True,7,0.668249510900696,20.560595336566735,False,0.01425772225233159,26.462891564686956,0.004182962456729217,34.59696327680318,0,False
7,15,2,round,True,7,0.668249510900696,20.560595336566735,False,0.014257672457941186,26.46292189978027,0.004183480496537276,34.59588763769781,0,False
7,15,4,round,True,7,0.668249510900696,20.560595336566735,False,0.014257672457941186,26.46292189978027,0.004183480496537276,34.59588763769781,0,False
7,16,2,round,True,7,0.668249510900696,20.560595336566735,False,0.014256275762690151,26.463772819528337,0.004183795604998601,34.59523342304368,0,False
7,16,4,round,True,7,0.668249510900696,20.560595336566735,False,0.014256275762690151,26.463772819528337,0.004183795604998601,34.59523342304368,0,False
7,17,2,round,True,7,0.668249510900696,20.560595336566735,False,0.014256389261774508,26.46370366846723,0.004184105777313405,34.59458950472454,0,False
7,17,4,round,True,7,0.668249510900696,20.560595336566735,False,0.014256389261774508,26.46370366846723,0.004184105777313405,34.59458950472454,0,False
7,18,2,round,True,7,0.668249510900696,20.560595336566735,False,0.014256440979133702,26.463672159054063,0.0041839228308757906,34.59496929610467,0,False
7,18,4,round,True,7,0.668249510900696,20.560595336566735,False,0.014256440979133702,26.463672159054063,0.0041839228308757906,34.59496929610467,0,False
8,6,2,round,True,8,0.7426814623797879,26.434661416818983,False,0.02352505285622916,22.113282410817817,0.02133912899568022,20.44310883547564,0,False
8,6,4,round,True,8,0.7426814623797879,26.434661416818983,False,0.02352505285622916,22.113282410817817,0.02133912899568022,20.44310883547564,0,False
8,7,2,round,True,8,0.7426814623797879,26.434661416818983,False,0.014762736923386654,26.160556957164474,0.01064956041351159,26.48000897876035,0,False
8,7,4,round,True,8,0.7426814623797879,26.434661416818983,False,0.014762736923386654,26.160556957164474,0.01064956041351159,26.48000897876035,0,False
8,8,2,round,True,8,0.7426814623797879,26.434661416818983,False,0.011565415159057771,28.280670026717303,0.006215545489996632,31.15705762459092,0,False
8,8,4,round,True,8,0.7426814623797879,26.434661416818983,False,0.011565415159057771,28.280670026717303,0.006215545489996632,31.15705762459092,0,False
8,9,2,round,True,8,0.7426814623797879,26.434661416818983,False,0.010764150620927785,28.904299245474085,0.004001005637617286,34.98325934400819,0,False
8,9,4,round,True,8,0.7426814623797879,26.434661416818983,False,0.010764150620927785,28.904299245474085,0.004001005637617286,34.98325934400819,0,False
8,10,2,round,True,8,0.7426814623797879,26.434661416818983,False,0.010530873688284882,29.094606494556853,0.003390243608775351,36.4220244921367,0,False
8,10,4,round,True,8,0.7426814623797879,26.434661416818983,False,0.010530873688284882,29.094606494556853,0.003390243608775351,36.4220244921367,0,False
8,11,2,round,True,8,0.7426814623797879,26.434661416818983,False,0.010466171830062319,29.148137357098175,0.003186229277255478,36.961102132408534,0,False
8,11,4,round,True,8,0.7426814623797879,26.434661416818983,False,0.010466171830062319,29.148137357098175,0.003186229277255478,36.961102132408534,0,False
8,12,2,round,True,8,0.7426814623797879,26.434661416818983,False,0.010425368567721272,29.182066218011972,0.0031399450134901893,37.08820175438006,0,False
8,12,4,round,True,8,0.7426814623797879,26.434661416818983,False,0.010425368567721272,29.182066218011972,0.0031399450134901893,37.08820175438006,0,False
8,13,2,round,True,8,0.7426814623797879,26.434661416818983,False,0.010425556431730416,29.181909700634403,0.0031208461879760714,37.1411953137814,0,False
8,13,4,round,True,8,0.7426814623797879,26.434661416818983,False,0.010425556431730416,29.181909700634403,0.0031208461879760714,37.1411953137814,0,False
8,14,2,round,True,8,0.7426814623797879,26.434661416818983,False,0.010421140330622693,29.185589685800707,0.0031265969327675907,37.12520466040905,0,False
8,14,4,round,True,8,0.7426814623797879,26.434661416818983,False,0.010421140330622693,29.185589685800707,0.0031265969327675907,37.12520466040905,0,False
8,15,2,round,True,8,0.7426814623797879,26.434661416818983,False,0.010423323552919436,29.183770188009817,0.0031231659802259094,37.13474130317104,0,False
8,15,4,round,True,8,0.7426814623797879,26.434661416818983,False,0.010423323552919436,29.183770188009817,0.0031231659802259094,37.13474130317104,0,False
8,16,2,round,True,8,0.7426814623797879,26.434661416818983,False,0.01042314512941402,29.183918871885304,0.003123956645758649,37.13254264820432,0,False
8,16,4,round,True,8,0.7426814623797879,26.434661416818983,False,0.01042314512941402,29.183918871885304,0.003123956645758649,37.13254264820432,0,False
8,17,2,round,True,8,0.7426814623797879,26.434661416818983,False,0.010423492822766679,29.18362913441336,0.0031234273325086025,37.13401448233549,0,False
8,17,4,round,True,8,0.7426814623797879,26.434661416818983,False,0.010423492822766679,29.18362913441336,0.0031234273325086025,37.13401448233549,0,False
8,18,2,round,True,8,0.7426814623797879,26.434661416818983,False,0.01042349708660249,29.18362558136254,0.003123612473137524,37.13349964294889,0,False
8,18,4,round,True,8,0.7426814623797879,26.434661416818983,False,0.01042349708660249,29.18362558136254,0.003123612473137524,37.13349964294889,0,False
9,6,2,round,True,9,0.42090034591297093,32.58381868966972,False,0.02149635062896218,22.896599822327815,0.02116112834981008,20.515866183422446,0,False
9,6,4,round,True,9,0.42090034591297093,32.58381868966972,False,0.02149635062896218,22.896599822327815,0.02116112834981008,20.515866183422446,0,False
9,7,2,round,True,9,0.42090034591297093,32.58381868966972,False,0.011370519726451487,28.428288248772404,0.010297799935074714,26.771753607833265,0,False
9,7,4,round,True,9,0.42090034591297093,32.58381868966972,False,0.011370519726451487,28.428288248772404,0.010297799935074714,26.771753607833265,0,False
9,8,2,round,True,9,0.42090034591297093,32.58381868966972,False,0.006529346708562869,33.24649996292331,0.005440818812066224,32.31335734147764,0,False
9,8,4,round,True,9,0.42090034591297093,32.58381868966972,False,0.006529346708562869,33.24649996292331,0.005440818812066224,32.31335734147764,0,False
9,9,2,round,True,9,0.42090034591297093,32.58381868966972,False,0.004790372508532394,35.936508842382004,0.0029323288815235136,37.68238905218173,0,False
9,9,4,round,True,9,0.42090034591297093,32.58381868966972,False,0.004790372508532394,35.936508842382004,0.0029323288815235136,37.68238905218173,0,False
9,10,2,round,True,9,0.42090034591297093,32.58381868966972,False,0.0041449602212448216,37.19348722779431,0.0018219968660049186,41.81569009819293,0,False
9,10,4,round,True,9,0.42090034591297093,32.58381868966972,False,0.0041449602212448216,37.19348722779431,0.0018219968660049186,41.81569009819293,0,False
9,11,2,round,True,9,0.42090034591297093,32.58381868966972,False,0.004006751183941787,37.48804708976379,0.0014633902217779514,43.719439634524655,0,False
9,11,4,round,True,9,0.42090034591297093,32.58381868966972,False,0.004006751183941787,37.48804708976379,0.0014633902217779514,43.719439634524655,0,False
9,12,2,round,True,9,0.42090034591297093,32.58381868966972,False,0.003935748237798818,37.64334837493558,0.0013611412958268497,44.3485784045054,0,False
9,12,4,round,True,9,0.42090034591297093,32.58381868966972,False,0.003935748237798818,37.64334837493558,0.0013611412958268497,44.3485784045054,0,False
9,13,2,round,True,9,0.42090034591297093,32.58381868966972,False,0.003936750825403468,37.64113602400009,0.0013174815734845547,44.63175161419973,0,False
9,13,4,round,True,9,0.42090034591297093,32.58381868966972,False,0.003936750825403468,37.64113602400009,0.0013174815734845547,44.63175161419973,0,False
9,14,2,round,True,9,0.42090034591297093,32.58381868966972,False,0.003934900023262927,37.645220520058146,0.001309919504406614,44.68175043574903,0,False
9,14,4,round,True,9,0.42090034591297093,32.58381868966972,False,0.003934900023262927,37.645220520058146,0.001309919504406614,44.68175043574903,0,False
9,15,2,round,True,9,0.42090034591297093,32.58381868966972,False,0.003934806426203577,37.64542712845789,0.0013113410606121275,44.672329410086284,0,False
9,15,4,round,True,9,0.42090034591297093,32.58381868966972,False,0.003934806426203577,37.64542712845789,0.0013113410606121275,44.672329410086284,0,False
9,16,2,round,True,9,0.42090034591297093,32.58381868966972,False,0.003934123845148489,37.64693402292104,0.0013113388859866955,44.672343814098134,0,False
9,16,4,round,True,9,0.42090034591297093,32.58381868966972,False,0.003934123845148489,37.64693402292104,0.0013113388859866955,44.672343814098134,0,False
9,17,2,round,True,9,0.42090034591297093,32.58381868966972,False,0.0039344376916225065,37.64624112986166,0.0013114617426018538,44.67153008926543,0,False
9,17,4,round,True,9,0.42090034591297093,32.58381868966972,False,0.0039344376916225065,37.64624112986166,0.0013114617426018538,44.67153008926543,0,False
9,18,2,round,True,9,0.42090034591297093,32.58381868966972,False,0.003934312850293452,37.64651674109136,0.0013114371395745127,44.67169303811695,0,False
9,18,4,round,True,9,0.42090034591297093,32.58381868966972,False,0.003934312850293452,37.64651674109136,0.0013114371395745127,44.67169303811695,0,False
10,6,2,round,True,10,0.3919530887695167,33.626754702011176,False,0.020971810268098533,23.111176168361347,0.021036646874470023,20.567112273408608,0,False
10,6,4,round,True,10,0.3919530887695167,33.626754702011176,False,0.020971810268098533,23.111176168361347,0.021036646874470023,20.567112273408608,0,False
10,7,2,round,True,10,0.3919530887695167,33.626754702011176,False,0.010788115295057788,28.884982984130247,0.010247714986087227,26.81410184810416,0,False
10,7,4,round,True,10,0.3919530887695167,33.626754702011176,False,0.010788115295057788,28.884982984130247,0.010247714986087227,26.81410184810416,0,False
10,8,2,round,True,10,0.3919530887695167,33.626754702011176,False,0.00577644250125669,34.310685473733315,0.005340120168565776,32.47562200936291,0,False
10,8,4,round,True,10,0.3919530887695167,33.626754702011176,False,0.00577644250125669,34.310685473733315,0.005340120168565776,32.47562200936291,0,False
10,9,2,round,True,10,0.3919530887695167,33.626754702011176,False,0.0035983833327724313,38.421746038282436,0.0026693861049493423,38.49841470066974,0,False
10,9,4,round,True,10,0.3919530887695167,33.626754702011176,False,0.0035983833327724313,38.421746038282436,0.0026693861049493423,38.49841470066974,0,False
10,10,2,round,True,10,0.3919530887695167,33.626754702011176,False,0.002886784248662097,40.33560802904251,0.0015033404253561274,43.48549589142037,0,False
10,10,4,round,True,10,0.3919530887695167,33.626754702011176,False,0.002886784248662097,40.33560802904251,0.0015033404253561274,43.48549589142037,0,False
10,11,2,round,True,10,0.3919530887695167,33.626754702011176,False,0.002644669860962212,41.09646524893323,0.0009573454061134256,47.405269457740786,0,False
10,11,4,round,True,10,0.3919530887695167,33.626754702011176,False,0.002644669860962212,41.09646524893323,0.0009573454061134256,47.405269457740786,0,False
10,12,2,round,True,10,0.3919530887695167,33.626754702011176,False,0.002576037428001614,41.324851193829716,0.0007893592992910442,49.08114801696753,0,False
10,12,4,round,True,10,0.3919530887695167,33.626754702011176,False,0.002576037428001614,41.324851193829716,0.0007893592992910442,49.08114801696753,0,False
10,13,2,round,True,10,0.3919530887695167,33.626754702011176,False,0.002557717607602801,41.38684270394825,0.0007554922891375698,49.46204188822908,0,False
10,13,4,round,True,10,0.3919530887695167,33.626754702011176,False,0.002557717607602801,41.38684270394825,0.0007554922891375698,49.46204188822908,0,False
10,14,2,round,True,10,0.3919530887695167,33.626754702011176,False,0.0025584378267379656,41.38439721766665,0.0007344536899711617,49.70735426821173,0,False
10,14,4,round,True,10,0.3919530887695167,33.626754702011176,False,0.0025584378267379656,41.38439721766665,0.0007344536899711617,49.70735426821173,0,False
10,15,2,round,True,10,0.3919530887695167,33.626754702011176,False,0.0025584302714225715,41.384422867980255,0.0007298815241931276,49.76159520434095,0,False
10,15,4,round,True,10,0.3919530887695167,33.626754702011176,False,0.0025584302714225715,41.384422867980255,0.0007298815241931276,49.76159520434095,0,False
10,16,2,round,True,10,0.3919530887695167,33.626754702011176,False,0.002557628091929655,41.38714670031665,0.0007298237679858792,49.76228255410261,0,False
10,16,4,round,True,10,0.3919530887695167,33.626754702011176,False,0.002557628091929655,41.38714670031665,0.0007298237679858792,49.76228255410261,0,False
10,17,2,round,True,10,0.3919530887695167,33.626754702011176,False,0.002557960598867246,41.386017556148715,0.0007300033978145055,49.760144979310766,0,False
10,17,4,round,True,10,0.3919530887695167,33.626754702011176,False,0.002557960598867246,41.386017556148715,0.0007300033978145055,49.760144979310766,0,False
10,18,2,round,True,10,0.3919530887695167,33.626754702011176,False,0.0025580132063589755,41.385838922369615,0.0007301350084536167,49.75857916132433,0,False
10,18,4,round,True,10,0.3919530887695167,33.626754702011176,False,0.0025580132063589755,41.385838922369615,0.0007301350084536167,49.75857916132433,0,False
11,6,2,round,True,11,0.4182850186241046,35.09104704543751,True,0.020787334289118525,23.187918565017448,0.021061910257307324,20.55668745144318,0,False
11,6,4,round,True,11,0.4182850186241046,35.09104704543751,True,0.020787334289118525,23.187918565017448,0.021061910257307324,20.55668745144318,0,False
11,7,2,round,True,11,0.4182850186241046,35.09104704543751,True,0.010626075572669867,29.016436562576494,0.010213908642220751,26.84280323020436,0,False
11,7,4,round,True,11,0.4182850186241046,35.09104704543751,True,0.010626075572669867,29.016436562576494,0.010213908642220751,26.84280323020436,0,False
11,8,2,round,True,11,0.4182850186241046,35.09104704543751,True,0.005256527807298157,35.12991524442103,0.005305996883459575,32.53130279928315,0,False
11,8,4,round,True,11,0.4182850186241046,35.09104704543751,True,0.005256527807298157,35.12991524442103,0.005305996883459575,32.53130279928315,0,False
11,9,2,round,True,11,0.4182850186241046,35.09104704543751,True,0.0027627599744544777,40.71703145775659,0.002611319164774726,38.689443488588466,0,False
11,9,4,round,True,11,0.4182850186241046,35.09104704543751,True,0.0027627599744544777,40.71703145775659,0.002611319164774726,38.689443488588466,0,False
11,10,2,round,True,11,0.4182850186241046,35.09104704543751,True,0.0017355659553473163,44.75507211888444,0.0013488188462244405,44.427570101341914,0,False
11,10,4,round,True,11,0.4182850186241046,35.09104704543751,True,0.0017355659553473163,44.75507211888444,0.0013488188462244405,44.427570101341914,0,False
11,11,2,round,True,11,0.4182850186241046,35.09104704543751,True,0.0013408614151798669,46.996216695610286,0.0007540443727700886,49.4787045449864,0,False
11,11,4,round,True,11,0.4182850186241046,35.09104704543751,True,0.0013408614151798669,46.996216695610286,0.0007540443727700886,49.4787045449864,0,False
11,12,2,round,True,11,0.4182850186241046,35.09104704543751,True,0.0012215399982044737,47.80574072601606,0.0005106278415690321,52.864552797084215,0,False
11,12,4,round,True,11,0.4182850186241046,35.09104704543751,True,0.0012215399982044737,47.80574072601606,0.0005106278415690321,52.864552797084215,0,False
11,13,2,round,True,11,0.4182850186241046,35.09104704543751,True,0.0011765225569075252,48.131889406065355,0.0004313779016923095,54.32948473804519,0,False
11,13,4,round,True,11,0.4182850186241046,35.09104704543751,True,0.0011765225569075252,48.131889406065355,0.0004313779016923095,54.32948473804519,0,False
11,14,2,round,True,11,0.4182850186241046,35.09104704543751,True,0.0011690353405488761,48.18734176214849,0.0004052489681434181,54.87220425627307,0,False
11,14,4,round,True,11,0.4182850186241046,35.09104704543751,True,0.0011690353405488761,48.18734176214849,0.0004052489681434181,54.87220425627307,0,False
11,15,2,round,True,11,0.4182850186241046,35.09104704543751,True,0.0011667727118022456,48.20416930044925,0.00039934128090535225,54.999758478051746,0,False
11,15,4,round,True,11,0.4182850186241046,35.09104704543751,True,0.0011667727118022456,48.20416930044925,0.00039934128090535225,54.999758478051746,0,False
11,16,2,round,True,11,0.4182850186241046,35.09104704543751,True,0.0011665111802202043,48.20611645696609,0.00039806852665178616,55.02748578279742,0,False
11,16,4,round,True,11,0.4182850186241046,35.09104704543751,True,0.0011665111802202043,48.20611645696609,0.00039806852665178616,55.02748578279742,0,False
11,17,2,round,True,11,0.4182850186241046,35.09104704543751,True,0.001165903399250762,48.21064319813007,0.0003969633567178036,55.05163422378917,0,False
11,17,4,round,True,11,0.4182850186241046,35.09104704543751,True,0.001165903399250762,48.21064319813007,0.0003969633567178036,55.05163422378917,0,False
11,18,2,round,True,11,0.4182850186241046,35.09104704543751,True,0.001166009103559516,48.209855744947646,0.0003969090403651838,55.05282279224644,0,False
11,18,4,round,True,11,0.4182850186241046,35.09104704543751,True,0.001166009103559516,48.209855744947646,0.0003969090403651838,55.05282279224644,0,False
12,6,2,round,True,12,0.39963540282093624,36.480797891547645,True,0.020807851421081543,23.1793498061416,0.021043968122479332,20.56408990537202,0,False
12,6,4,round,True,12,0.39963540282093624,36.480797891547645,True,0.020807851421081543,23.1793498061416,0.021043968122479332,20.56408990537202,0,False
12,7,2,round,True,12,0.39963540282093624,36.480797891547645,True,0.010547461740481203,29.08093539411165,0.010195175600235,26.858748402367475,0,False
12,7,4,round,True,12,0.39963540282093624,36.480797891547645,True,0.010547461740481203,29.08093539411165,0.010195175600235,26.858748402367475,0,False
12,8,2,round,True,12,0.39963540282093624,36.480797891547645,True,0.005212522924122864,35.202935008992824,0.005243003773139212,32.63503920535386,0,False
12,8,4,round,True,12,0.39963540282093624,36.480797891547645,True,0.005212522924122864,35.202935008992824,0.005243003773139212,32.63503920535386,0,False
12,9,2,round,True,12,0.39963540282093624,36.480797891547645,True,0.0025734239189644315,41.333667903572604,0.0026073226287382447,38.702747133140896,0,False
12,9,4,round,True,12,0.39963540282093624,36.480797891547645,True,0.0025734239189644315,41.333667903572604,0.0026073226287382447,38.702747133140896,0,False
12,10,2,round,True,12,0.39963540282093624,36.480797891547645,True,0.001357058083620726,46.89192584128364,0.0013063979331566287,44.705132917754575,0,False
12,10,4,round,True,12,0.39963540282093624,36.480797891547645,True,0.001357058083620726,46.89192584128364,0.0013063979331566287,44.705132917754575,0,False
12,11,2,round,True,12,0.39963540282093624,36.480797891547645,True,0.0007750232399419688,51.75760005815054,0.0006670395515817554,50.54361089390489,0,False
12,11,4,round,True,12,0.39963540282093624,36.480797891547645,True,0.0007750232399419688,51.75760005815054,0.0006670395515817554,50.54361089390489,0,False
12,12,2,round,True,12,0.39963540282093624,36.480797891547645,True,0.0005430389470131013,54.847274998056264,0.00040665352525913977,54.842151779856174,0,False
12,12,4,round,True,12,0.39963540282093624,36.480797891547645,True,0.0005430389470131013,54.847274998056264,0.00040665352525913977,54.842151779856174,0,False
12,13,2,round,True,12,0.39963540282093624,36.480797891547645,True,0.0004617733154212483,56.25531791529687,0.0002735954445440874,58.28446537126024,0,False
12,13,4,round,True,12,0.39963540282093624,36.480797891547645,True,0.0004617733154212483,56.25531791529687,0.0002735954445440874,58.28446537126024,0,False
12,14,2,round,True,12,0.39963540282093624,36.480797891547645,True,0.00044055515806218815,56.66388876093756,0.00024255761711879716,59.330344260998785,0,False
12,14,4,round,True,12,0.39963540282093624,36.480797891547645,True,0.00044055515806218815,56.66388876093756,0.00024255761711879716,59.330344260998785,0,False
12,15,2,round,True,12,0.39963540282093624,36.480797891547645,True,0.0004324388075587788,56.82540134594815,0.00023122826228337489,59.74582430236876,0,False
12,15,4,round,True,12,0.39963540282093624,36.480797891547645,True,0.0004324388075587788,56.82540134594815,0.00023122826228337489,59.74582430236876,0,False
12,16,2,round,True,12,0.39963540282093624,36.480797891547645,True,0.0004310391534400458,56.85356014652797,0.00022939372068207222,59.815012099428614,0,False
12,16,4,round,True,12,0.39963540282093624,36.480797891547645,True,0.0004310391534400458,56.85356014652797,0.00022939372068207222,59.815012099428614,0,False
12,17,2,round,True,12,0.39963540282093624,36.480797891547645,True,0.00043075511068386047,56.85928579178871,0.0002286432676349385,59.84347424700546,0,False
12,17,4,round,True,12,0.39963540282093624,36.480797891547645,True,0.00043075511068386047,56.85928579178871,0.0002286432676349385,59.84347424700546,0,False
12,18,2,round,True,12,0.39963540282093624,36.480797891547645,True,0.0004305545452111051,56.863331002662925,0.0002285047496651635,59.84873797686819,0,False
12,18,4,round,True,12,0.39963540282093624,36.480797891547645,True,0.0004305545452111051,56.863331002662925,0.0002285047496651635,59.84873797686819,0,False
13,6,2,round,True,13,0.39247483201589084,36.95545830859591,True,0.0207496073012096,23.203696931498886,0.021038931941879634,20.566168835722745,0,False
13,6,4,round,True,13,0.39247483201589084,36.95545830859591,True,0.0207496073012096,23.203696931498886,0.021038931941879634,20.566168835722745,0,False
13,7,2,round,True,13,0.39247483201589084,36.95545830859591,True,0.010538390755910593,29.088408611119384,0.010188342151513268,26.86457218454196,0,False
13,7,4,round,True,13,0.39247483201589084,36.95545830859591,True,0.010538390755910593,29.088408611119384,0.010188342151513268,26.86457218454196,0,False
13,8,2,round,True,13,0.39247483201589084,36.95545830859591,True,0.005191976986690354,35.23723939239383,0.00527220746353531,32.58679277867111,0,False
13,8,4,round,True,13,0.39247483201589084,36.95545830859591,True,0.005191976986690354,35.23723939239383,0.00527220746353531,32.58679277867111,0,False
13,9,2,round,True,13,0.39247483201589084,36.95545830859591,True,0.002576016362024044,41.324922224437614,0.0025879930547689166,38.76738048025095,0,False
13,9,4,round,True,13,0.39247483201589084,36.95545830859591,True,0.002576016362024044,41.324922224437614,0.0025879930547689166,38.76738048025095,0,False
13,10,2,round,True,13,0.39247483201589084,36.95545830859591,True,0.0013170045965603336,47.1521487538776,0.0013197680277124125,44.616690549025904,0,False
13,10,4,round,True,13,0.39247483201589084,36.95545830859591,True,0.0013170045965603336,47.1521487538776,0.0013197680277124125,44.616690549025904,0,False
13,11,2,round,True,13,0.39247483201589084,36.95545830859591,True,0.0006746383840349024,52.962473627288524,0.0006975494265601593,50.15514288990832,0,False
13,11,4,round,True,13,0.39247483201589084,36.95545830859591,True,0.0006746383840349024,52.962473627288524,0.0006975494265601593,50.15514288990832,0,False
13,12,2,round,True,13,0.39247483201589084,36.95545830859591,True,0.00038975301334671653,57.72810493654112,0.0003918856492371653,55.16345541035608,0,False
13,12,4,round,True,13,0.39247483201589084,36.95545830859591,True,0.00038975301334671653,57.72810493654112,0.0003918856492371653,55.16345541035608,0,False
13,13,2,round,True,13,0.39247483201589084,36.95545830859591,True,0.00028808015941803993,60.35362759446352,0.0003058197918208629,57.31733084370221,0,True
13,13,4,round,True,13,0.39247483201589084,36.95545830859591,True,0.00028808015941803993,60.35362759446352,0.0003058197918208629,57.31733084370221,0,True
13,14,2,round,True,13,0.39247483201589084,36.95545830859591,True,0.00024442250104588485,61.78107089451383,0.0002627593478260546,58.635479105060455,0,True
13,14,4,round,True,13,0.39247483201589084,36.95545830859591,True,0.00024442250104588485,61.78107089451383,0.0002627593478260546,58.635479105060455,0,True
13,15,2,round,True,13,0.39247483201589084,36.95545830859591,True,0.00023461625133721888,62.136732739970796,0.0002555171473401936,58.87824160554891,0,True
13,15,4,round,True,13,0.39247483201589084,36.95545830859591,True,0.00023461625133721888,62.136732739970796,0.0002555171473401936,58.87824160554891,0,True
13,16,2,round,True,13,0.39247483201589084,36.95545830859591,True,0.0002321489425482161,62.228560372927156,0.0002527289800238183,58.97354171801139,0,True
13,16,4,round,True,13,0.39247483201589084,36.95545830859591,True,0.0002321489425482161,62.228560372927156,0.0002527289800238183,58.97354171801139,0,True
13,17,2,round,True,13,0.39247483201589084,36.95545830859591,True,0.0002316929779958769,62.245637134991,0.000252542124972721,58.97996600156959,0,True
13,17,4,round,True,13,0.39247483201589084,36.95545830859591,True,0.0002316929779958769,62.245637134991,0.000252542124972721,58.97996600156959,0,True
13,18,2,round,True,13,0.39247483201589084,36.95545830859591,True,0.00023188957883782437,62.238269932350995,0.00025235465998116996,58.98641603393646,0,True
13,18,4,round,True,13,0.39247483201589084,36.95545830859591,True,0.00023188957883782437,62.238269932350995,0.00025235465998116996,58.98641603393646,0,True
14,6,2,round,True,14,0.39441216883680175,36.96300214090565,True,0.020745778871618784,23.20529967918118,0.021074967881026842,20.551304182097923,0,False
14,6,4,round,True,14,0.39441216883680175,36.96300214090565,True,0.020745778871618784,23.20529967918118,0.021074967881026842,20.551304182097923,0,False
14,7,2,round,True,14,0.39441216883680175,36.96300214090565,True,0.010503122578691845,29.117525887720063,0.010197016840551082,26.857179879485734,0,False
14,7,4,round,True,14,0.39441216883680175,36.96300214090565,True,0.010503122578691845,29.117525887720063,0.010197016840551082,26.857179879485734,0,False
14,8,2,round,True,14,0.39441216883680175,36.96300214090565,True,0.005157100082021053,35.29578337456991,0.005269016814667139,32.592050920241334,0,False
14,8,4,round,True,14,0.39441216883680175,36.96300214090565,True,0.005157100082021053,35.29578337456991,0.005269016814667139,32.592050920241334,0,False
14,9,2,round,True,14,0.39441216883680175,36.96300214090565,True,0.002555696275383774,41.39370976767225,0.0025935247014331614,38.74883483669382,0,False
14,9,4,round,True,14,0.39441216883680175,36.96300214090565,True,0.002555696275383774,41.39370976767225,0.0025935247014331614,38.74883483669382,0,False
14,10,2,round,True,14,0.39441216883680175,36.96300214090565,True,0.0012955565032410567,47.29476739502471,0.001287847074011559,44.82935669866994,0,False
14,10,4,round,True,14,0.39441216883680175,36.96300214090565,True,0.0012955565032410567,47.29476739502471,0.001287847074011559,44.82935669866994,0,False
14,11,2,round,True,14,0.39441216883680175,36.96300214090565,True,0.0006490735859464101,53.298015850852224,0.000647718340259045,50.798918723393236,0,False
14,11,4,round,True,14,0.39441216883680175,36.96300214090565,True,0.0006490735859464101,53.298015850852224,0.000647718340259045,50.798918723393236,0,False
14,12,2,round,True,14,0.39441216883680175,36.96300214090565,True,0.00036227604142647995,58.36310229671497,0.00031686487358986183,57.009160657292796,0,False
14,12,4,round,True,14,0.39441216883680175,36.96300214090565,True,0.00036227604142647995,58.36310229671497,0.00031686487358986183,57.009160657292796,0,False
14,13,2,round,True,14,0.39441216883680175,36.96300214090565,True,0.00021497359667417367,62.896192116335314,0.00016626229914176496,62.61076697433613,0,True
14,13,4,round,True,14,0.39441216883680175,36.96300214090565,True,0.00021497359667417367,62.896192116335314,0.00016626229914176496,62.61076697433613,0,True
14,14,2,round,True,14,0.39441216883680175,36.96300214090565,True,0.00016666556562073222,65.10697695757756,9.513128154305407e-05,67.46017566440871,0,True
14,14,4,round,True,14,0.39441216883680175,36.96300214090565,True,0.00016666556562073222,65.10697695757756,9.513128154305407e-05,67.46017566440871,0,True
14,15,2,round,True,14,0.39441216883680175,36.96300214090565,True,0.0001497702462361629,66.03538369210871,6.362689855810752e-05,70.95382752209755,0,True
14,15,4,round,True,14,0.39441216883680175,36.96300214090565,True,0.0001497702462361629,66.03538369210871,6.362689855810752e-05,70.95382752209755,0,True
14,16,2,round,True,14,0.39441216883680175,36.96300214090565,True,0.00014472650501459494,66.33293307830128,5.316327281743307e-05,72.5144084311011,0,True
14,16,4,round,True,14,0.39441216883680175,36.96300214090565,True,0.00014472650501459494,66.33293307830128,5.316327281743307e-05,72.5144084311011,0,True
14,17,2,round,True,14,0.39441216883680175,36.96300214090565,True,0.00014388442371981628,66.3836189340326,4.9940882851602e-05,73.05751830020766,0,True
14,17,4,round,True,14,0.39441216883680175,36.96300214090565,True,0.00014388442371981628,66.3836189340326,4.9940882851602e-05,73.05751830020766,0,True
14,18,2,round,True,14,0.39441216883680175,36.96300214090565,True,0.00014382074396276142,66.38746394909052,4.892374814386057e-05,73.2362481747106,0,True
14,18,4,round,True,14,0.39441216883680175,36.96300214090565,True,0.00014382074396276142,66.38746394909052,4.892374814386057e-05,73.2362481747106,0,True
15,6,2,round,True,15,0.3890095778103093,37.17988507284735,True,0.02075839911002487,23.200017415721913,0.02106801803415338,20.55416898164549,0,False
15,6,4,round,True,15,0.3890095778103093,37.17988507284735,True,0.02075839911002487,23.200017415721913,0.02106801803415338,20.55416898164549,0,False
15,7,2,round,True,15,0.3890095778103093,37.17988507284735,True,0.010506343742621122,29.11486245265825,0.010190379206929561,26.862835702818664,0,False
15,7,4,round,True,15,0.3890095778103093,37.17988507284735,True,0.010506343742621122,29.11486245265825,0.010190379206929561,26.862835702818664,0,False
15,8,2,round,True,15,0.3890095778103093,37.17988507284735,True,0.005161665459139194,35.28809750086077,0.005276089444225934,32.58039962199891,0,False
15,8,4,round,True,15,0.3890095778103093,37.17988507284735,True,0.005161665459139194,35.28809750086077,0.005276089444225934,32.58039962199891,0,False
15,9,2,round,True,15,0.3890095778103093,37.17988507284735,True,0.002567636481575408,41.35322381607568,0.002593179450329345,38.7499911829599,0,False
15,9,4,round,True,15,0.3890095778103093,37.17988507284735,True,0.002567636481575408,41.35322381607568,0.002593179450329345,38.7499911829599,0,False
15,10,2,round,True,15,0.3890095778103093,37.17988507284735,True,0.0012999177277523818,47.26557723779487,0.0012911524028847816,44.807092454115505,0,False
15,10,4,round,True,15,0.3890095778103093,37.17988507284735,True,0.0012999177277523818,47.26557723779487,0.0012911524028847816,44.807092454115505,0,False
15,11,2,round,True,15,0.3890095778103093,37.17988507284735,True,0.0006310040905828928,53.5432510756285,0.000651984005419727,50.74190377689021,0,False
15,11,4,round,True,15,0.3890095778103093,37.17988507284735,True,0.0006310040905828928,53.5432510756285,0.000651984005419727,50.74190377689021,0,False
15,12,2,round,True,15,0.3890095778103093,37.17988507284735,True,0.0003387019401190553,58.94754088164266,0.00031399208359119,57.08826863599242,0,False
15,12,4,round,True,15,0.3890095778103093,37.17988507284735,True,0.0003387019401190553,58.94754088164266,0.00031399208359119,57.08826863599242,0,False
15,13,2,round,True,15,0.3890095778103093,37.17988507284735,True,0.000176317131212434,64.61800434848776,0.00016379920368044277,62.740406888827906,0,True
15,13,4,round,True,15,0.3890095778103093,37.17988507284735,True,0.000176317131212434,64.61800434848776,0.00016379920368044277,62.740406888827906,0,True
15,14,2,round,True,15,0.3890095778103093,37.17988507284735,True,0.0001091075310998258,68.78679999612484,8.28728302068915e-05,68.658399194926,0,True
15,14,4,round,True,15,0.3890095778103093,37.17988507284735,True,0.0001091075310998258,68.78679999612484,8.28728302068915e-05,68.658399194926,0,True
15,15,2,round,True,15,0.3890095778103093,37.17988507284735,True,8.513022652751713e-05,70.94221878771353,4.314341530236907e-05,74.3283521788641,0,True
15,15,4,round,True,15,0.3890095778103093,37.17988507284735,True,8.513022652751713e-05,70.94221878771353,4.314341530236907e-05,74.3283521788641,0,True
15,16,2,round,True,15,0.3890095778103093,37.17988507284735,True,7.800606511885884e-05,71.70132714394809,2.543070443046894e-05,78.91947480447563,0,True
15,16,4,round,True,15,0.3890095778103093,37.17988507284735,True,7.800606511885884e-05,71.70132714394809,2.543070443046894e-05,78.91947480447563,0,True
15,17,2,round,True,15,0.3890095778103093,37.17988507284735,True,7.63646413951197e-05,71.88604823492055,1.865816687311869e-05,81.60926315128272,0,True
15,17,4,round,True,15,0.3890095778103093,37.17988507284735,True,7.63646413951197e-05,71.88604823492055,1.865816687311869e-05,81.60926315128272,0,True
15,18,2,round,True,15,0.3890095778103093,37.17988507284735,True,7.590260344313803e-05,71.93876112114991,1.6543221022328112e-05,82.6542411687173,0,True
15,18,4,round,True,15,0.3890095778103093,37.17988507284735,True,7.590260344313803e-05,71.93876112114991,1.6543221022328112e-05,82.6542411687173,0,True
16,6,2,round,True,16,0.3891402733941601,37.12715434083711,True,0.02072929724095186,23.21220298815524,0.02104571325183176,20.56336963377703,0,False
16,6,4,round,True,16,0.3891402733941601,37.12715434083711,True,0.02072929724095186,23.21220298815524,0.02104571325183176,20.56336963377703,0,False
16,7,2,round,True,16,0.3891402733941601,37.12715434083711,True,0.010525123593166152,29.09935048195233,0.010190379206929561,26.862835702818664,0,False
16,7,4,round,True,16,0.3891402733941601,37.12715434083711,True,0.010525123593166152,29.09935048195233,0.010190379206929561,26.862835702818664,0,False
16,8,2,round,True,16,0.3891402733941601,37.12715434083711,True,0.005164495713459971,35.28333614242706,0.005271483270785661,32.587985958264206,0,False
16,8,4,round,True,16,0.3891402733941601,37.12715434083711,True,0.005164495713459971,35.28333614242706,0.005271483270785661,32.587985958264206,0,False
16,9,2,round,True,16,0.3891402733941601,37.12715434083711,True,0.002560402027503964,41.3777313197665,0.0025952759522862943,38.7429717584098,0,False
16,9,4,round,True,16,0.3891402733941601,37.12715434083711,True,0.002560402027503964,41.3777313197665,0.0025952759522862943,38.7429717584098,0,False
16,10,2,round,True,16,0.3891402733941601,37.12715434083711,True,0.0012973013374279277,47.28307725202199,0.0012900308203994447,44.814640885558006,0,False
16,10,4,round,True,16,0.3891402733941601,37.12715434083711,True,0.0012973013374279277,47.28307725202199,0.0012900308203994447,44.814640885558006,0,False
16,11,2,round,True,16,0.3891402733941601,37.12715434083711,True,0.0006328489143262843,53.51789378050772,0.0006497828471827742,50.771277755349175,0,False
16,11,4,round,True,16,0.3891402733941601,37.12715434083711,True,0.0006328489143262843,53.51789378050772,0.0006497828471827742,50.771277755349175,0,False
16,12,2,round,True,16,0.3891402733941601,37.12715434083711,True,0.00032996826198180586,59.17445118344549,0.00031602168242433963,57.03230499389224,0,False
16,12,4,round,True,16,0.3891402733941601,37.12715434083711,True,0.00032996826198180586,59.17445118344549,0.00031602168242433963,57.03230499389224,0,False
16,13,2,round,True,16,0.3891402733941601,37.12715434083711,True,0.00016171196203824698,65.36905164020553,0.0001629483048114084,62.785645675259154,0,True
16,13,4,round,True,16,0.3891402733941601,37.12715434083711,True,0.00016171196203824698,65.36905164020553,0.0001629483048114084,62.785645675259154,0,True
16,14,2,round,True,16,0.3891402733941601,37.12715434083711,True,8.690593284280057e-05,70.7629060559457,8.203919977720943e-05,68.7462142995946,0,True
16,14,4,round,True,16,0.3891402733941601,37.12715434083711,True,8.690593284280057e-05,70.7629060559457,8.203919977720943e-05,68.7462142995946,0,True
16,15,2,round,True,16,0.3891402733941601,37.12715434083711,True,5.052829934140459e-05,75.47320094438622,4.039168872646992e-05,74.90080239317285,0,True
16,15,4,round,True,16,0.3891402733941601,37.12715434083711,True,5.052829934140459e-05,75.47320094438622,4.039168872646992e-05,74.90080239317285,0,True
16,16,2,round,True,16,0.3891402733941601,37.12715434083711,True,3.634083196143003e-05,78.33599725797362,2.1893077423848893e-05,80.22050635190305,0,True
16,16,4,round,True,16,0.3891402733941601,37.12715434083711,True,3.634083196143003e-05,78.33599725797362,2.1893077423848893e-05,80.22050635190305,0,True
16,17,2,round,True,16,0.3891402733941601,37.12715434083711,True,3.081484842579186e-05,79.76869385165017,1.4013939121427656e-05,84.09543807997417,0,True
16,17,4,round,True,16,0.3891402733941601,37.12715434083711,True,3.081484842579186e-05,79.76869385165017,1.4013939121427656e-05,84.09543807997417,0,True
16,18,2,round,True,16,0.3891402733941601,37.12715434083711,True,2.9681026319558023e-05,80.09431628766728,1.0533672452270263e-05,86.57504641618623,0,True
16,18,4,round,True,16,0.3891402733941601,37.12715434083711,True,2.9681026319558023e-05,80.09431628766728,1.0533672452270263e-05,86.57504641618623,0,True
