coeff_bits,input_bits,acc_guard,rounding,saturate_output,total_bits_per_tap,passband_ripple_db,stopband_atten_db,meets_freq_spec,rms_error_wideband,snr_db_wideband,rms_error_music,snr_db_music,overflow_events,passes_error_budget,avg_bits_per_unique_coeff,bit_widths,min_bits,max_bits,n_levels
12,12,2,round,True,12,0.4077091295335874,35.39928412244019,True,0.001828270500403189,44.30308553095322,0.0015074196958248806,43.461958901855766,0,False,12.0,"12,10,14,12,14,10,14,12,10",10,14,3
12,12,4,round,True,12,0.4077091295335874,35.39928412244019,True,0.001828270500403189,44.30308553095322,0.0015074196958248806,43.461958901855766,0,False,12.0,"12,10,14,12,14,10,14,12,10",10,14,3
12,13,2,round,True,12,0.4077091295335874,35.39928412244019,True,0.0018197746957433173,44.34354213228585,0.0014963767301445492,43.525823691410324,0,False,12.0,"12,10,14,12,14,10,14,12,10",10,14,3
12,13,4,round,True,12,0.4077091295335874,35.39928412244019,True,0.0018197746957433173,44.34354213228585,0.0014963767301445492,43.525823691410324,0,False,12.0,"12,10,14,12,14,10,14,12,10",10,14,3
12,14,2,round,True,12,0.4077091295335874,35.39928412244019,True,0.0018124518587274905,44.378564969864485,0.0014845957327683944,43.59447845227344,0,False,12.0,"12,10,14,12,14,10,14,12,10",10,14,3
12,14,4,round,True,12,0.4077091295335874,35.39928412244019,True,0.0018124518587274905,44.378564969864485,0.0014845957327683944,43.59447845227344,0,False,12.0,"12,10,14,12,14,10,14,12,10",10,14,3
12,15,2,round,True,12,0.4077091295335874,35.39928412244019,True,0.0018079260930565842,44.40028111229246,0.0014846876020783112,43.59394097127394,0,False,12.0,"12,10,14,12,14,10,14,12,10",10,14,3
12,15,4,round,True,12,0.4077091295335874,35.39928412244019,True,0.0018079260930565842,44.40028111229246,0.0014846876020783112,43.59394097127394,0,False,12.0,"12,10,14,12,14,10,14,12,10",10,14,3
12,16,2,round,True,12,0.4077091295335874,35.39928412244019,True,0.0018086119023599339,44.396986876755264,0.001482978095965701,43.60394788214796,0,False,12.0,"12,10,14,12,14,10,14,12,10",10,14,3
12,16,4,round,True,12,0.4077091295335874,35.39928412244019,True,0.0018086119023599339,44.396986876755264,0.001482978095965701,43.60394788214796,0,False,12.0,"12,10,14,12,14,10,14,12,10",10,14,3
12,12,2,round,True,12,0.42878202986060915,33.47025831095619,False,0.001797587428856094,44.45009412329844,0.0010098280054056203,46.94169439547175,0,False,12.11111111111111,"13,11,13,11,14,10,14,13,10",10,14,4
12,12,4,round,True,12,0.42878202986060915,33.47025831095619,False,0.001797587428856094,44.45009412329844,0.0010098280054056203,46.94169439547175,0,False,12.11111111111111,"13,11,13,11,14,10,14,13,10",10,14,4
12,13,2,round,True,12,0.42878202986060915,33.47025831095619,False,0.0017780249694853572,44.545137455520354,0.0009835986007380327,47.1702845656067,0,False,12.11111111111111,"13,11,13,11,14,10,14,13,10",10,14,4
12,13,4,round,True,12,0.42878202986060915,33.47025831095619,False,0.0017780249694853572,44.545137455520354,0.0009835986007380327,47.1702845656067,0,False,12.11111111111111,"13,11,13,11,14,10,14,13,10",10,14,4
12,14,2,round,True,12,0.42878202986060915,33.47025831095619,False,0.0017673147339840505,44.597616605241726,0.0009682316429352997,47.30705717474667,0,False,12.11111111111111,"13,11,13,11,14,10,14,13,10",10,14,4
12,14,4,round,True,12,0.42878202986060915,33.47025831095619,False,0.0017673147339840505,44.597616605241726,0.0009682316429352997,47.30705717474667,0,False,12.11111111111111,"13,11,13,11,14,10,14,13,10",10,14,4
12,15,2,round,True,12,0.42878202986060915,33.47025831095619,False,0.0017682191525869107,44.593172761344626,0.0009686543775023686,47.30326570140718,0,False,12.11111111111111,"13,11,13,11,14,10,14,13,10",10,14,4
12,15,4,round,True,12,0.42878202986060915,33.47025831095619,False,0.0017682191525869107,44.593172761344626,0.0009686543775023686,47.30326570140718,0,False,12.11111111111111,"13,11,13,11,14,10,14,13,10",10,14,4
12,16,2,round,True,12,0.42878202986060915,33.47025831095619,False,0.001767356358559682,44.59741203374938,0.0009687475338303406,47.30243041206454,0,False,12.11111111111111,"13,11,13,11,14,10,14,13,10",10,14,4
12,16,4,round,True,12,0.42878202986060915,33.47025831095619,False,0.001767356358559682,44.59741203374938,0.0009687475338303406,47.30243041206454,0,False,12.11111111111111,"13,11,13,11,14,10,14,13,10",10,14,4
12,12,2,round,True,12,0.41055173733102673,35.42336218842261,True,0.0018377857044930034,44.2579971888346,0.0015928222705141298,42.98329622488759,0,False,12.333333333333334,"12,10,15,12,15,10,15,12,10",10,15,3
12,12,4,round,True,12,0.41055173733102673,35.42336218842261,True,0.0018377857044930034,44.2579971888346,0.0015928222705141298,42.98329622488759,0,False,12.333333333333334,"12,10,15,12,15,10,15,12,10",10,15,3
12,13,2,round,True,12,0.41055173733102673,35.42336218842261,True,0.001815260674874858,44.36511458110356,0.0015813479464169362,43.04609383188143,0,False,12.333333333333334,"12,10,15,12,15,10,15,12,10",10,15,3
12,13,4,round,True,12,0.41055173733102673,35.42336218842261,True,0.001815260674874858,44.36511458110356,0.0015813479464169362,43.04609383188143,0,False,12.333333333333334,"12,10,15,12,15,10,15,12,10",10,15,3
12,14,2,round,True,12,0.41055173733102673,35.42336218842261,True,0.0018101321334600992,44.38968900754624,0.0015710217734076605,43.10299852766128,0,False,12.333333333333334,"12,10,15,12,15,10,15,12,10",10,15,3
12,14,4,round,True,12,0.41055173733102673,35.42336218842261,True,0.0018101321334600992,44.38968900754624,0.0015710217734076605,43.10299852766128,0,False,12.333333333333334,"12,10,15,12,15,10,15,12,10",10,15,3
12,15,2,round,True,12,0.41055173733102673,35.42336218842261,True,0.001809756523378082,44.39149155344769,0.0015721956358862583,43.09651088198762,0,False,12.333333333333334,"12,10,15,12,15,10,15,12,10",10,15,3
12,15,4,round,True,12,0.41055173733102673,35.42336218842261,True,0.001809756523378082,44.39149155344769,0.0015721956358862583,43.09651088198762,0,False,12.333333333333334,"12,10,15,12,15,10,15,12,10",10,15,3
12,16,2,round,True,12,0.41055173733102673,35.42336218842261,True,0.001808757183413137,44.39628919003026,0.0015698196750386364,43.10964725186378,0,False,12.333333333333334,"12,10,15,12,15,10,15,12,10",10,15,3
12,16,4,round,True,12,0.41055173733102673,35.42336218842261,True,0.001808757183413137,44.39628919003026,0.0015698196750386364,43.10964725186378,0,False,12.333333333333334,"12,10,15,12,15,10,15,12,10",10,15,3
13,12,2,round,True,13,0.42065155176512414,34.402904861264425,False,0.0016715603672419301,45.08145325922538,0.0013044361879217803,44.718185838793914,0,False,12.555555555555555,"13,12,13,12,15,10,15,13,10",10,15,4
13,12,4,round,True,13,0.42065155176512414,34.402904861264425,False,0.0016715603672419301,45.08145325922538,0.0013044361879217803,44.718185838793914,0,False,12.555555555555555,"13,12,13,12,15,10,15,13,10",10,15,4
13,13,2,round,True,13,0.42065155176512414,34.402904861264425,False,0.0016484991510840206,45.20212001166104,0.0013043808642534433,44.71855423202963,0,False,12.555555555555555,"13,12,13,12,15,10,15,13,10",10,15,4
13,13,4,round,True,13,0.42065155176512414,34.402904861264425,False,0.0016484991510840206,45.20212001166104,0.0013043808642534433,44.71855423202963,0,False,12.555555555555555,"13,12,13,12,15,10,15,13,10",10,15,4
13,14,2,round,True,13,0.42065155176512414,34.402904861264425,False,0.0016422805112139218,45.23494778468102,0.0012872240172424735,44.83355992432729,0,False,12.555555555555555,"13,12,13,12,15,10,15,13,10",10,15,4
13,14,4,round,True,13,0.42065155176512414,34.402904861264425,False,0.0016422805112139218,45.23494778468102,0.0012872240172424735,44.83355992432729,0,False,12.555555555555555,"13,12,13,12,15,10,15,13,10",10,15,4
13,15,2,round,True,13,0.42065155176512414,34.402904861264425,False,0.0016374484900997359,45.260541626414266,0.0012850387818675191,44.848317917074255,0,False,12.555555555555555,"13,12,13,12,15,10,15,13,10",10,15,4
13,15,4,round,True,13,0.42065155176512414,34.402904861264425,False,0.0016374484900997359,45.260541626414266,0.0012850387818675191,44.848317917074255,0,False,12.555555555555555,"13,12,13,12,15,10,15,13,10",10,15,4
13,16,2,round,True,13,0.42065155176512414,34.402904861264425,False,0.001638674403967619,45.254041166325614,0.001284766519741833,44.85015839797271,0,False,12.555555555555555,"13,12,13,12,15,10,15,13,10",10,15,4
13,16,4,round,True,13,0.42065155176512414,34.402904861264425,False,0.001638674403967619,45.254041166325614,0.001284766519741833,44.85015839797271,0,False,12.555555555555555,"13,12,13,12,15,10,15,13,10",10,15,4
13,12,2,round,True,13,0.40942605349852923,35.36875882196931,True,0.001838295615102817,44.25558754284178,0.0015733671959252166,43.09004078921415,0,False,13.0,"13,10,16,13,16,10,16,13,10",10,16,3
13,12,4,round,True,13,0.40942605349852923,35.36875882196931,True,0.001838295615102817,44.25558754284178,0.0015733671959252166,43.09004078921415,0,False,13.0,"13,10,16,13,16,10,16,13,10",10,16,3
13,13,2,round,True,13,0.40942605349852923,35.36875882196931,True,0.001815395229524848,44.36447077079964,0.001562472686410744,43.15039392686106,0,False,13.0,"13,10,16,13,16,10,16,13,10",10,16,3
13,13,4,round,True,13,0.40942605349852923,35.36875882196931,True,0.001815395229524848,44.36447077079964,0.001562472686410744,43.15039392686106,0,False,13.0,"13,10,16,13,16,10,16,13,10",10,16,3
13,14,2,round,True,13,0.40942605349852923,35.36875882196931,True,0.0018106835006949898,44.387043683689285,0.0015493437341002152,43.22368700849955,0,False,13.0,"13,10,16,13,16,10,16,13,10",10,16,3
13,14,4,round,True,13,0.40942605349852923,35.36875882196931,True,0.0018106835006949898,44.387043683689285,0.0015493437341002152,43.22368700849955,0,False,13.0,"13,10,16,13,16,10,16,13,10",10,16,3
13,15,2,round,True,13,0.40942605349852923,35.36875882196931,True,0.001808170661985774,44.39910619974172,0.0015458083541571809,43.2435296091169,0,False,13.0,"13,10,16,13,16,10,16,13,10",10,16,3
13,15,4,round,True,13,0.40942605349852923,35.36875882196931,True,0.001808170661985774,44.39910619974172,0.0015458083541571809,43.2435296091169,0,False,13.0,"13,10,16,13,16,10,16,13,10",10,16,3
13,16,2,round,True,13,0.40942605349852923,35.36875882196931,True,0.0018074557649844134,44.4025410217084,0.0015474843391338944,43.23411735918733,0,False,13.0,"13,10,16,13,16,10,16,13,10",10,16,3
13,16,4,round,True,13,0.40942605349852923,35.36875882196931,True,0.0018074557649844134,44.4025410217084,0.0015474843391338944,43.23411735918733,0,False,13.0,"13,10,16,13,16,10,16,13,10",10,16,3
13,12,2,round,True,13,0.41851948322524835,34.50625079801312,False,0.0016658733844500844,45.111054777270795,0.0012053715180488104,45.4042241059138,0,False,13.11111111111111,"14,12,14,12,16,10,16,14,10",10,16,4
13,12,4,round,True,13,0.41851948322524835,34.50625079801312,False,0.0016658733844500844,45.111054777270795,0.0012053715180488104,45.4042241059138,0,False,13.11111111111111,"14,12,14,12,16,10,16,14,10",10,16,4
13,13,2,round,True,13,0.41851948322524835,34.50625079801312,False,0.0016457978412104124,45.21636480182665,0.001202565847838822,45.42446529090342,0,False,13.11111111111111,"14,12,14,12,16,10,16,14,10",10,16,4
13,13,4,round,True,13,0.41851948322524835,34.50625079801312,False,0.0016457978412104124,45.21636480182665,0.001202565847838822,45.42446529090342,0,False,13.11111111111111,"14,12,14,12,16,10,16,14,10",10,16,4
13,14,2,round,True,13,0.41851948322524835,34.50625079801312,False,0.0016379363740985926,45.25795401807065,0.001189244100863065,45.52122249406817,0,False,13.11111111111111,"14,12,14,12,16,10,16,14,10",10,16,4
13,14,4,round,True,13,0.41851948322524835,34.50625079801312,False,0.0016379363740985926,45.25795401807065,0.001189244100863065,45.52122249406817,0,False,13.11111111111111,"14,12,14,12,16,10,16,14,10",10,16,4
13,15,2,round,True,13,0.41851948322524835,34.50625079801312,False,0.0016349778936903432,45.27365686832507,0.0011854506017289997,45.54897338163532,0,False,13.11111111111111,"14,12,14,12,16,10,16,14,10",10,16,4
13,15,4,round,True,13,0.41851948322524835,34.50625079801312,False,0.0016349778936903432,45.27365686832507,0.0011854506017289997,45.54897338163532,0,False,13.11111111111111,"14,12,14,12,16,10,16,14,10",10,16,4
13,16,2,round,True,13,0.41851948322524835,34.50625079801312,False,0.0016341629586258163,45.27798732485727,0.001184464208143508,45.55620377344716,0,False,13.11111111111111,"14,12,14,12,16,10,16,14,10",10,16,4
13,16,4,round,True,13,0.41851948322524835,34.50625079801312,False,0.0016341629586258163,45.27798732485727,0.001184464208143508,45.55620377344716,0,False,13.11111111111111,"14,12,14,12,16,10,16,14,10",10,16,4
12,12,2,round,True,12,0.4134969082255261,35.66621753685935,True,0.0008041629295136057,51.43701358789216,0.0005346776418094756,52.46480213180174,0,False,12.333333333333334,"12,11,14,12,14,11,14,12,11",11,14,3
12,12,4,round,True,12,0.4134969082255261,35.66621753685935,True,0.0008041629295136057,51.43701358789216,0.0005346776418094756,52.46480213180174,0,False,12.333333333333334,"12,11,14,12,14,11,14,12,11",11,14,3
12,13,2,round,True,12,0.4134969082255261,35.66621753685935,True,0.0007471101324547359,52.07620203960698,0.00044167147028648394,54.124655671119655,0,False,12.333333333333334,"12,11,14,12,14,11,14,12,11",11,14,3
12,13,4,round,True,12,0.4134969082255261,35.66621753685935,True,0.0007471101324547359,52.07620203960698,0.00044167147028648394,54.124655671119655,0,False,12.333333333333334,"12,11,14,12,14,11,14,12,11",11,14,3
12,14,2,round,True,12,0.4134969082255261,35.66621753685935,True,0.000743855252039875,52.11412589387589,0.00042695840732311693,54.41893121532989,0,False,12.333333333333334,"12,11,14,12,14,11,14,12,11",11,14,3
12,14,4,round,True,12,0.4134969082255261,35.66621753685935,True,0.000743855252039875,52.11412589387589,0.00042695840732311693,54.41893121532989,0,False,12.333333333333334,"12,11,14,12,14,11,14,12,11",11,14,3
12,15,2,round,True,12,0.4134969082255261,35.66621753685935,True,0.0007423793544325788,52.131376855321896,0.0004186691904064438,54.58922255807998,0,False,12.333333333333334,"12,11,14,12,14,11,14,12,11",11,14,3
12,15,4,round,True,12,0.4134969082255261,35.66621753685935,True,0.0007423793544325788,52.131376855321896,0.0004186691904064438,54.58922255807998,0,False,12.333333333333334,"12,11,14,12,14,11,14,12,11",11,14,3
12,16,2,round,True,12,0.4134969082255261,35.66621753685935,True,0.0007392740628251901,52.16778518047207,0.00041640099276934653,54.63640748504741,0,False,12.333333333333334,"12,11,14,12,14,11,14,12,11",11,14,3
12,16,4,round,True,12,0.4134969082255261,35.66621753685935,True,0.0007392740628251901,52.16778518047207,0.00041640099276934653,54.63640748504741,0,False,12.333333333333334,"12,11,14,12,14,11,14,12,11",11,14,3
13,12,2,round,True,13,0.3930938718596422,36.69431043612097,True,0.0004286709923132216,56.901412642676505,0.00033093506645674183,56.63178684647466,0,False,12.555555555555555,"13,12,13,12,14,11,14,13,11",11,14,4
13,12,4,round,True,13,0.3930938718596422,36.69431043612097,True,0.0004286709923132216,56.901412642676505,0.00033093506645674183,56.63178684647466,0,False,12.555555555555555,"13,12,13,12,14,11,14,13,11",11,14,4
13,13,2,round,True,13,0.3930938718596422,36.69431043612097,True,0.00033490439337809373,59.04547767263712,0.00019824671743452863,61.08252251026626,0,False,12.555555555555555,"13,12,13,12,14,11,14,13,11",11,14,4
13,13,4,round,True,13,0.3930938718596422,36.69431043612097,True,0.00033490439337809373,59.04547767263712,0.00019824671743452863,61.08252251026626,0,False,12.555555555555555,"13,12,13,12,14,11,14,13,11",11,14,4
13,14,2,round,True,13,0.3930938718596422,36.69431043612097,True,0.00030212891619903925,59.94004871267322,0.00013726530411208924,64.2754270786599,0,False,12.555555555555555,"13,12,13,12,14,11,14,13,11",11,14,4
13,14,4,round,True,13,0.3930938718596422,36.69431043612097,True,0.00030212891619903925,59.94004871267322,0.00013726530411208924,64.2754270786599,0,False,12.555555555555555,"13,12,13,12,14,11,14,13,11",11,14,4
13,15,2,round,True,13,0.3930938718596422,36.69431043612097,True,0.00029096373926844614,60.26711718152701,0.0001180063982244351,65.58853150869466,0,True,12.555555555555555,"13,12,13,12,14,11,14,13,11",11,14,4
13,15,4,round,True,13,0.3930938718596422,36.69431043612097,True,0.00029096373926844614,60.26711718152701,0.0001180063982244351,65.58853150869466,0,True,12.555555555555555,"13,12,13,12,14,11,14,13,11",11,14,4
13,16,2,round,True,13,0.3930938718596422,36.69431043612097,True,0.0002884670739585449,60.34196958170014,0.00011306086733743396,65.96039635460242,0,True,12.555555555555555,"13,12,13,12,14,11,14,13,11",11,14,4
13,16,4,round,True,13,0.3930938718596422,36.69431043612097,True,0.0002884670739585449,60.34196958170014,0.00011306086733743396,65.96039635460242,0,True,12.555555555555555,"13,12,13,12,14,11,14,13,11",11,14,4
13,12,2,round,True,13,0.4086115760335077,35.73867892823245,True,0.0007929155212291323,51.559356184363,0.0004784221601358128,53.43041685799152,0,False,13.0,"13,11,15,13,15,11,15,13,11",11,15,3
13,12,4,round,True,13,0.4086115760335077,35.73867892823245,True,0.0007929155212291323,51.559356184363,0.0004784221601358128,53.43041685799152,0,False,13.0,"13,11,15,13,15,11,15,13,11",11,15,3
13,13,2,round,True,13,0.4086115760335077,35.73867892823245,True,0.0007495022544006868,52.04843569863618,0.0003640540245670174,55.80332588085545,0,False,13.0,"13,11,15,13,15,11,15,13,11",11,15,3
13,13,4,round,True,13,0.4086115760335077,35.73867892823245,True,0.0007495022544006868,52.04843569863618,0.0003640540245670174,55.80332588085545,0,False,13.0,"13,11,15,13,15,11,15,13,11",11,15,3
13,14,2,round,True,13,0.4086115760335077,35.73867892823245,True,0.0007430601630662413,52.12341499756731,0.000346255846970094,56.23870029547472,0,False,13.0,"13,11,15,13,15,11,15,13,11",11,15,3
13,14,4,round,True,13,0.4086115760335077,35.73867892823245,True,0.0007430601630662413,52.12341499756731,0.000346255846970094,56.23870029547472,0,False,13.0,"13,11,15,13,15,11,15,13,11",11,15,3
13,15,2,round,True,13,0.4086115760335077,35.73867892823245,True,0.0007358455571335004,52.20816112732004,0.00034013173389562914,56.393699550576954,0,False,13.0,"13,11,15,13,15,11,15,13,11",11,15,3
13,15,4,round,True,13,0.4086115760335077,35.73867892823245,True,0.0007358455571335004,52.20816112732004,0.00034013173389562914,56.393699550576954,0,False,13.0,"13,11,15,13,15,11,15,13,11",11,15,3
13,16,2,round,True,13,0.4086115760335077,35.73867892823245,True,0.0007361532078857318,52.20453038987194,0.0003371303195346986,56.470686366646774,0,False,13.0,"13,11,15,13,15,11,15,13,11",11,15,3
13,16,4,round,True,13,0.4086115760335077,35.73867892823245,True,0.0007361532078857318,52.20453038987194,0.0003371303195346986,56.470686366646774,0,False,13.0,"13,11,15,13,15,11,15,13,11",11,15,3
13,12,2,round,True,13,0.3896337188927606,36.70091561926532,True,0.00042404009325882084,56.99575614129709,0.0003230732063981583,56.840623771727586,0,False,13.11111111111111,"14,12,14,12,15,11,15,14,11",11,15,4
13,12,4,round,True,13,0.3896337188927606,36.70091561926532,True,0.00042404009325882084,56.99575614129709,0.0003230732063981583,56.840623771727586,0,False,13.11111111111111,"14,12,14,12,15,11,15,14,11",11,15,4
13,13,2,round,True,13,0.3896337188927606,36.70091561926532,True,0.0003179633741756535,59.49635262836219,0.0001813739628123584,61.85514377168264,0,False,13.11111111111111,"14,12,14,12,15,11,15,14,11",11,15,4
13,13,4,round,True,13,0.3896337188927606,36.70091561926532,True,0.0003179633741756535,59.49635262836219,0.0001813739628123584,61.85514377168264,0,False,13.11111111111111,"14,12,14,12,15,11,15,14,11",11,15,4
13,14,2,round,True,13,0.3896337188927606,36.70091561926532,True,0.0002882526755339861,60.34842762702187,0.00011329528150277846,65.94240615369033,0,True,13.11111111111111,"14,12,14,12,15,11,15,14,11",11,15,4
13,14,4,round,True,13,0.3896337188927606,36.70091561926532,True,0.0002882526755339861,60.34842762702187,0.00011329528150277846,65.94240615369033,0,True,13.11111111111111,"14,12,14,12,15,11,15,14,11",11,15,4
13,15,2,round,True,13,0.3896337188927606,36.70091561926532,True,0.00027937974176304705,60.61999633660022,8.758671937511644e-05,68.17787741388183,0,True,13.11111111111111,"14,12,14,12,15,11,15,14,11",11,15,4
13,15,4,round,True,13,0.3896337188927606,36.70091561926532,True,0.00027937974176304705,60.61999633660022,8.758671937511644e-05,68.17787741388183,0,True,13.11111111111111,"14,12,14,12,15,11,15,14,11",11,15,4
13,16,2,round,True,13,0.3896337188927606,36.70091561926532,True,0.00027690718498404605,60.697210075420614,8.035662897716449e-05,68.92620842108218,0,True,13.11111111111111,"14,12,14,12,15,11,15,14,11",11,15,4
13,16,4,round,True,13,0.3896337188927606,36.70091561926532,True,0.00027690718498404605,60.697210075420614,8.035662897716449e-05,68.92620842108218,0,True,13.11111111111111,"14,12,14,12,15,11,15,14,11",11,15,4
14,12,2,round,True,14,0.41440361614059606,35.81109403608189,True,0.0007905321708761835,51.585503601636134,0.0005526166033930674,52.178164026937864,0,False,13.666666666666666,"14,11,16,14,16,11,16,14,11",11,16,3
14,12,4,round,True,14,0.41440361614059606,35.81109403608189,True,0.0007905321708761835,51.585503601636134,0.0005526166033930674,52.178164026937864,0,False,13.666666666666666,"14,11,16,14,16,11,16,14,11",11,16,3
14,13,2,round,True,14,0.41440361614059606,35.81109403608189,True,0.0007260340708868337,52.32475453860371,0.00045600940984908425,53.847166520171655,0,False,13.666666666666666,"14,11,16,14,16,11,16,14,11",11,16,3
14,13,4,round,True,14,0.41440361614059606,35.81109403608189,True,0.0007260340708868337,52.32475453860371,0.00045600940984908425,53.847166520171655,0,False,13.666666666666666,"14,11,16,14,16,11,16,14,11",11,16,3
14,14,2,round,True,14,0.41440361614059606,35.81109403608189,True,0.0007204454349006079,52.391872692369304,0.00044269680329606434,54.10451489126591,0,False,13.666666666666666,"14,11,16,14,16,11,16,14,11",11,16,3
14,14,4,round,True,14,0.41440361614059606,35.81109403608189,True,0.0007204454349006079,52.391872692369304,0.00044269680329606434,54.10451489126591,0,False,13.666666666666666,"14,11,16,14,16,11,16,14,11",11,16,3
14,15,2,round,True,14,0.41440361614059606,35.81109403608189,True,0.0007179066095456965,52.42253553298559,0.00043684172864534153,54.22016027041683,0,False,13.666666666666666,"14,11,16,14,16,11,16,14,11",11,16,3
14,15,4,round,True,14,0.41440361614059606,35.81109403608189,True,0.0007179066095456965,52.42253553298559,0.00043684172864534153,54.22016027041683,0,False,13.666666666666666,"14,11,16,14,16,11,16,14,11",11,16,3
14,16,2,round,True,14,0.41440361614059606,35.81109403608189,True,0.0007168160571925065,52.435740062931686,0.0004348815030411516,54.25922388910462,0,False,13.666666666666666,"14,11,16,14,16,11,16,14,11",11,16,3
14,16,4,round,True,14,0.41440361614059606,35.81109403608189,True,0.0007168160571925065,52.435740062931686,0.0004348815030411516,54.25922388910462,0,False,13.666666666666666,"14,11,16,14,16,11,16,14,11",11,16,3
14,12,2,round,True,14,0.38983461705806266,36.67267199899862,True,0.00041928958650920995,57.09361304064204,0.00032117389597007413,56.89183781211878,0,False,13.555555555555555,"14,13,14,13,16,11,16,14,11",11,16,4
14,12,4,round,True,14,0.38983461705806266,36.67267199899862,True,0.00041928958650920995,57.09361304064204,0.00032117389597007413,56.89183781211878,0,False,13.555555555555555,"14,13,14,13,16,11,16,14,11",11,16,4
14,13,2,round,True,14,0.38983461705806266,36.67267199899862,True,0.00032289010640665627,59.36279980604138,0.00017838156455993588,61.99964323561241,0,False,13.555555555555555,"14,13,14,13,16,11,16,14,11",11,16,4
14,13,4,round,True,14,0.38983461705806266,36.67267199899862,True,0.00032289010640665627,59.36279980604138,0.00017838156455993588,61.99964323561241,0,False,13.555555555555555,"14,13,14,13,16,11,16,14,11",11,16,4
14,14,2,round,True,14,0.38983461705806266,36.67267199899862,True,0.0002861705678945721,60.41139526135939,0.00011128905513949702,66.09759350637026,0,True,13.555555555555555,"14,13,14,13,16,11,16,14,11",11,16,4
14,14,4,round,True,14,0.38983461705806266,36.67267199899862,True,0.0002861705678945721,60.41139526135939,0.00011128905513949702,66.09759350637026,0,True,13.555555555555555,"14,13,14,13,16,11,16,14,11",11,16,4
14,15,2,round,True,14,0.38983461705806266,36.67267199899862,True,0.00027638058511630735,60.713743929819366,8.371594674480142e-05,68.57047874960168,0,True,13.555555555555555,"14,13,14,13,16,11,16,14,11",11,16,4
14,15,4,round,True,14,0.38983461705806266,36.67267199899862,True,0.00027638058511630735,60.713743929819366,8.371594674480142e-05,68.57047874960168,0,True,13.555555555555555,"14,13,14,13,16,11,16,14,11",11,16,4
14,16,2,round,True,14,0.38983461705806266,36.67267199899862,True,0.00027382442673988604,60.79445082567191,7.677666167361077e-05,69.32205811782036,0,True,13.555555555555555,"14,13,14,13,16,11,16,14,11",11,16,4
14,16,4,round,True,14,0.38983461705806266,36.67267199899862,True,0.00027382442673988604,60.79445082567191,7.677666167361077e-05,69.32205811782036,0,True,13.555555555555555,"14,13,14,13,16,11,16,14,11",11,16,4
13,12,2,round,True,13,0.3900362953723182,36.64441821760706,True,0.00042501165873413147,56.975877696530375,0.00032273147527822605,56.84981614569105,0,False,13.0,"13,12,14,13,14,12,14,13,12",12,14,3
13,12,4,round,True,13,0.3900362953723182,36.64441821760706,True,0.00042501165873413147,56.975877696530375,0.00032273147527822605,56.84981614569105,0,False,13.0,"13,12,14,13,14,12,14,13,12",12,14,3
13,13,2,round,True,13,0.3900362953723182,36.64441821760706,True,0.00032485118294584405,59.31020551657486,0.00018008941960574683,61.9168786418794,0,False,13.0,"13,12,14,13,14,12,14,13,12",12,14,3
13,13,4,round,True,13,0.3900362953723182,36.64441821760706,True,0.00032485118294584405,59.31020551657486,0.00018008941960574683,61.9168786418794,0,False,13.0,"13,12,14,13,14,12,14,13,12",12,14,3
13,14,2,round,True,13,0.3900362953723182,36.64441821760706,True,0.00029125073102103885,60.25855408658809,0.00011525983853407273,65.7930824734786,0,True,13.0,"13,12,14,13,14,12,14,13,12",12,14,3
13,14,4,round,True,13,0.3900362953723182,36.64441821760706,True,0.00029125073102103885,60.25855408658809,0.00011525983853407273,65.7930824734786,0,True,13.0,"13,12,14,13,14,12,14,13,12",12,14,3
13,15,2,round,True,13,0.3900362953723182,36.64441821760706,True,0.0002815324583396896,60.55332511636785,8.983370645282243e-05,67.95785623793589,0,True,13.0,"13,12,14,13,14,12,14,13,12",12,14,3
13,15,4,round,True,13,0.3900362953723182,36.64441821760706,True,0.0002815324583396896,60.55332511636785,8.983370645282243e-05,67.95785623793589,0,True,13.0,"13,12,14,13,14,12,14,13,12",12,14,3
13,16,2,round,True,13,0.3900362953723182,36.64441821760706,True,0.0002793193083868846,60.621875407766375,8.14743310291927e-05,68.80622654566247,0,True,13.0,"13,12,14,13,14,12,14,13,12",12,14,3
13,16,4,round,True,13,0.3900362953723182,36.64441821760706,True,0.0002793193083868846,60.621875407766375,8.14743310291927e-05,68.80622654566247,0,True,13.0,"13,12,14,13,14,12,14,13,12",12,14,3
13,12,2,round,True,13,0.3930938718596422,36.69431043612097,True,0.0004286709923132216,56.901412642676505,0.00033093506645674183,56.63178684647466,0,False,13.0,"13,13,13,13,14,12,14,13,12",12,14,4
13,12,4,round,True,13,0.3930938718596422,36.69431043612097,True,0.0004286709923132216,56.901412642676505,0.00033093506645674183,56.63178684647466,0,False,13.0,"13,13,13,13,14,12,14,13,12",12,14,4
13,13,2,round,True,13,0.3930938718596422,36.69431043612097,True,0.00033490439337809373,59.04547767263712,0.00019824671743452863,61.08252251026626,0,False,13.0,"13,13,13,13,14,12,14,13,12",12,14,4
13,13,4,round,True,13,0.3930938718596422,36.69431043612097,True,0.00033490439337809373,59.04547767263712,0.00019824671743452863,61.08252251026626,0,False,13.0,"13,13,13,13,14,12,14,13,12",12,14,4
13,14,2,round,True,13,0.3930938718596422,36.69431043612097,True,0.00030212891619903925,59.94004871267322,0.00013726530411208924,64.2754270786599,0,False,13.0,"13,13,13,13,14,12,14,13,12",12,14,4
13,14,4,round,True,13,0.3930938718596422,36.69431043612097,True,0.00030212891619903925,59.94004871267322,0.00013726530411208924,64.2754270786599,0,False,13.0,"13,13,13,13,14,12,14,13,12",12,14,4
13,15,2,round,True,13,0.3930938718596422,36.69431043612097,True,0.00029096373926844614,60.26711718152701,0.0001180063982244351,65.58853150869466,0,True,13.0,"13,13,13,13,14,12,14,13,12",12,14,4
13,15,4,round,True,13,0.3930938718596422,36.69431043612097,True,0.00029096373926844614,60.26711718152701,0.0001180063982244351,65.58853150869466,0,True,13.0,"13,13,13,13,14,12,14,13,12",12,14,4
13,16,2,round,True,13,0.3930938718596422,36.69431043612097,True,0.0002884670739585449,60.34196958170014,0.00011306086733743396,65.96039635460242,0,True,13.0,"13,13,13,13,14,12,14,13,12",12,14,4
13,16,4,round,True,13,0.3930938718596422,36.69431043612097,True,0.0002884670739585449,60.34196958170014,0.00011306086733743396,65.96039635460242,0,True,13.0,"13,13,13,13,14,12,14,13,12",12,14,4
14,12,2,round,True,14,0.3900994282952063,36.87565137229133,True,0.00038549516323911425,57.823515900711044,0.0003222371643390897,56.86313006776772,0,False,13.666666666666666,"14,12,15,14,15,12,15,14,12",12,15,3
14,12,4,round,True,14,0.3900994282952063,36.87565137229133,True,0.00038549516323911425,57.823515900711044,0.0003222371643390897,56.86313006776772,0,False,13.666666666666666,"14,12,15,14,15,12,15,14,12",12,15,3
14,13,2,round,True,14,0.3900994282952063,36.87565137229133,True,0.0002687148874956675,60.958060005721535,0.00017851122418947863,61.99333204458939,0,True,13.666666666666666,"14,12,15,14,15,12,15,14,12",12,15,3
14,13,4,round,True,14,0.3900994282952063,36.87565137229133,True,0.0002687148874956675,60.958060005721535,0.00017851122418947863,61.99333204458939,0,True,13.666666666666666,"14,12,15,14,15,12,15,14,12",12,15,3
14,14,2,round,True,14,0.3900994282952063,36.87565137229133,True,0.00023071142452807728,62.28251255336506,0.00011131185578827364,66.09581414330461,0,True,13.666666666666666,"14,12,15,14,15,12,15,14,12",12,15,3
14,14,4,round,True,14,0.3900994282952063,36.87565137229133,True,0.00023071142452807728,62.28251255336506,0.00011131185578827364,66.09581414330461,0,True,13.666666666666666,"14,12,15,14,15,12,15,14,12",12,15,3
14,15,2,round,True,14,0.3900994282952063,36.87565137229133,True,0.0002211824241157341,62.64888229767198,8.445052796346556e-05,68.49459523014197,0,True,13.666666666666666,"14,12,15,14,15,12,15,14,12",12,15,3
14,15,4,round,True,14,0.3900994282952063,36.87565137229133,True,0.0002211824241157341,62.64888229767198,8.445052796346556e-05,68.49459523014197,0,True,13.666666666666666,"14,12,15,14,15,12,15,14,12",12,15,3
14,16,2,round,True,14,0.3900994282952063,36.87565137229133,True,0.00021876411170481758,62.74437302012867,7.605576517617819e-05,69.40399981024298,0,True,13.666666666666666,"14,12,15,14,15,12,15,14,12",12,15,3
14,16,4,round,True,14,0.3900994282952063,36.87565137229133,True,0.00021876411170481758,62.74437302012867,7.605576517617819e-05,69.40399981024298,0,True,13.666666666666666,"14,12,15,14,15,12,15,14,12",12,15,3
14,12,2,round,True,14,0.3896337188927606,36.70091561926532,True,0.00042404009325882084,56.99575614129709,0.0003230732063981583,56.840623771727586,0,False,13.555555555555555,"14,13,14,13,15,12,15,14,12",12,15,4
14,12,4,round,True,14,0.3896337188927606,36.70091561926532,True,0.00042404009325882084,56.99575614129709,0.0003230732063981583,56.840623771727586,0,False,13.555555555555555,"14,13,14,13,15,12,15,14,12",12,15,4
14,13,2,round,True,14,0.3896337188927606,36.70091561926532,True,0.0003179633741756535,59.49635262836219,0.0001813739628123584,61.85514377168264,0,False,13.555555555555555,"14,13,14,13,15,12,15,14,12",12,15,4
14,13,4,round,True,14,0.3896337188927606,36.70091561926532,True,0.0003179633741756535,59.49635262836219,0.0001813739628123584,61.85514377168264,0,False,13.555555555555555,"14,13,14,13,15,12,15,14,12",12,15,4
14,14,2,round,True,14,0.3896337188927606,36.70091561926532,True,0.0002882526755339861,60.34842762702187,0.00011329528150277846,65.94240615369033,0,True,13.555555555555555,"14,13,14,13,15,12,15,14,12",12,15,4
14,14,4,round,True,14,0.3896337188927606,36.70091561926532,True,0.0002882526755339861,60.34842762702187,0.00011329528150277846,65.94240615369033,0,True,13.555555555555555,"14,13,14,13,15,12,15,14,12",12,15,4
14,15,2,round,True,14,0.3896337188927606,36.70091561926532,True,0.00027937974176304705,60.61999633660022,8.758671937511644e-05,68.17787741388183,0,True,13.555555555555555,"14,13,14,13,15,12,15,14,12",12,15,4
14,15,4,round,True,14,0.3896337188927606,36.70091561926532,True,0.00027937974176304705,60.61999633660022,8.758671937511644e-05,68.17787741388183,0,True,13.555555555555555,"14,13,14,13,15,12,15,14,12",12,15,4
14,16,2,round,True,14,0.3896337188927606,36.70091561926532,True,0.00027690718498404605,60.697210075420614,8.035662897716449e-05,68.92620842108218,0,True,13.555555555555555,"14,13,14,13,15,12,15,14,12",12,15,4
14,16,4,round,True,14,0.3896337188927606,36.70091561926532,True,0.00027690718498404605,60.697210075420614,8.035662897716449e-05,68.92620842108218,0,True,13.555555555555555,"14,13,14,13,15,12,15,14,12",12,15,4
14,12,2,round,True,14,0.39030117956278065,36.90130947645222,True,0.0003835806520072242,57.86676070776813,0.00033000594072565,56.65620744918665,0,False,14.0,"14,12,16,14,16,12,16,14,12",12,16,3
14,12,4,round,True,14,0.39030117956278065,36.90130947645222,True,0.0003835806520072242,57.86676070776813,0.00033000594072565,56.65620744918665,0,False,14.0,"14,12,16,14,16,12,16,14,12",12,16,3
14,13,2,round,True,14,0.39030117956278065,36.90130947645222,True,0.0002665679973643735,61.02773438263024,0.00018453668159089766,61.704988476527774,0,True,14.0,"14,12,16,14,16,12,16,14,12",12,16,3
14,13,4,round,True,14,0.39030117956278065,36.90130947645222,True,0.0002665679973643735,61.02773438263024,0.00018453668159089766,61.704988476527774,0,True,14.0,"14,12,16,14,16,12,16,14,12",12,16,3
14,14,2,round,True,14,0.39030117956278065,36.90130947645222,True,0.00022975228052771342,62.31869795035425,0.00011729071058628402,65.64137026257652,0,True,14.0,"14,12,16,14,16,12,16,14,12",12,16,3
14,14,4,round,True,14,0.39030117956278065,36.90130947645222,True,0.00022975228052771342,62.31869795035425,0.00011729071058628402,65.64137026257652,0,True,14.0,"14,12,16,14,16,12,16,14,12",12,16,3
14,15,2,round,True,14,0.39030117956278065,36.90130947645222,True,0.00021980307954139704,62.70321911245689,9.36887463781424e-05,67.59289405403759,0,True,14.0,"14,12,16,14,16,12,16,14,12",12,16,3
14,15,4,round,True,14,0.39030117956278065,36.90130947645222,True,0.00021980307954139704,62.70321911245689,9.36887463781424e-05,67.59289405403759,0,True,14.0,"14,12,16,14,16,12,16,14,12",12,16,3
14,16,2,round,True,14,0.39030117956278065,36.90130947645222,True,0.00021660993885940912,62.83032697289266,8.681815944685205e-05,68.25443112012216,0,True,14.0,"14,12,16,14,16,12,16,14,12",12,16,3
14,16,4,round,True,14,0.39030117956278065,36.90130947645222,True,0.00021660993885940912,62.83032697289266,8.681815944685205e-05,68.25443112012216,0,True,14.0,"14,12,16,14,16,12,16,14,12",12,16,3
14,12,2,round,True,14,0.39115188411861596,36.7982569021929,True,0.000418021245153891,57.11992747739656,0.00032045740508915044,56.9112363772912,0,False,14.11111111111111,"15,13,15,13,16,12,16,15,12",12,16,4
14,12,4,round,True,14,0.39115188411861596,36.7982569021929,True,0.000418021245153891,57.11992747739656,0.00032045740508915044,56.9112363772912,0,False,14.11111111111111,"15,13,15,13,16,12,16,15,12",12,16,4
14,13,2,round,True,14,0.39115188411861596,36.7982569021929,True,0.0003042029141265743,59.88062716669499,0.0001781236336841088,62.01221168916442,0,False,14.11111111111111,"15,13,15,13,16,12,16,15,12",12,16,4
14,13,4,round,True,14,0.39115188411861596,36.7982569021929,True,0.0003042029141265743,59.88062716669499,0.0001781236336841088,62.01221168916442,0,False,14.11111111111111,"15,13,15,13,16,12,16,15,12",12,16,4
14,14,2,round,True,14,0.39115188411861596,36.7982569021929,True,0.00027009817287572483,60.913461641540074,0.00010953969093515562,66.23521238568739,0,True,14.11111111111111,"15,13,15,13,16,12,16,15,12",12,16,4
14,14,4,round,True,14,0.39115188411861596,36.7982569021929,True,0.00027009817287572483,60.913461641540074,0.00010953969093515562,66.23521238568739,0,True,14.11111111111111,"15,13,15,13,16,12,16,15,12",12,16,4
14,15,2,round,True,14,0.39115188411861596,36.7982569021929,True,0.00026047386028047235,61.22861163985064,8.372065598868361e-05,68.56999015903088,0,True,14.11111111111111,"15,13,15,13,16,12,16,15,12",12,16,4
14,15,4,round,True,14,0.39115188411861596,36.7982569021929,True,0.00026047386028047235,61.22861163985064,8.372065598868361e-05,68.56999015903088,0,True,14.11111111111111,"15,13,15,13,16,12,16,15,12",12,16,4
14,16,2,round,True,14,0.39115188411861596,36.7982569021929,True,0.00025880046587261566,61.284593492719125,7.606204266896286e-05,69.40328292363603,0,True,14.11111111111111,"15,13,15,13,16,12,16,15,12",12,16,4
14,16,4,round,True,14,0.39115188411861596,36.7982569021929,True,0.00025880046587261566,61.284593492719125,7.606204266896286e-05,69.40328292363603,0,True,14.11111111111111,"15,13,15,13,16,12,16,15,12",12,16,4
14,12,2,round,True,14,0.39441216883680175,36.96300214090565,True,0.00036227604142647995,58.36310229671497,0.00031686487358986183,57.009160657292796,0,False,13.666666666666666,"14,13,14,14,14,13,14,14,13",13,14,3
14,12,4,round,True,14,0.39441216883680175,36.96300214090565,True,0.00036227604142647995,58.36310229671497,0.00031686487358986183,57.009160657292796,0,False,13.666666666666666,"14,13,14,14,14,13,14,14,13",13,14,3
14,13,2,round,True,14,0.39441216883680175,36.96300214090565,True,0.00021497359667417367,62.896192116335314,0.00016626229914176496,62.61076697433613,0,True,13.666666666666666,"14,13,14,14,14,13,14,14,13",13,14,3
14,13,4,round,True,14,0.39441216883680175,36.96300214090565,True,0.00021497359667417367,62.896192116335314,0.00016626229914176496,62.61076697433613,0,True,13.666666666666666,"14,13,14,14,14,13,14,14,13",13,14,3
14,14,2,round,True,14,0.39441216883680175,36.96300214090565,True,0.00016666556562073222,65.10697695757756,9.513128154305407e-05,67.46017566440871,0,True,13.666666666666666,"14,13,14,14,14,13,14,14,13",13,14,3
14,14,4,round,True,14,0.39441216883680175,36.96300214090565,True,0.00016666556562073222,65.10697695757756,9.513128154305407e-05,67.46017566440871,0,True,13.666666666666666,"14,13,14,14,14,13,14,14,13",13,14,3
14,15,2,round,True,14,0.39441216883680175,36.96300214090565,True,0.0001497702462361629,66.03538369210871,6.362689855810752e-05,70.95382752209755,0,True,13.666666666666666,"14,13,14,14,14,13,14,14,13",13,14,3
14,15,4,round,True,14,0.39441216883680175,36.96300214090565,True,0.0001497702462361629,66.03538369210871,6.362689855810752e-05,70.95382752209755,0,True,13.666666666666666,"14,13,14,14,14,13,14,14,13",13,14,3
14,16,2,round,True,14,0.39441216883680175,36.96300214090565,True,0.00014472650501459494,66.33293307830128,5.316327281743307e-05,72.5144084311011,0,True,13.666666666666666,"14,13,14,14,14,13,14,14,13",13,14,3
14,16,4,round,True,14,0.39441216883680175,36.96300214090565,True,0.00014472650501459494,66.33293307830128,5.316327281743307e-05,72.5144084311011,0,True,13.666666666666666,"14,13,14,14,14,13,14,14,13",13,14,3
14,12,2,round,True,14,0.39022683105991746,36.93751570684481,True,0.0003727515723142196,58.11550488755336,0.0003196659960985992,56.932713781929664,0,False,13.555555555555555,"14,13,14,13,14,13,14,14,13",13,14,4
14,12,4,round,True,14,0.39022683105991746,36.93751570684481,True,0.0003727515723142196,58.11550488755336,0.0003196659960985992,56.932713781929664,0,False,13.555555555555555,"14,13,14,13,14,13,14,14,13",13,14,4
14,13,2,round,True,14,0.39022683105991746,36.93751570684481,True,0.0002585441920798821,61.29319884324771,0.00018302308548706443,61.7765251582118,0,True,13.555555555555555,"14,13,14,13,14,13,14,14,13",13,14,4
14,13,4,round,True,14,0.39022683105991746,36.93751570684481,True,0.0002585441920798821,61.29319884324771,0.00018302308548706443,61.7765251582118,0,True,13.555555555555555,"14,13,14,13,14,13,14,14,13",13,14,4
14,14,2,round,True,14,0.39022683105991746,36.93751570684481,True,0.00021084412862113,63.064664334017415,0.00011184989352073476,66.05393111061784,0,True,13.555555555555555,"14,13,14,13,14,13,14,14,13",13,14,4
14,14,4,round,True,14,0.39022683105991746,36.93751570684481,True,0.00021084412862113,63.064664334017415,0.00011184989352073476,66.05393111061784,0,True,13.555555555555555,"14,13,14,13,14,13,14,14,13",13,14,4
14,15,2,round,True,14,0.39022683105991746,36.93751570684481,True,0.00019944017810957435,63.54764150150353,8.476779971258201e-05,68.46202440090454,0,True,13.555555555555555,"14,13,14,13,14,13,14,14,13",13,14,4
14,15,4,round,True,14,0.39022683105991746,36.93751570684481,True,0.00019944017810957435,63.54764150150353,8.476779971258201e-05,68.46202440090454,0,True,13.555555555555555,"14,13,14,13,14,13,14,14,13",13,14,4
14,16,2,round,True,14,0.39022683105991746,36.93751570684481,True,0.00019534278620608197,63.72794701153226,7.783498382719792e-05,69.20314582021979,0,True,13.555555555555555,"14,13,14,13,14,13,14,14,13",13,14,4
14,16,4,round,True,14,0.39022683105991746,36.93751570684481,True,0.00019534278620608197,63.72794701153226,7.783498382719792e-05,69.20314582021979,0,True,13.555555555555555,"14,13,14,13,14,13,14,14,13",13,14,4
14,12,2,round,True,14,0.3902900138543355,36.96297048562493,True,0.00034580374333622184,58.76730076404321,0.0003197379653594601,56.93075847011586,0,False,14.0,"14,13,15,14,15,13,15,14,13",13,15,3
14,12,4,round,True,14,0.3902900138543355,36.96297048562493,True,0.00034580374333622184,58.76730076404321,0.0003197379653594601,56.93075847011586,0,False,14.0,"14,13,15,14,15,13,15,14,13",13,15,3
14,13,2,round,True,14,0.3902900138543355,36.96297048562493,True,0.0001977517576452925,63.62148752319445,0.00017926239857359215,61.95685854866008,0,True,14.0,"14,13,15,14,15,13,15,14,13",13,15,3
14,13,4,round,True,14,0.3902900138543355,36.96297048562493,True,0.0001977517576452925,63.62148752319445,0.00017926239857359215,61.95685854866008,0,True,14.0,"14,13,15,14,15,13,15,14,13",13,15,3
14,14,2,round,True,14,0.3902900138543355,36.96297048562493,True,0.0001353230068907337,66.91646178253558,0.0001055810002212874,66.55492717101231,0,True,14.0,"14,13,15,14,15,13,15,14,13",13,15,3
14,14,4,round,True,14,0.3902900138543355,36.96297048562493,True,0.0001353230068907337,66.91646178253558,0.0001055810002212874,66.55492717101231,0,True,14.0,"14,13,15,14,15,13,15,14,13",13,15,3
14,15,2,round,True,14,0.3902900138543355,36.96297048562493,True,0.00011520790822815909,68.31424873972047,8.067181098028968e-05,68.89220648214784,0,True,14.0,"14,13,15,14,15,13,15,14,13",13,15,3
14,15,4,round,True,14,0.3902900138543355,36.96297048562493,True,0.00011520790822815909,68.31424873972047,8.067181098028968e-05,68.89220648214784,0,True,14.0,"14,13,15,14,15,13,15,14,13",13,15,3
14,16,2,round,True,14,0.3902900138543355,36.96297048562493,True,0.000108526569246371,68.83317308307466,7.266686943084413e-05,69.79991359626312,0,True,14.0,"14,13,15,14,15,13,15,14,13",13,15,3
14,16,4,round,True,14,0.3902900138543355,36.96297048562493,True,0.000108526569246371,68.83317308307466,7.266686943084413e-05,69.79991359626312,0,True,14.0,"14,13,15,14,15,13,15,14,13",13,15,3
14,12,2,round,True,14,0.39016785529427567,36.814811475360855,True,0.00035762766651052555,58.47527238889477,0.0003138145304483886,57.09318163630142,0,False,14.0,"14,14,14,14,15,13,15,14,13",13,15,4
14,12,4,round,True,14,0.39016785529427567,36.814811475360855,True,0.00035762766651052555,58.47527238889477,0.0003138145304483886,57.09318163630142,0,False,14.0,"14,14,14,14,15,13,15,14,13",13,15,4
14,13,2,round,True,14,0.39016785529427567,36.814811475360855,True,0.00021220854287311083,63.008637302384,0.00016957545191842357,62.43938294779024,0,True,14.0,"14,14,14,14,15,13,15,14,13",13,15,4
14,13,4,round,True,14,0.39016785529427567,36.814811475360855,True,0.00021220854287311083,63.008637302384,0.00016957545191842357,62.43938294779024,0,True,14.0,"14,14,14,14,15,13,15,14,13",13,15,4
14,14,2,round,True,14,0.39016785529427567,36.814811475360855,True,0.0001607210574221226,65.42243894680544,9.175059223636702e-05,67.77446508566659,0,True,14.0,"14,14,14,14,15,13,15,14,13",13,15,4
14,14,4,round,True,14,0.39016785529427567,36.814811475360855,True,0.0001607210574221226,65.42243894680544,9.175059223636702e-05,67.77446508566659,0,True,14.0,"14,14,14,14,15,13,15,14,13",13,15,4
14,15,2,round,True,14,0.39016785529427567,36.814811475360855,True,0.0001434855483224592,66.4077313343723,5.7897539221508487e-05,71.77344049833009,0,True,14.0,"14,14,14,14,15,13,15,14,13",13,15,4
14,15,4,round,True,14,0.39016785529427567,36.814811475360855,True,0.0001434855483224592,66.4077313343723,5.7897539221508487e-05,71.77344049833009,0,True,14.0,"14,14,14,14,15,13,15,14,13",13,15,4
14,16,2,round,True,14,0.39016785529427567,36.814811475360855,True,0.00013867472566181336,66.70394826046861,4.535425212051577e-05,73.89428241167558,0,True,14.0,"14,14,14,14,15,13,15,14,13",13,15,4
14,16,4,round,True,14,0.39016785529427567,36.814811475360855,True,0.00013867472566181336,66.70394826046861,4.535425212051577e-05,73.89428241167558,0,True,14.0,"14,14,14,14,15,13,15,14,13",13,15,4
14,12,2,round,True,14,0.3904918853093552,37.038024565461015,True,0.0003417291680945442,58.87025358165508,0.0003163039550071115,57.024550164672824,0,False,14.333333333333334,"14,13,16,14,16,13,16,14,13",13,16,3
14,12,4,round,True,14,0.3904918853093552,37.038024565461015,True,0.0003417291680945442,58.87025358165508,0.0003163039550071115,57.024550164672824,0,False,14.333333333333334,"14,13,16,14,16,13,16,14,13",13,16,3
14,13,2,round,True,14,0.3904918853093552,37.038024565461015,True,0.00019075401104151442,63.934420993082256,0.0001736294374956204,62.23417544501298,0,True,14.333333333333334,"14,13,16,14,16,13,16,14,13",13,16,3
14,13,4,round,True,14,0.3904918853093552,37.038024565461015,True,0.00019075401104151442,63.934420993082256,0.0001736294374956204,62.23417544501298,0,True,14.333333333333334,"14,13,16,14,16,13,16,14,13",13,16,3
14,14,2,round,True,14,0.3904918853093552,37.038024565461015,True,0.00012981534269327876,67.27737408526409,9.614699436994368e-05,67.36792836240289,0,True,14.333333333333334,"14,13,16,14,16,13,16,14,13",13,16,3
14,14,4,round,True,14,0.3904918853093552,37.038024565461015,True,0.00012981534269327876,67.27737408526409,9.614699436994368e-05,67.36792836240289,0,True,14.333333333333334,"14,13,16,14,16,13,16,14,13",13,16,3
14,15,2,round,True,14,0.3904918853093552,37.038024565461015,True,0.00011237298337717625,68.53065634732803,6.507324065442463e-05,70.75859390675832,0,True,14.333333333333334,"14,13,16,14,16,13,16,14,13",13,16,3
14,15,4,round,True,14,0.3904918853093552,37.038024565461015,True,0.00011237298337717625,68.53065634732803,6.507324065442463e-05,70.75859390675832,0,True,14.333333333333334,"14,13,16,14,16,13,16,14,13",13,16,3
14,16,2,round,True,14,0.3904918853093552,37.038024565461015,True,0.00010365501859748523,69.23208789049775,5.461055581562824e-05,72.28111067599205,0,True,14.333333333333334,"14,13,16,14,16,13,16,14,13",13,16,3
14,16,4,round,True,14,0.3904918853093552,37.038024565461015,True,0.00010365501859748523,69.23208789049775,5.461055581562824e-05,72.28111067599205,0,True,14.333333333333334,"14,13,16,14,16,13,16,14,13",13,16,3
15,12,2,round,True,15,0.390120206031223,37.19002882831565,True,0.00033849037039614116,58.95296820648154,0.0003142021642565032,57.08245916687272,0,False,14.555555555555555,"15,14,15,14,16,13,16,15,13",13,16,4
15,12,4,round,True,15,0.390120206031223,37.19002882831565,True,0.00033849037039614116,58.95296820648154,0.0003142021642565032,57.08245916687272,0,False,14.555555555555555,"15,14,15,14,16,13,16,15,13",13,16,4
15,13,2,round,True,15,0.390120206031223,37.19002882831565,True,0.00018390021092236554,64.25225002137951,0.0001649009001660986,62.68218208262926,0,True,14.555555555555555,"15,14,15,14,16,13,16,15,13",13,16,4
15,13,4,round,True,15,0.390120206031223,37.19002882831565,True,0.00018390021092236554,64.25225002137951,0.0001649009001660986,62.68218208262926,0,True,14.555555555555555,"15,14,15,14,16,13,16,15,13",13,16,4
15,14,2,round,True,15,0.390120206031223,37.19002882831565,True,0.00012026917437331446,67.9408079758275,8.464120369382355e-05,68.475005992557,0,True,14.555555555555555,"15,14,15,14,16,13,16,15,13",13,16,4
15,14,4,round,True,15,0.390120206031223,37.19002882831565,True,0.00012026917437331446,67.9408079758275,8.464120369382355e-05,68.475005992557,0,True,14.555555555555555,"15,14,15,14,16,13,16,15,13",13,16,4
15,15,2,round,True,15,0.390120206031223,37.19002882831565,True,9.843909391063485e-05,69.68054241721563,4.575845183390823e-05,73.81721616335429,0,True,14.555555555555555,"15,14,15,14,16,13,16,15,13",13,16,4
15,15,4,round,True,15,0.390120206031223,37.19002882831565,True,9.843909391063485e-05,69.68054241721563,4.575845183390823e-05,73.81721616335429,0,True,14.555555555555555,"15,14,15,14,16,13,16,15,13",13,16,4
15,16,2,round,True,15,0.390120206031223,37.19002882831565,True,9.153793705901354e-05,70.31187215350067,3.0134305475044724e-05,77.44541888141754,0,True,14.555555555555555,"15,14,15,14,16,13,16,15,13",13,16,4
15,16,4,round,True,15,0.390120206031223,37.19002882831565,True,9.153793705901354e-05,70.31187215350067,3.0134305475044724e-05,77.44541888141754,0,True,14.555555555555555,"15,14,15,14,16,13,16,15,13",13,16,4
