tag,module_name,rtl_path,total_cells,flop_cells,comb_cells,coeff_bits,input_bits,acc_guard,avg_bits_per_unique_coeff,rms_error_wideband,snr_db_wideband,stopband_atten_db,passband_ripple_db
u_c14_i13_g4,fir_u_c14_i13_g4,src/verilog/rtl/fir_u_c14_i13_g4.v,11466,254,11212,14,13,4,14.0,0.0002213055431342043,61.03142449864628,41.84392015161637,0.38034153493481837
u_c14_i13_g2,fir_u_c14_i13_g2,src/verilog/rtl/fir_u_c14_i13_g2.v,11499,254,11245,14,13,2,14.0,0.0002213055431342043,61.03142449864628,41.84392015161637,0.38034153493481837
u_c15_i13_g2,fir_u_c15_i13_g2,src/verilog/rtl/fir_u_c15_i13_g2.v,11820,254,11566,15,13,2,15.0,0.0001696729528581883,63.3390179783765,42.114238718262705,0.3820067110998183
u_c15_i13_g4,fir_u_c15_i13_g4,src/verilog/rtl/fir_u_c15_i13_g4.v,11927,254,11673,15,13,4,15.0,0.0001696729528581883,63.3390179783765,42.114238718262705,0.3820067110998183
u_c14_i14_g2,fir_u_c14_i14_g2,src/verilog/rtl/fir_u_c14_i14_g2.v,12276,273,12003,14,14,2,14.0,0.0001671042507909724,63.471520387116634,41.84392015161637,0.38034153493481837
u_c14_i14_g4,fir_u_c14_i14_g4,src/verilog/rtl/fir_u_c14_i14_g4.v,12276,273,12003,14,14,4,14.0,0.0001671042507909724,63.471520387116634,41.84392015161637,0.38034153493481837
u_c15_i14_g2,fir_u_c15_i14_g2,src/verilog/rtl/fir_u_c15_i14_g2.v,12712,273,12439,15,14,2,15.0,9.963721426841739e-05,67.96283880499314,42.114238718262705,0.3820067110998183
u_c15_i14_g4,fir_u_c15_i14_g4,src/verilog/rtl/fir_u_c15_i14_g4.v,12757,273,12484,15,14,4,15.0,9.963721426841739e-05,67.96283880499314,42.114238718262705,0.3820067110998183
u_c14_i15_g2,fir_u_c14_i15_g2,src/verilog/rtl/fir_u_c14_i15_g2.v,13017,292,12725,14,15,2,14.0,0.00015587840738146903,64.07555114045444,41.84392015161637,0.38034153493481837
u_c14_i15_g4,fir_u_c14_i15_g4,src/verilog/rtl/fir_u_c14_i15_g4.v,13032,292,12740,14,15,4,14.0,0.00015587840738146903,64.07555114045444,41.84392015161637,0.38034153493481837
u_c16_i13_g4,fir_u_c16_i13_g4,src/verilog/rtl/fir_u_c16_i13_g4.v,13087,254,12833,16,13,4,16.0,0.00016307474256985072,63.683536306756935,42.28953658738163,0.38400340711078507
u_c16_i13_g2,fir_u_c16_i13_g2,src/verilog/rtl/fir_u_c16_i13_g2.v,13113,254,12859,16,13,2,16.0,0.00016307474256985072,63.683536306756935,42.28953658738163,0.38400340711078507
u_c15_i15_g2,fir_u_c15_i15_g2,src/verilog/rtl/fir_u_c15_i15_g2.v,13523,292,13231,15,15,2,15.0,7.331870358628116e-05,70.62697479493275,42.114238718262705,0.3820067110998183
u_c15_i15_g4,fir_u_c15_i15_g4,src/verilog/rtl/fir_u_c15_i15_g4.v,13535,292,13243,15,15,4,15.0,7.331870358628116e-05,70.62697479493275,42.114238718262705,0.3820067110998183
u_c14_i16_g4,fir_u_c14_i16_g4,src/verilog/rtl/fir_u_c14_i16_g4.v,13814,311,13503,14,16,4,14.0,0.00015214898701634009,64.28588903428366,41.84392015161637,0.38034153493481837
u_c14_i16_g2,fir_u_c14_i16_g2,src/verilog/rtl/fir_u_c14_i16_g2.v,13841,311,13530,14,16,2,14.0,0.00015214898701634009,64.28588903428366,41.84392015161637,0.38034153493481837
u_c16_i14_g4,fir_u_c16_i14_g4,src/verilog/rtl/fir_u_c16_i14_g4.v,14136,273,13863,16,14,4,16.0,8.790888465705615e-05,69.05061493942921,42.28953658738163,0.38400340711078507
u_c16_i14_g2,fir_u_c16_i14_g2,src/verilog/rtl/fir_u_c16_i14_g2.v,14138,273,13865,16,14,2,16.0,8.790888465705615e-05,69.05061493942921,42.28953658738163,0.38400340711078507
u_c15_i16_g4,fir_u_c15_i16_g4,src/verilog/rtl/fir_u_c15_i16_g4.v,14334,311,14023,15,16,4,15.0,6.675572185811432e-05,71.44150040955105,42.114238718262705,0.3820067110998183
u_c15_i16_g2,fir_u_c15_i16_g2,src/verilog/rtl/fir_u_c15_i16_g2.v,14390,311,14079,15,16,2,15.0,6.675572185811432e-05,71.44150040955105,42.114238718262705,0.3820067110998183
u_c14_i17_g4,fir_u_c14_i17_g4,src/verilog/rtl/fir_u_c14_i17_g4.v,14652,330,14322,14,17,4,14.0,0.0001512317233258462,64.33841231734304,41.84392015161637,0.38034153493481837
u_c14_i17_g2,fir_u_c14_i17_g2,src/verilog/rtl/fir_u_c14_i17_g2.v,14664,330,14334,14,17,2,14.0,0.0001512317233258462,64.33841231734304,41.84392015161637,0.38034153493481837
u_c16_i15_g4,fir_u_c16_i15_g4,src/verilog/rtl/fir_u_c16_i15_g4.v,15098,292,14806,16,15,4,16.0,5.456934935512259e-05,73.19229482698748,42.28953658738163,0.38400340711078507
u_c16_i15_g2,fir_u_c16_i15_g2,src/verilog/rtl/fir_u_c16_i15_g2.v,15099,292,14807,16,15,2,16.0,5.456934935512259e-05,73.19229482698748,42.28953658738163,0.38400340711078507
u_c15_i17_g4,fir_u_c15_i17_g4,src/verilog/rtl/fir_u_c15_i17_g4.v,15188,330,14858,15,17,4,15.0,6.414165416792432e-05,71.78846722140234,42.114238718262705,0.3820067110998183
u_c15_i17_g2,fir_u_c15_i17_g2,src/verilog/rtl/fir_u_c15_i17_g2.v,15206,330,14876,15,17,2,15.0,6.414165416792432e-05,71.78846722140234,42.114238718262705,0.3820067110998183
u_c14_i18_g4,fir_u_c14_i18_g4,src/verilog/rtl/fir_u_c14_i18_g4.v,15436,349,15087,14,18,4,14.0,0.00015131468376610767,64.33364884813895,41.84392015161637,0.38034153493481837
u_c14_i18_g2,fir_u_c14_i18_g2,src/verilog/rtl/fir_u_c14_i18_g2.v,15449,349,15100,14,18,2,14.0,0.00015131468376610767,64.33364884813895,41.84392015161637,0.38034153493481837
u_c16_i16_g2,fir_u_c16_i16_g2,src/verilog/rtl/fir_u_c16_i16_g2.v,15928,311,15617,16,16,2,16.0,4.135664513219624e-05,75.60036431168413,42.28953658738163,0.38400340711078507
u_c16_i16_g4,fir_u_c16_i16_g4,src/verilog/rtl/fir_u_c16_i16_g4.v,15995,311,15684,16,16,4,16.0,4.135664513219624e-05,75.60036431168413,42.28953658738163,0.38400340711078507
u_c15_i18_g4,fir_u_c15_i18_g4,src/verilog/rtl/fir_u_c15_i18_g4.v,16053,349,15704,15,18,4,15.0,6.384372155654888e-05,71.82890644255181,42.114238718262705,0.3820067110998183
u_c15_i18_g2,fir_u_c15_i18_g2,src/verilog/rtl/fir_u_c15_i18_g2.v,16108,349,15759,15,18,2,15.0,6.384372155654888e-05,71.82890644255181,42.114238718262705,0.3820067110998183
u_c16_i17_g2,fir_u_c16_i17_g2,src/verilog/rtl/fir_u_c16_i17_g2.v,16921,330,16591,16,17,2,16.0,3.770544496835361e-05,76.4031889323467,42.28953658738163,0.38400340711078507
u_c16_i17_g4,fir_u_c16_i17_g4,src/verilog/rtl/fir_u_c16_i17_g4.v,16922,330,16592,16,17,4,16.0,3.770544496835361e-05,76.4031889323467,42.28953658738163,0.38400340711078507
u_c16_i18_g2,fir_u_c16_i18_g2,src/verilog/rtl/fir_u_c16_i18_g2.v,17804,349,17455,16,18,2,16.0,3.6861213772619145e-05,76.59987770620094,42.28953658738163,0.38400340711078507
u_c16_i18_g4,fir_u_c16_i18_g4,src/verilog/rtl/fir_u_c16_i18_g4.v,17819,349,17470,16,18,4,16.0,3.6861213772619145e-05,76.59987770620094,42.28953658738163,0.38400340711078507
