corner,vdd_v,temperature_c,mode,differential_mv,max_step_ps,numerically_audited,run_id,reset_ok,outcome_at_1ns,decision_at_1ns,latency_at_1ns_ns,core_energy_fj,outcome_at_2ns,latency_at_2ns_ns,qp_at_1ns_v,qn_at_1ns_v
tt,1.8,27,schematic,-10.0,5,True,48c431c4ab74f844dbf70d50,True,correct,-1,0.2255475010283786,240.6829170026306,correct,0.2255475010283786,0.0009481704486444574,1.799961532347864
tt,1.8,27,schematic,-3.0,5,True,66bce7cb6f4cfb3e8a0e447e,True,correct,-1,0.28043908208586116,244.05209899484268,correct,0.28043908208586116,0.0010672180845359535,1.7999570761595753
tt,1.8,27,schematic,3.0,5,True,1f90f95df0881dde1401a2a3,True,correct,1,0.280439082081669,244.05209899476347,correct,0.280439082081669,1.7999570761595771,0.0010672180845329327
tt,1.8,27,schematic,10.0,5,True,d2fa21f113861983462369ca,True,correct,1,0.2255475010360813,240.6829170024873,correct,0.2255475010360813,1.7999615323478655,0.0009481704486438115
tt,1.8,27,lvs,-10.0,5,True,ba5bd9c09a68684403487688,True,correct,-1,0.2248850917978906,240.68754215376336,correct,0.2248850917978906,0.0009483981366182682,1.7999618074377446
tt,1.8,27,lvs,-3.0,5,True,3ae457634c8cddef138f3437,True,correct,-1,0.2797454681726111,244.05922977584058,correct,0.2797454681726111,0.001067187383864352,1.7999570744826727
tt,1.8,27,lvs,3.0,5,True,05da8e1e0e8a5cc0852557ae,True,correct,1,0.2797445391094595,244.05920208508132,correct,0.2797445391094595,1.7999570745821227,0.0010671875185035537
tt,1.8,27,lvs,10.0,5,True,303892230d0ceae8e10f6cce,True,correct,1,0.2248850526697396,240.68754087221623,correct,0.2248850526697396,1.7999618071476118,0.0009483979393855199
tt,1.8,27,c,-10.0,5,True,84edb3fa854a1ea856f91160,True,correct,-1,0.42100077315588924,395.6004675204428,correct,0.42100077315588924,0.013879014709208173,1.799088975436332
tt,1.8,27,c,-3.0,5,True,e017aa21e3a332400e4b8e06,True,correct,-1,0.4568082950245207,398.6104390139598,correct,0.4568082950245207,0.015070574241170363,1.7990240716274282
tt,1.8,27,c,3.0,5,True,d2adaa234bf7afd34ab448bc,True,wrong,-1,0.502449269291581,402.1706602033378,wrong,0.502449269291581,0.016589244221606868,1.798934551556212
tt,1.8,27,c,10.0,5,True,5d989a040f64c70e8006f8d4,True,wrong,-1,0.6341607610899195,410.6762444408759,wrong,0.6341607610899195,0.021904357653401967,1.7984793582511283
tt,1.8,27,rc,-10.0,5,True,508197633ef80572d3196d39,True,correct,-1,0.640392443308891,510.62929033105866,correct,0.640392443308891,0.0661750579973868,1.7950740095642368
tt,1.8,27,rc,-3.0,5,True,1419d8d74bb950d7893d08b0,True,correct,-1,0.6954091528595281,515.4837825704575,correct,0.6954091528595281,0.07289737836565206,1.7921356708565224
tt,1.8,27,rc,3.0,5,True,45aab9b8d08c03d7812a1a9a,True,wrong,-1,0.770411343178828,521.3342917643937,wrong,0.770411343178828,0.08770065950144981,1.780774091313283
tt,1.8,27,rc,10.0,5,True,8e7fa1476d876ad39d4c6e8f,True,unresolved,0,,543.0499768050905,wrong,1.1104023098547309,0.6396468021095508,1.1656364411261666
