design,corner,setup_wns_ns,hold_wns_ns,reg2reg_setup_slack_ns,reg2reg_hold_slack_ns,reg2reg_fmax_mhz
keccak_r1_20ns,ff_n40C_1v95,8.816,0.037,16.32,0.04,271.74
keccak_r1_20ns,ss_100C_1v60,3.306,0.723,9.86,0.72,98.62
keccak_r1_20ns,tt_025C_1v80,7.185,0.216,14.48,0.22,181.16
keccak_s7_20ns,ff_n40C_1v95,8.368,0.031,15.06,0.03,202.43
keccak_s7_20ns,ss_100C_1v60,1.826,0.717,5.94,0.72,71.12
keccak_s7_20ns,tt_025C_1v80,6.502,0.212,12.32,0.21,130.21
ntt_dp_20ns,ff_n40C_1v95,7.002,-0.011,7.0,-0.01,76.92
ntt_dp_20ns,ss_100C_1v60,-22.75,0.512,-22.75,0.51,23.39
ntt_dp_20ns,tt_025C_1v80,-1.058,0.128,-1.06,0.13,47.48
ntt_opt_b1_w12_20ns,ff_n40C_1v95,8.29,-0.014,8.29,-0.01,85.4
ntt_opt_b1_w12_20ns,ss_100C_1v60,-19.771,0.507,-19.77,0.51,25.14
ntt_opt_b1_w12_20ns,tt_025C_1v80,0.874,0.125,0.87,0.13,52.27
ntt_opt_pipe_w12_12ns,ff_n40C_1v95,5.082,-0.002,5.08,0.0,144.51
ntt_opt_pipe_w12_12ns,ss_100C_1v60,-11.297,0.538,-11.3,0.54,42.92
ntt_opt_pipe_w12_12ns,tt_025C_1v80,0.718,0.144,0.72,0.14,88.65
ntt_opt_pipe_w12_20ns,ff_n40C_1v95,11.905,-0.008,12.54,-0.01,134.05
ntt_opt_pipe_w12_20ns,ss_100C_1v60,-4.988,0.525,-4.99,0.52,40.02
ntt_opt_pipe_w12_20ns,tt_025C_1v80,7.878,0.136,7.88,0.14,82.51
ntt_sp_20ns,ff_n40C_1v95,7.529,-0.008,7.53,-0.01,80.19
ntt_sp_20ns,ss_100C_1v60,-21.329,0.521,-21.33,0.52,24.2
ntt_sp_20ns,tt_025C_1v80,-0.105,0.134,-0.1,0.13,49.75
