block,flops,flop_area_um2,sram_macros,sram_bits,sram_area_um2
g_qualification_puf_vault,4667,116997.21,0,0,0
u_hsm_shell,3324,83351.19,0,0,0
u_shared_mlkem_sponge,3279,82122.51,0,0,0
u_security_hmac,2849,71696.26,0,0,0
u_mlkem512_decaps_partial,2810,71151.99,2,9216,250511.15
u_c2_shake_drbg,2385,59696.0,0,0,0
u_mlkem512_kpke_partial,2367,63210.62,9,43008,975206.0
u_bridge,2332,60282.82,0,0,0
u_mlkem512_encaps_partial,1801,46806.14,5,39936,688487.06
u_spi,1524,44802.97,0,0,0
(top-level registers),1259,31596.55,0,0,0
u_shared_ntt,995,25052.78,1,3072,132114.95
u_puf,180,4626.94,0,0,0
u_c3_pk_pair_sram,0,0,1,6144,144321.18
