netlist,t_ns,i_mA,clk0,wl3,p_en_bar,bl3,br3
with wiring,0,0.8701,4.765e-13,1.8,1.8,0.0001177,0.9899
with wiring,0.05,0.8359,0.9,1.8,1.8,0.0001173,0.9899
with wiring,0.1,0.9248,1.8,1.8,1.8,0.0001168,0.9899
with wiring,0.15,0.999,1.8,1.8,1.8,0.0001163,0.9899
with wiring,0.2,1.297,1.8,1.8,1.8,0.0001159,0.9899
with wiring,0.25,1.566,1.8,1.8,1.8,0.0001154,0.9899
with wiring,0.3,4.287,1.8,1.8,1.8,0.0001149,0.9899
with wiring,0.35,6.425,1.8,1.8,1.8,0.0001191,0.9899
with wiring,0.4,8.416,1.8,1.8,1.8,0.0001176,0.9899
with wiring,0.45,11.06,1.8,1.8,1.8,0.0001113,0.9899
with wiring,0.5,6.198,1.8,1.8,1.8,0.0001116,0.9899
with wiring,0.55,2.845,1.8,1.8,1.8,0.0001082,0.9899
with wiring,0.6,3.055,1.8,1.8,1.8,0.0001007,0.9899
with wiring,0.65,3.594,1.8,1.8,1.8,9.905e-05,0.9899
with wiring,0.7,3.205,1.8,1.8,1.8,0.0001017,0.9899
with wiring,0.75,2.055,1.8,1.8,1.8,0.0001147,0.9899
with wiring,0.8,1.637,1.8,1.8,1.8,0.0001192,0.9899
with wiring,0.85,1.919,1.8,1.8,1.8,0.000119,0.9899
with wiring,0.9,2.184,1.8,1.803,1.799,0.0001962,0.99
with wiring,0.95,3.178,1.8,1.805,1.814,0.0002639,0.9901
with wiring,1,6.999,1.8,1.745,1.76,-0.001817,0.9886
with wiring,1.05,27.83,1.8,1.553,0.4041,-3.893e-05,0.9933
with wiring,1.1,31.42,1.8,1.302,0.0046,0.08005,1.11
with wiring,1.15,28.62,1.8,0.9883,0.004187,0.1694,1.217
with wiring,1.2,25.13,1.8,0.6585,0.003605,0.2736,1.303
with wiring,1.25,22.36,1.8,0.3559,0.003139,0.3835,1.368
with wiring,1.3,19.63,1.8,0.158,0.002883,0.4966,1.415
with wiring,1.35,16.92,1.8,0.05525,0.003089,0.6104,1.451
with wiring,1.4,14.27,1.8,0.02369,0.003684,0.7225,1.476
with wiring,1.45,11.78,1.8,0.01373,0.003555,0.8314,1.494
with wiring,1.5,9.591,1.8,0.009814,0.002969,0.9358,1.509
with wiring,1.55,7.661,1.8,0.007426,0.002302,1.035,1.522
with wiring,1.6,6.016,1.8,0.005775,0.00173,1.129,1.535
with wiring,1.65,4.725,1.8,0.004478,0.001312,1.222,1.552
with wiring,1.7,3.808,1.8,0.00352,0.001039,1.319,1.572
with wiring,1.75,3.011,1.8,0.002765,0.0008337,1.414,1.597
with wiring,1.8,2.338,1.8,0.002167,0.0006697,1.501,1.624
with wiring,1.85,1.899,1.8,0.001678,0.0005252,1.576,1.653
with wiring,1.9,1.515,1.8,0.001309,0.0004099,1.629,1.679
with wiring,1.95,1.139,1.8,0.0009584,0.000299,1.679,1.705
with wiring,2,0.937,1.8,0.0007217,0.000222,1.711,1.725
with wiring,2.05,0.751,1.8,0.0005157,0.0001551,1.737,1.744
with wiring,2.1,0.572,1.8,0.0003764,0.0001111,1.754,1.757
with wiring,2.15,0.4462,1.8,0.0002633,7.589e-05,1.768,1.769
with wiring,2.2,0.3918,1.8,0.0001853,5.253e-05,1.777,1.778
with wiring,2.25,0.3336,1.8,0.0001329,3.682e-05,1.783,1.784
with wiring,2.3,0.2738,1.8,9.062e-05,2.415e-05,1.788,1.789
with wiring,2.35,0.2269,1.8,6.638e-05,1.681e-05,1.791,1.792
with wiring,2.4,0.1817,1.8,4.444e-05,1.016e-05,1.794,1.794
with wiring,2.45,0.1977,1.8,3.374e-05,7.175e-06,1.795,1.796
with wiring,2.5,0.214,1.8,2.309e-05,4.204e-06,1.796,1.797
with wiring,2.55,0.2074,1.8,1.738e-05,2.759e-06,1.797,1.798
with wiring,2.6,0.1966,1.8,1.258e-05,1.593e-06,1.798,1.798
with wiring,2.65,0.1543,1.8,9.895e-06,1.077e-06,1.798,1.799
with wiring,2.7,0.1033,1.8,7.79e-06,7.39e-07,1.798,1.799
with wiring,2.75,0.08903,1.8,6.371e-06,5.475e-07,1.799,1.799
with wiring,2.8,0.09701,1.8,5.369e-06,4.448e-07,1.799,1.799
with wiring,2.85,0.1256,1.8,4.585e-06,3.868e-07,1.799,1.799
with wiring,2.9,0.1756,1.8,4.027e-06,3.751e-07,1.799,1.799
with wiring,2.95,0.2232,1.8,3.526e-06,2.525e-07,1.799,1.799
with wiring,3,0.2656,1.8,3.154e-06,-1.191e-07,1.799,1.799
with wiring,3.05,0.3079,1.8,2.781e-06,-4.907e-07,1.799,1.799
with wiring,3.1,0.6909,1.8,1.911e-06,-0.0002775,1.799,1.8
with wiring,3.15,1.218,1.8,5.251e-06,0.0007485,1.799,1.8
with wiring,3.2,4.584,1.8,0.0001757,0.05448,1.801,1.801
with wiring,3.25,6.551,1.8,0.002574,0.676,1.824,1.822
with wiring,3.3,3.345,1.8,0.002737,1.401,1.845,1.841
with wiring,3.35,0.5213,1.8,0.0009428,1.751,1.849,1.845
with wiring,3.4,-0.00558,1.8,0.0001651,1.803,1.849,1.845
with wiring,3.45,-0.02089,1.8,-8.568e-06,1.803,1.849,1.845
with wiring,3.5,-0.004443,1.8,-3.18e-05,1.801,1.849,1.845
with wiring,3.55,0.003885,1.8,-2.694e-05,1.8,1.848,1.845
with wiring,3.6,0.004928,1.8,-2.065e-05,1.8,1.848,1.845
with wiring,3.65,0.005823,1.8,-1.434e-05,1.8,1.848,1.845
with wiring,3.7,0.006492,1.8,-9.068e-06,1.8,1.848,1.845
with wiring,3.75,0.0064,1.8,-7.346e-06,1.8,1.848,1.845
with wiring,3.8,0.006308,1.8,-5.624e-06,1.8,1.848,1.845
with wiring,3.85,0.006216,1.8,-3.902e-06,1.8,1.847,1.845
with wiring,3.9,0.006175,1.8,-2.523e-06,1.8,1.847,1.845
with wiring,3.95,0.006301,1.8,-2.304e-06,1.8,1.847,1.844
with wiring,4,0.006428,1.8,-2.084e-06,1.8,1.847,1.844
with wiring,4.05,0.006555,1.8,-1.864e-06,1.8,1.847,1.844
with wiring,4.1,0.006695,1.8,-1.677e-06,1.8,1.847,1.844
with wiring,4.15,0.006879,1.8,-1.602e-06,1.8,1.847,1.844
with wiring,4.2,0.007063,1.8,-1.527e-06,1.8,1.847,1.844
with wiring,4.25,0.007246,1.8,-1.452e-06,1.8,1.847,1.844
with wiring,4.3,0.007423,1.8,-1.379e-06,1.8,1.846,1.844
with wiring,4.35,0.007576,1.8,-1.312e-06,1.8,1.846,1.844
with wiring,4.4,0.007729,1.8,-1.245e-06,1.8,1.846,1.844
with wiring,4.45,0.007882,1.8,-1.178e-06,1.8,1.846,1.844
with wiring,4.5,0.008028,1.8,-1.116e-06,1.8,1.846,1.844
with wiring,4.55,0.008147,1.8,-1.074e-06,1.8,1.846,1.844
with wiring,4.6,0.008267,1.8,-1.033e-06,1.8,1.846,1.844
with wiring,4.65,0.008386,1.8,-9.907e-07,1.8,1.846,1.844
with wiring,4.7,0.0085,1.8,-9.534e-07,1.8,1.846,1.844
with wiring,4.75,0.008596,1.8,-9.316e-07,1.8,1.846,1.844
with wiring,4.8,0.008691,1.8,-9.098e-07,1.8,1.846,1.844
with wiring,4.85,0.008786,1.8,-8.88e-07,1.8,1.846,1.844
with wiring,4.9,0.008878,1.8,-8.684e-07,1.8,1.845,1.844
with wiring,4.95,0.008955,1.8,-8.564e-07,1.8,1.845,1.844
with wiring,5,0.009032,1.8,-8.444e-07,1.8,1.845,1.844
with wiring,5.05,0.009109,1.8,-8.324e-07,1.8,1.845,1.844
with wiring,5.1,0.009183,1.8,-8.214e-07,1.8,1.845,1.844
with wiring,5.15,0.009245,1.8,-8.136e-07,1.8,1.845,1.844
with wiring,5.2,0.009308,1.8,-8.058e-07,1.8,1.845,1.844
with wiring,5.25,0.00937,1.8,-7.98e-07,1.8,1.845,1.844
with wiring,5.3,0.00943,1.8,-7.907e-07,1.8,1.845,1.844
with wiring,5.35,0.009481,1.8,-7.85e-07,1.8,1.845,1.844
with wiring,5.4,0.009532,1.8,-7.793e-07,1.8,1.845,1.844
with wiring,5.45,0.009583,1.8,-7.736e-07,1.8,1.845,1.844
with wiring,5.5,0.009631,1.8,-7.682e-07,1.8,1.845,1.844
with wiring,5.55,0.009673,1.8,-7.637e-07,1.8,1.845,1.844
with wiring,5.6,0.009715,1.8,-7.592e-07,1.8,1.845,1.844
with wiring,5.65,0.009756,1.8,-7.547e-07,1.8,1.845,1.844
with wiring,5.7,0.009796,1.8,-7.503e-07,1.8,1.844,1.844
with wiring,5.75,0.00983,1.8,-7.467e-07,1.8,1.844,1.844
with wiring,5.8,0.009864,1.8,-7.43e-07,1.8,1.844,1.844
with wiring,5.85,0.009899,1.8,-7.393e-07,1.8,1.844,1.844
with wiring,5.9,0.009931,1.8,-7.357e-07,1.8,1.844,1.844
with wiring,5.95,0.00996,1.8,-7.327e-07,1.8,1.844,1.844
with wiring,6,0.009988,1.8,-7.296e-07,1.8,1.844,1.844
with wiring,6.05,0.01002,1.8,-7.265e-07,1.8,1.844,1.844
with wiring,6.1,0.01004,1.8,-7.236e-07,1.8,1.844,1.844
with wiring,6.15,0.01007,1.8,-7.21e-07,1.8,1.844,1.844
with wiring,6.2,0.01009,1.8,-7.185e-07,1.8,1.844,1.844
with wiring,6.25,0.01012,1.8,-7.159e-07,1.8,1.844,1.844
with wiring,6.3,0.01014,1.8,-7.134e-07,1.8,1.844,1.844
with wiring,6.35,0.01016,1.8,-7.112e-07,1.8,1.844,1.844
with wiring,6.4,0.01018,1.8,-7.09e-07,1.8,1.844,1.844
with wiring,6.45,0.0102,1.8,-7.069e-07,1.8,1.844,1.844
with wiring,6.5,0.01022,1.8,-7.047e-07,1.8,1.844,1.844
with wiring,6.55,0.01024,1.8,-7.029e-07,1.8,1.843,1.844
with wiring,6.6,0.01025,1.8,-7.01e-07,1.8,1.843,1.844
with wiring,6.65,0.01027,1.8,-6.991e-07,1.8,1.843,1.844
with wiring,6.7,0.01029,1.8,-6.972e-07,1.8,1.843,1.844
with wiring,6.75,0.0103,1.8,-6.955e-07,1.8,1.843,1.844
with wiring,6.8,0.01032,1.8,-6.938e-07,1.8,1.843,1.844
with wiring,6.85,0.01033,1.8,-6.921e-07,1.8,1.843,1.844
with wiring,6.9,0.01035,1.8,-6.904e-07,1.8,1.843,1.844
with wiring,6.95,0.01036,1.8,-6.889e-07,1.8,1.843,1.844
with wiring,7,0.01037,1.8,-6.874e-07,1.8,1.843,1.844
with wiring,7.05,0.01039,1.8,-6.86e-07,1.8,1.843,1.844
with wiring,7.1,0.0104,1.8,-6.845e-07,1.8,1.843,1.844
with wiring,7.15,0.01041,1.8,-6.833e-07,1.8,1.843,1.844
with wiring,7.2,0.01042,1.8,-6.82e-07,1.8,1.843,1.844
with wiring,7.25,0.01044,1.8,-6.807e-07,1.8,1.843,1.844
with wiring,7.3,0.01045,1.8,-6.795e-07,1.8,1.843,1.844
with wiring,7.35,0.01046,1.8,-6.783e-07,1.8,1.843,1.844
with wiring,7.4,0.01047,1.8,-6.772e-07,1.8,1.843,1.843
with wiring,7.45,0.01048,1.8,-6.76e-07,1.8,1.842,1.843
with wiring,7.5,0.01049,1.8,-6.749e-07,1.8,1.842,1.843
with wiring,7.55,0.0105,1.8,-6.738e-07,1.8,1.842,1.843
with wiring,7.6,0.01051,1.8,-6.728e-07,1.8,1.842,1.843
with wiring,7.65,0.01052,1.8,-6.717e-07,1.8,1.842,1.843
with wiring,7.7,0.01052,1.8,-6.706e-07,1.8,1.842,1.843
with wiring,7.75,0.01053,1.8,-6.696e-07,1.8,1.842,1.843
with wiring,7.8,0.01054,1.8,-6.686e-07,1.8,1.842,1.843
with wiring,7.85,0.01055,1.8,-6.676e-07,1.8,1.842,1.843
with wiring,7.9,0.01056,1.8,-6.667e-07,1.8,1.842,1.843
with wiring,7.95,0.01057,1.8,-6.657e-07,1.8,1.842,1.843
with wiring,8,0.01057,1.8,-6.648e-07,1.8,1.842,1.843
with wiring,8.05,0.01058,1.8,-6.638e-07,1.8,1.842,1.843
with wiring,8.1,0.01059,1.8,-6.629e-07,1.8,1.842,1.843
with wiring,8.15,0.0106,1.8,-6.62e-07,1.8,1.842,1.843
with wiring,8.2,0.0106,1.8,-6.611e-07,1.8,1.842,1.843
with wiring,8.25,0.01061,1.8,-6.602e-07,1.8,1.842,1.843
with wiring,8.3,0.01062,1.8,-6.593e-07,1.8,1.842,1.843
with wiring,8.35,0.01062,1.8,-6.584e-07,1.8,1.841,1.843
with wiring,8.4,0.01063,1.8,-6.576e-07,1.8,1.841,1.843
with wiring,8.45,0.01064,1.8,-6.567e-07,1.8,1.841,1.843
with wiring,8.5,0.01064,1.8,-6.558e-07,1.8,1.841,1.843
with wiring,8.55,0.01065,1.8,-6.55e-07,1.8,1.841,1.843
with wiring,8.6,0.01066,1.8,-6.542e-07,1.8,1.841,1.843
with wiring,8.65,0.01066,1.8,-6.533e-07,1.8,1.841,1.843
with wiring,8.7,0.01067,1.8,-6.525e-07,1.8,1.841,1.843
with wiring,8.75,0.01067,1.8,-6.517e-07,1.8,1.841,1.843
with wiring,8.8,0.01068,1.8,-6.508e-07,1.8,1.841,1.843
with wiring,8.85,0.01068,1.8,-6.5e-07,1.8,1.841,1.843
with wiring,8.9,0.01069,1.8,-6.492e-07,1.8,1.841,1.843
with wiring,8.95,0.0107,1.8,-6.484e-07,1.8,1.841,1.843
with wiring,9,0.0107,1.8,-6.476e-07,1.8,1.841,1.843
with wiring,9.05,0.01071,1.8,-6.468e-07,1.8,1.841,1.843
with wiring,9.1,0.01071,1.8,-6.46e-07,1.8,1.841,1.843
with wiring,9.15,0.01072,1.8,-6.452e-07,1.8,1.841,1.843
with wiring,9.2,0.01072,1.8,-6.445e-07,1.8,1.841,1.843
with wiring,9.25,0.01073,1.8,-6.437e-07,1.8,1.841,1.843
with wiring,9.3,0.01073,1.8,-6.429e-07,1.8,1.84,1.843
with wiring,9.35,0.01073,1.8,-6.421e-07,1.8,1.84,1.843
with wiring,9.4,0.01074,1.8,-6.413e-07,1.8,1.84,1.843
with wiring,9.45,0.01074,1.8,-6.406e-07,1.8,1.84,1.843
with wiring,9.5,0.01075,1.8,-6.398e-07,1.8,1.84,1.843
with wiring,9.55,0.01075,1.8,-6.39e-07,1.8,1.84,1.843
with wiring,9.6,0.01076,1.8,-6.383e-07,1.8,1.84,1.843
with wiring,9.65,0.01076,1.8,-6.375e-07,1.8,1.84,1.843
with wiring,9.7,0.01077,1.8,-6.368e-07,1.8,1.84,1.843
with wiring,9.75,0.01077,1.8,-6.36e-07,1.8,1.84,1.843
with wiring,9.8,0.01077,1.8,-6.353e-07,1.8,1.84,1.843
with wiring,9.85,0.01078,1.8,-6.345e-07,1.8,1.84,1.843
with wiring,9.9,0.01078,1.8,-6.338e-07,1.8,1.84,1.843
with wiring,9.95,0.01078,1.8,-6.33e-07,1.8,1.84,1.843
with wiring,10,0.01079,1.8,-6.323e-07,1.8,1.84,1.843
with wiring,10.05,0.01079,1.8,-6.315e-07,1.8,1.84,1.843
with wiring,10.1,0.0108,1.8,-6.308e-07,1.8,1.84,1.843
with wiring,10.15,0.0108,1.8,-6.3e-07,1.8,1.84,1.843
with wiring,10.2,0.0108,1.8,-6.293e-07,1.8,1.839,1.843
with wiring,10.25,0.01081,1.8,-6.286e-07,1.8,1.839,1.843
with wiring,10.3,0.01081,1.8,-6.278e-07,1.8,1.839,1.843
with wiring,10.35,0.01081,1.8,-6.271e-07,1.8,1.839,1.843
with wiring,10.4,0.01082,1.8,-6.264e-07,1.8,1.839,1.843
with wiring,10.45,0.01082,1.8,-6.256e-07,1.8,1.839,1.843
with wiring,10.5,0.01082,1.8,-6.249e-07,1.8,1.839,1.843
with wiring,10.55,0.01083,1.8,-6.242e-07,1.8,1.839,1.843
with wiring,10.6,0.01083,1.8,-6.235e-07,1.8,1.839,1.843
with wiring,10.65,0.01083,1.8,-6.227e-07,1.8,1.839,1.843
with wiring,10.7,0.01083,1.8,-6.22e-07,1.8,1.839,1.843
with wiring,10.75,0.01084,1.8,-6.213e-07,1.8,1.839,1.843
with wiring,10.8,0.01084,1.8,-6.206e-07,1.8,1.839,1.843
with wiring,10.85,0.01084,1.8,-6.199e-07,1.8,1.839,1.843
with wiring,10.9,0.01085,1.8,-6.191e-07,1.8,1.839,1.843
with wiring,10.95,0.01085,1.8,-6.184e-07,1.8,1.839,1.843
with wiring,11,0.01085,1.8,-6.177e-07,1.8,1.839,1.843
with wiring,11.05,0.01085,1.8,-6.17e-07,1.8,1.839,1.843
with wiring,11.1,0.01086,1.8,-6.163e-07,1.8,1.839,1.843
with wiring,11.15,0.01086,1.8,-6.156e-07,1.8,1.838,1.843
with wiring,11.2,0.01086,1.8,-6.149e-07,1.8,1.838,1.843
with wiring,11.25,0.01086,1.8,-6.142e-07,1.8,1.838,1.843
with wiring,11.3,0.01086,1.8,-6.135e-07,1.8,1.838,1.843
with wiring,11.35,0.01087,1.8,-6.128e-07,1.8,1.838,1.843
with wiring,11.4,0.01087,1.8,-6.121e-07,1.8,1.838,1.843
with wiring,11.45,0.01087,1.8,-6.113e-07,1.8,1.838,1.843
with wiring,11.5,0.01087,1.8,-6.106e-07,1.8,1.838,1.843
with wiring,11.55,0.01088,1.8,-6.099e-07,1.8,1.838,1.843
with wiring,11.6,0.01088,1.8,-6.092e-07,1.8,1.838,1.843
with wiring,11.65,0.01088,1.8,-6.085e-07,1.8,1.838,1.843
with wiring,11.7,0.01088,1.8,-6.078e-07,1.8,1.838,1.843
with wiring,11.75,0.01088,1.8,-6.072e-07,1.8,1.838,1.843
with wiring,11.8,0.01089,1.8,-6.065e-07,1.8,1.838,1.843
with wiring,11.85,0.01089,1.8,-6.058e-07,1.8,1.838,1.843
with wiring,11.9,0.01089,1.8,-6.051e-07,1.8,1.838,1.843
with wiring,11.95,0.01089,1.8,-6.044e-07,1.8,1.838,1.843
with wiring,12,0.01089,1.8,-6.037e-07,1.8,1.838,1.843
with wiring,12.05,0.01089,1.8,-6.03e-07,1.8,1.838,1.843
with wiring,12.1,0.0109,1.8,-6.023e-07,1.8,1.837,1.843
with wiring,12.15,0.0109,1.8,-6.016e-07,1.8,1.837,1.843
with wiring,12.2,0.0109,1.8,-6.009e-07,1.8,1.837,1.843
with wiring,12.25,0.0109,1.8,-6.003e-07,1.8,1.837,1.843
with wiring,12.3,0.0109,1.8,-5.996e-07,1.8,1.837,1.843
with wiring,12.35,0.0109,1.8,-5.989e-07,1.8,1.837,1.843
with wiring,12.4,0.0109,1.8,-5.982e-07,1.8,1.837,1.843
with wiring,12.45,0.01091,1.8,-5.975e-07,1.8,1.837,1.843
with wiring,12.5,0.01091,1.8,-5.968e-07,1.8,1.837,1.843
with wiring,12.55,0.01091,1.8,-5.962e-07,1.8,1.837,1.843
with wiring,12.6,0.01091,1.8,-5.955e-07,1.8,1.837,1.843
with wiring,12.65,0.01091,1.8,-5.948e-07,1.8,1.837,1.843
with wiring,12.7,0.01091,1.8,-5.941e-07,1.8,1.837,1.843
with wiring,12.75,0.01091,1.8,-5.935e-07,1.8,1.837,1.843
with wiring,12.8,0.01091,1.8,-5.928e-07,1.8,1.837,1.843
with wiring,12.85,0.01092,1.8,-5.921e-07,1.8,1.837,1.843
with wiring,12.9,0.01092,1.8,-5.914e-07,1.8,1.837,1.843
with wiring,12.95,0.01092,1.8,-5.908e-07,1.8,1.837,1.843
with wiring,13,0.01092,1.8,-5.901e-07,1.8,1.837,1.843
with wiring,13.05,0.01092,1.8,-5.894e-07,1.8,1.836,1.843
with wiring,13.1,0.01092,1.8,-5.888e-07,1.8,1.836,1.843
with wiring,13.15,0.01092,1.8,-5.881e-07,1.8,1.836,1.843
with wiring,13.2,0.01092,1.8,-5.874e-07,1.8,1.836,1.843
with wiring,13.25,0.01092,1.8,-5.868e-07,1.8,1.836,1.843
with wiring,13.3,0.01092,1.8,-5.861e-07,1.8,1.836,1.843
with wiring,13.35,0.01092,1.8,-5.854e-07,1.8,1.836,1.843
with wiring,13.4,0.01092,1.8,-5.848e-07,1.8,1.836,1.843
with wiring,13.45,0.01093,1.8,-5.841e-07,1.8,1.836,1.843
with wiring,13.5,0.01093,1.8,-5.835e-07,1.8,1.836,1.843
with wiring,13.55,0.01093,1.8,-5.828e-07,1.8,1.836,1.843
with wiring,13.6,0.01093,1.8,-5.821e-07,1.8,1.836,1.843
with wiring,13.65,0.01093,1.8,-5.815e-07,1.8,1.836,1.843
with wiring,13.7,0.01093,1.8,-5.808e-07,1.8,1.836,1.843
with wiring,13.75,0.01093,1.8,-5.802e-07,1.8,1.836,1.843
with wiring,13.8,0.01093,1.8,-5.795e-07,1.8,1.836,1.843
with wiring,13.85,0.01093,1.8,-5.789e-07,1.8,1.836,1.843
with wiring,13.9,0.01093,1.8,-5.782e-07,1.8,1.836,1.843
with wiring,13.95,0.01093,1.8,-5.776e-07,1.8,1.836,1.843
with wiring,14,0.01093,1.8,-5.769e-07,1.8,1.836,1.843
with wiring,14.05,0.01093,1.8,-5.763e-07,1.8,1.835,1.843
with wiring,14.1,0.01093,1.8,-5.756e-07,1.8,1.835,1.843
with wiring,14.15,0.01093,1.8,-5.75e-07,1.8,1.835,1.843
with wiring,14.2,0.01093,1.8,-5.743e-07,1.8,1.835,1.843
with wiring,14.25,0.01093,1.8,-5.737e-07,1.8,1.835,1.843
with wiring,14.3,0.01093,1.8,-5.73e-07,1.8,1.835,1.843
with wiring,14.35,0.01093,1.8,-5.724e-07,1.8,1.835,1.843
with wiring,14.4,0.01093,1.8,-5.718e-07,1.8,1.835,1.843
with wiring,14.45,0.01093,1.8,-5.711e-07,1.8,1.835,1.843
with wiring,14.5,0.01093,1.8,-5.705e-07,1.8,1.835,1.843
with wiring,14.55,0.01093,1.8,-5.698e-07,1.8,1.835,1.843
with wiring,14.6,0.01093,1.8,-5.692e-07,1.8,1.835,1.842
with wiring,14.65,0.01093,1.8,-5.686e-07,1.8,1.835,1.842
with wiring,14.7,0.01093,1.8,-5.679e-07,1.8,1.835,1.842
with wiring,14.75,0.01093,1.8,-5.673e-07,1.8,1.835,1.842
with wiring,14.8,0.01093,1.8,-5.667e-07,1.8,1.835,1.842
with wiring,14.85,0.01093,1.8,-5.66e-07,1.8,1.835,1.842
with wiring,14.9,0.01093,1.8,-5.654e-07,1.8,1.835,1.842
with wiring,14.95,0.01093,1.8,-5.648e-07,1.8,1.835,1.842
with wiring,15,0.01093,1.8,-5.642e-07,1.8,1.834,1.842
with wiring,15.05,0.01093,1.8,-5.635e-07,1.8,1.834,1.842
with wiring,15.1,0.01093,1.8,-5.629e-07,1.8,1.834,1.842
with wiring,15.15,0.01093,1.8,-5.623e-07,1.8,1.834,1.842
with wiring,15.2,0.01093,1.8,-5.616e-07,1.8,1.834,1.842
with wiring,15.25,0.01093,1.8,-5.61e-07,1.8,1.834,1.842
with wiring,15.3,0.01093,1.8,-5.604e-07,1.8,1.834,1.842
with wiring,15.35,0.01093,1.8,-5.598e-07,1.8,1.834,1.842
with wiring,15.4,0.01093,1.8,-5.592e-07,1.8,1.834,1.842
with wiring,15.45,0.01093,1.8,-5.585e-07,1.8,1.834,1.842
with wiring,15.5,0.01093,1.8,-5.579e-07,1.8,1.834,1.842
with wiring,15.55,0.01093,1.8,-5.573e-07,1.8,1.834,1.842
with wiring,15.6,0.01093,1.8,-5.567e-07,1.8,1.834,1.842
with wiring,15.65,0.01093,1.8,-5.561e-07,1.8,1.834,1.842
with wiring,15.7,0.01093,1.8,-5.554e-07,1.8,1.834,1.842
with wiring,15.75,0.01093,1.8,-5.548e-07,1.8,1.834,1.842
with wiring,15.8,0.01093,1.8,-5.542e-07,1.8,1.834,1.842
with wiring,15.85,0.01093,1.8,-5.536e-07,1.8,1.834,1.842
with wiring,15.9,0.01092,1.8,-5.53e-07,1.8,1.834,1.842
with wiring,15.95,0.01092,1.8,-5.524e-07,1.8,1.834,1.842
with wiring,16,0.01092,1.8,-5.518e-07,1.8,1.833,1.842
with wiring,16.05,0.01092,1.8,-5.512e-07,1.8,1.833,1.842
with wiring,16.1,0.01092,1.8,-5.506e-07,1.8,1.833,1.842
with wiring,16.15,0.01092,1.8,-5.499e-07,1.8,1.833,1.842
with wiring,16.2,0.01092,1.8,-5.493e-07,1.8,1.833,1.842
with wiring,16.25,0.01092,1.8,-5.487e-07,1.8,1.833,1.842
with wiring,16.3,0.01092,1.8,-5.481e-07,1.8,1.833,1.842
with wiring,16.35,0.01092,1.8,-5.475e-07,1.8,1.833,1.842
with wiring,16.4,0.01092,1.8,-5.469e-07,1.8,1.833,1.842
with wiring,16.45,0.01092,1.8,-5.463e-07,1.8,1.833,1.842
with wiring,16.5,0.01092,1.8,-5.457e-07,1.8,1.833,1.842
with wiring,16.55,0.01092,1.8,-5.451e-07,1.8,1.833,1.842
with wiring,16.6,0.01091,1.8,-5.445e-07,1.8,1.833,1.842
with wiring,16.65,0.01091,1.8,-5.439e-07,1.8,1.833,1.842
with wiring,16.7,0.01091,1.8,-5.433e-07,1.8,1.833,1.842
with wiring,16.75,0.01091,1.8,-5.427e-07,1.8,1.833,1.842
with wiring,16.8,0.01091,1.8,-5.421e-07,1.8,1.833,1.842
with wiring,16.85,0.01091,1.8,-5.416e-07,1.8,1.833,1.842
with wiring,16.9,0.01091,1.8,-5.41e-07,1.8,1.833,1.842
with wiring,16.95,0.01091,1.8,-5.404e-07,1.8,1.833,1.842
with wiring,17,0.01091,1.8,-5.398e-07,1.8,1.832,1.842
with wiring,17.05,0.01091,1.8,-5.392e-07,1.8,1.832,1.842
with wiring,17.1,0.0109,1.8,-5.386e-07,1.8,1.832,1.842
with wiring,17.15,0.0109,1.8,-5.38e-07,1.8,1.832,1.842
with wiring,17.2,0.0109,1.8,-5.374e-07,1.8,1.832,1.842
with wiring,17.25,0.0109,1.8,-5.368e-07,1.8,1.832,1.842
with wiring,17.3,0.0109,1.8,-5.363e-07,1.8,1.832,1.842
with wiring,17.35,0.0109,1.8,-5.357e-07,1.8,1.832,1.842
with wiring,17.4,0.0109,1.8,-5.351e-07,1.8,1.832,1.842
with wiring,17.45,0.0109,1.8,-5.345e-07,1.8,1.832,1.842
with wiring,17.5,0.0109,1.8,-5.339e-07,1.8,1.832,1.842
with wiring,17.55,0.01089,1.8,-5.333e-07,1.8,1.832,1.842
with wiring,17.6,0.01089,1.8,-5.328e-07,1.8,1.832,1.842
with wiring,17.65,0.01089,1.8,-5.322e-07,1.8,1.832,1.842
with wiring,17.7,0.01089,1.8,-5.316e-07,1.8,1.832,1.842
with wiring,17.75,0.01089,1.8,-5.31e-07,1.8,1.832,1.842
with wiring,17.8,0.01089,1.8,-5.305e-07,1.8,1.832,1.842
with wiring,17.85,0.01089,1.8,-5.299e-07,1.8,1.832,1.842
with wiring,17.9,0.01089,1.8,-5.293e-07,1.8,1.832,1.842
with wiring,17.95,0.01088,1.8,-5.287e-07,1.8,1.832,1.842
with wiring,18,0.01088,1.8,-5.282e-07,1.8,1.831,1.842
with wiring,18.05,0.01088,1.8,-5.276e-07,1.8,1.831,1.842
with wiring,18.1,0.01088,1.8,-5.27e-07,1.8,1.831,1.842
with wiring,18.15,0.01088,1.8,-5.264e-07,1.8,1.831,1.842
with wiring,18.2,0.01088,1.8,-5.259e-07,1.8,1.831,1.842
with wiring,18.25,0.01088,1.8,-5.253e-07,1.8,1.831,1.842
with wiring,18.3,0.01087,1.8,-5.247e-07,1.8,1.831,1.842
with wiring,18.35,0.01087,1.8,-5.242e-07,1.8,1.831,1.842
with wiring,18.4,0.01087,1.8,-5.236e-07,1.8,1.831,1.842
with wiring,18.45,0.01087,1.8,-5.23e-07,1.8,1.831,1.842
with wiring,18.5,0.01087,1.8,-5.225e-07,1.8,1.831,1.842
with wiring,18.55,0.01087,1.8,-5.219e-07,1.8,1.831,1.842
with wiring,18.6,0.01087,1.8,-5.214e-07,1.8,1.831,1.842
with wiring,18.65,0.01086,1.8,-5.208e-07,1.8,1.831,1.842
with wiring,18.7,0.01086,1.8,-5.202e-07,1.8,1.831,1.842
with wiring,18.75,0.01086,1.8,-5.197e-07,1.8,1.831,1.842
with wiring,18.8,0.01086,1.8,-5.191e-07,1.8,1.831,1.842
with wiring,18.85,0.01086,1.8,-5.186e-07,1.8,1.831,1.842
with wiring,18.9,0.01086,1.8,-5.18e-07,1.8,1.831,1.842
with wiring,18.95,0.01086,1.8,-5.175e-07,1.8,1.831,1.842
with wiring,19,0.01085,1.8,-5.169e-07,1.8,1.83,1.842
with wiring,19.05,0.01085,1.8,-5.163e-07,1.8,1.83,1.842
with wiring,19.1,0.01085,1.8,-5.158e-07,1.8,1.83,1.842
with wiring,19.15,0.01085,1.8,-5.152e-07,1.8,1.83,1.842
with wiring,19.2,0.01085,1.8,-5.147e-07,1.8,1.83,1.842
with wiring,19.25,0.01085,1.8,-5.141e-07,1.8,1.83,1.842
with wiring,19.3,0.01084,1.8,-5.136e-07,1.8,1.83,1.842
with wiring,19.35,0.01084,1.8,-5.13e-07,1.8,1.83,1.842
with wiring,19.4,0.01084,1.8,-5.125e-07,1.8,1.83,1.842
with wiring,19.45,0.01084,1.8,-5.12e-07,1.8,1.83,1.842
with wiring,19.5,0.01084,1.8,-5.114e-07,1.8,1.83,1.842
with wiring,19.55,0.01084,1.8,-5.109e-07,1.8,1.83,1.842
with wiring,19.6,0.01083,1.8,-5.103e-07,1.8,1.83,1.842
with wiring,19.65,0.01083,1.8,-5.098e-07,1.8,1.83,1.842
with wiring,19.7,0.01083,1.8,-5.092e-07,1.8,1.83,1.842
with wiring,19.75,0.01083,1.8,-5.087e-07,1.8,1.83,1.842
with wiring,19.8,0.01083,1.8,-5.082e-07,1.8,1.83,1.842
with wiring,19.85,0.01082,1.8,-5.076e-07,1.8,1.83,1.842
with wiring,19.9,0.01082,1.8,-5.071e-07,1.8,1.83,1.842
with wiring,19.95,0.01082,1.8,-5.065e-07,1.8,1.83,1.842
with wiring,20,0.3157,1.8,-5.062e-07,1.8,1.83,1.842
with wiring,20.05,0.4621,0.9,-5.103e-07,1.8,1.829,1.842
with wiring,20.1,0.1712,0,-5.068e-07,1.8,1.829,1.842
with wiring,20.15,0.1131,0,-5.006e-07,1.8,1.829,1.842
with wiring,20.2,0.226,0,-5.018e-07,1.8,1.829,1.842
with wiring,20.25,0.4582,0,-5.03e-07,1.8,1.829,1.842
with wiring,20.3,1.504,0,-4.93e-07,1.8,1.829,1.842
with wiring,20.35,2.804,0,-5.06e-07,1.8,1.829,1.842
with wiring,20.4,12.79,0,-1.379e-06,1.8,1.829,1.842
with wiring,20.45,10.9,0,-1.042e-06,1.8,1.829,1.842
with wiring,20.5,1.898,0,-5.761e-07,1.8,1.829,1.842
with wiring,20.55,1.116,0,-5.102e-07,1.8,1.829,1.842
with wiring,20.6,0.6131,0,-6.288e-07,1.8,1.829,1.842
with wiring,20.65,0.7809,0,-6.678e-07,1.8,1.829,1.842
with wiring,20.7,0.6545,0,-2.546e-07,1.8,1.829,1.842
with wiring,20.75,0.4676,0,-1.396e-06,1.8,1.829,1.842
with wiring,20.8,0.239,0,3.794e-08,1.8,1.829,1.842
with wiring,20.85,0.3416,0,2.861e-05,1.8,1.829,1.842
with wiring,20.9,0.4935,0,0.0001006,1.8,1.829,1.842
with wiring,20.95,0.5604,0,2.698e-06,1.8,1.829,1.842
with wiring,21,0.4863,0,-0.002188,1.8,1.829,1.842
with wiring,21.05,0.3354,0,-0.004264,1.8,1.828,1.842
with wiring,21.1,0.718,0,0.01341,1.8,1.829,1.842
with wiring,21.15,1.545,0,0.08798,1.8,1.83,1.843
with wiring,21.2,1.998,0,0.2177,1.8,1.833,1.846
with wiring,21.25,2.107,0,0.3705,1.8,1.836,1.849
with wiring,21.3,2.118,0,0.5262,1.8,1.838,1.851
with wiring,21.35,2.17,0,0.6799,1.8,1.837,1.852
with wiring,21.4,2.854,0,0.8191,1.799,1.806,1.842
with wiring,21.45,3.563,0,0.9535,1.798,1.762,1.828
with wiring,21.5,4.385,0,1.066,1.797,1.665,1.797
with wiring,21.55,5.208,0,1.178,1.796,1.567,1.767
with wiring,21.6,5.851,0,1.277,1.795,1.452,1.732
with wiring,21.65,6.111,0,1.347,1.794,1.299,1.687
with wiring,21.7,6.371,0,1.417,1.793,1.147,1.643
with wiring,21.75,6.631,0,1.488,1.793,0.9944,1.599
with wiring,21.8,6.675,0,1.543,1.793,0.8699,1.557
with wiring,21.85,6.466,0,1.581,1.793,0.7781,1.519
with wiring,21.9,6.257,0,1.619,1.793,0.6864,1.48
with wiring,21.95,5.578,0,1.64,1.794,0.643,1.448
with wiring,22,4.832,0,1.658,1.795,0.6064,1.417
with wiring,22.05,4.085,0,1.674,1.796,0.5686,1.387
with wiring,22.1,3.336,0,1.687,1.797,0.53,1.358
with wiring,22.15,2.711,0,1.701,1.798,0.4859,1.329
with wiring,22.2,2.235,0,1.715,1.798,0.4349,1.301
with wiring,22.25,1.805,0,1.728,1.799,0.3847,1.272
with wiring,22.3,1.563,0,1.739,1.799,0.3378,1.245
with wiring,22.35,1.331,0,1.751,1.799,0.2915,1.219
with wiring,22.4,1.209,0,1.759,1.799,0.2541,1.194
with wiring,22.45,1.088,0,1.768,1.8,0.2167,1.17
with wiring,22.5,1.033,0,1.773,1.8,0.1869,1.147
with wiring,22.55,0.9893,0,1.779,1.8,0.1584,1.125
with wiring,22.6,0.9697,0,1.783,1.8,0.136,1.104
with wiring,22.65,0.9544,0,1.786,1.8,0.1148,1.084
with wiring,22.7,0.9263,0,1.788,1.8,0.09759,1.064
with wiring,22.75,0.8926,0,1.79,1.8,0.08221,1.045
with wiring,22.8,0.8695,0,1.792,1.8,0.06957,1.027
with wiring,22.85,0.853,0,1.793,1.8,0.05859,1.009
with wiring,22.9,0.8445,0,1.793,1.8,0.04935,0.993
with wiring,22.95,0.8426,0,1.794,1.8,0.04159,0.9773
with wiring,23,0.8296,0,1.794,1.8,0.03508,0.9631
with wiring,23.05,0.8069,0,1.795,1.8,0.02963,0.95
with wiring,23.1,0.7803,0,1.795,1.8,0.02493,0.9385
with wiring,23.15,0.7486,0,1.795,1.8,0.02116,0.929
with wiring,23.2,0.7309,0,1.795,1.8,0.0179,0.9213
with wiring,23.25,0.7308,0,1.796,1.8,0.01531,0.9159
with wiring,23.3,0.7349,0,1.796,1.8,0.01293,0.9114
with wiring,23.35,0.7514,0,1.796,1.8,0.01121,0.9099
with wiring,23.4,0.7679,0,1.796,1.8,0.00948,0.9084
with wiring,23.45,0.7385,0,1.796,1.8,0.008247,0.909
with wiring,23.5,0.6993,0,1.796,1.8,0.007118,0.9101
with wiring,23.55,0.68,0,1.796,1.8,0.006198,0.9119
with wiring,23.6,0.6776,0,1.796,1.8,0.005457,0.9142
with wiring,23.65,0.6764,0,1.796,1.8,0.004723,0.9166
with wiring,23.7,0.7293,0,1.796,1.8,0.004265,0.9194
with wiring,23.75,0.7823,0,1.796,1.8,0.003807,0.9223
with wiring,23.8,0.9167,0,1.796,1.8,0.003566,0.9252
with wiring,23.85,1.079,0,1.796,1.8,0.003512,0.9282
with wiring,23.9,1.236,0,1.796,1.8,0.003943,0.9313
with wiring,23.95,1.369,0,1.796,1.8,0.004926,0.9346
with wiring,24,1.485,0,1.796,1.801,0.006196,0.9382
with wiring,24.05,1.869,0,1.796,1.801,0.006711,0.9416
with wiring,24.1,2.351,0,1.796,1.801,0.006953,0.9449
with wiring,24.15,2.485,0,1.796,1.801,0.006242,0.9475
with wiring,24.2,2.594,0,1.796,1.801,0.00546,0.95
with wiring,24.25,1.956,0,1.796,1.8,0.004444,0.9517
with wiring,24.3,1.138,0,1.796,1.8,0.003372,0.9532
with wiring,24.35,0.534,0,1.796,1.8,0.002309,0.9546
with wiring,24.4,0.3852,0,1.796,1.8,0.001266,0.9554
with wiring,24.45,0.2457,0,1.796,1.8,0.0002397,0.9562
with wiring,24.5,0.2742,0,1.797,1.8,-0.000485,0.9567
with wiring,24.55,0.3027,0,1.797,1.8,-0.00121,0.9572
with wiring,24.6,0.3318,0,1.797,1.8,-0.001917,0.9576
with wiring,24.65,0.3713,0,1.797,1.8,-0.002278,0.958
with wiring,24.7,0.4108,0,1.797,1.8,-0.00264,0.9583
with wiring,24.75,0.4503,0,1.797,1.8,-0.003002,0.9586
with wiring,24.8,0.4768,0,1.797,1.8,-0.003175,0.9588
with wiring,24.85,0.501,0,1.798,1.8,-0.003315,0.9591
with wiring,24.9,0.5252,0,1.798,1.8,-0.003455,0.9593
with wiring,24.95,0.5494,0,1.798,1.8,-0.003595,0.9595
with wiring,25,0.5662,0,1.798,1.8,-0.003648,0.9597
with wiring,25.05,0.5817,0,1.798,1.8,-0.003685,0.9598
with wiring,25.1,0.5972,0,1.798,1.8,-0.003722,0.96
with wiring,25.15,0.6126,0,1.798,1.8,-0.003758,0.9601
with wiring,25.2,0.6239,0,1.799,1.8,-0.003767,0.9601
with wiring,25.25,0.6343,0,1.799,1.8,-0.003771,0.9602
with wiring,25.3,0.6448,0,1.799,1.8,-0.003774,0.9602
with wiring,25.35,0.6552,0,1.799,1.8,-0.003778,0.9602
with wiring,25.4,0.6625,0,1.799,1.8,-0.003776,0.9601
with wiring,25.45,0.6692,0,1.799,1.8,-0.003773,0.96
with wiring,25.5,0.6758,0,1.799,1.8,-0.003771,0.9599
with wiring,25.55,0.6825,0,1.799,1.8,-0.003768,0.9598
with wiring,25.6,0.687,0,1.799,1.8,-0.003766,0.9595
with wiring,25.65,0.691,0,1.8,1.8,-0.003764,0.9593
with wiring,25.7,0.695,0,1.8,1.8,-0.003762,0.9591
with wiring,25.75,0.6991,0,1.8,1.8,-0.00376,0.9588
with wiring,25.8,0.7016,0,1.8,1.8,-0.003759,0.9585
with wiring,25.85,0.7039,0,1.8,1.8,-0.003759,0.9582
with wiring,25.9,0.7062,0,1.8,1.8,-0.003758,0.9578
with wiring,25.95,0.7084,0,1.8,1.8,-0.003757,0.9575
with wiring,26,0.7098,0,1.8,1.8,-0.003757,0.9571
with wiring,26.05,0.711,0,1.8,1.8,-0.003756,0.9566
with wiring,26.1,0.7123,0,1.8,1.8,-0.003755,0.9562
with wiring,26.15,0.7135,0,1.8,1.8,-0.003755,0.9557
with wiring,26.2,0.7142,0,1.8,1.8,-0.003753,0.9552
with wiring,26.25,0.7149,0,1.8,1.8,-0.003751,0.9547
with wiring,26.3,0.7155,0,1.8,1.8,-0.003749,0.9542
with wiring,26.35,0.7162,0,1.8,1.8,-0.003747,0.9537
with wiring,26.4,0.7166,0,1.8,1.8,-0.003744,0.9531
with wiring,26.45,0.717,0,1.8,1.8,-0.00374,0.9526
with wiring,26.5,0.7174,0,1.8,1.8,-0.003736,0.952
with wiring,26.55,0.7178,0,1.8,1.8,-0.003732,0.9514
with wiring,26.6,0.7181,0,1.8,1.8,-0.003727,0.9508
with wiring,26.65,0.7183,0,1.8,1.8,-0.003721,0.9502
with wiring,26.7,0.7186,0,1.8,1.8,-0.003715,0.9495
with wiring,26.75,0.7188,0,1.8,1.8,-0.00371,0.9489
with wiring,26.8,0.7191,0,1.8,1.8,-0.003702,0.9482
with wiring,26.85,0.7193,0,1.8,1.8,-0.003694,0.9475
with wiring,26.9,0.7196,0,1.8,1.8,-0.003686,0.9468
with wiring,26.95,0.7198,0,1.8,1.8,-0.003679,0.9461
with wiring,27,0.7201,0,1.8,1.8,-0.003669,0.9454
with wiring,27.05,0.7203,0,1.8,1.8,-0.003659,0.9446
with wiring,27.1,0.7206,0,1.8,1.8,-0.003649,0.9439
with wiring,27.15,0.7208,0,1.8,1.8,-0.003639,0.9431
with wiring,27.2,0.7212,0,1.8,1.8,-0.003627,0.9423
with wiring,27.25,0.7215,0,1.8,1.8,-0.003615,0.9414
with wiring,27.3,0.7218,0,1.8,1.8,-0.003602,0.9406
with wiring,27.35,0.7222,0,1.8,1.8,-0.00359,0.9397
with wiring,27.4,0.7227,0,1.8,1.8,-0.003574,0.9386
with wiring,27.45,0.7233,0,1.8,1.8,-0.003557,0.9375
with wiring,27.5,0.7239,0,1.8,1.8,-0.00354,0.9364
with wiring,27.55,0.7245,0,1.8,1.8,-0.003523,0.9353
with wiring,27.6,0.7255,0,1.8,1.8,-0.003498,0.9337
with wiring,27.65,0.7266,0,1.8,1.8,-0.003473,0.9321
with wiring,27.7,0.7277,0,1.8,1.8,-0.003447,0.9304
with wiring,27.75,0.7288,0,1.8,1.8,-0.003421,0.9287
with wiring,27.8,0.7303,0,1.8,1.8,-0.003385,0.9263
with wiring,27.85,0.7319,0,1.8,1.8,-0.003346,0.9238
with wiring,27.9,0.7334,0,1.8,1.8,-0.003308,0.9212
with wiring,27.95,0.735,0,1.8,1.8,-0.003269,0.9187
with wiring,28,0.7368,0,1.8,1.8,-0.003219,0.9156
with wiring,28.05,0.7387,0,1.8,1.8,-0.003166,0.9124
with wiring,28.1,0.7405,0,1.8,1.8,-0.003113,0.9092
with wiring,28.15,0.7423,0,1.8,1.8,-0.00306,0.906
with wiring,28.2,0.7443,0,1.8,1.8,-0.002996,0.9027
with wiring,28.25,0.7463,0,1.8,1.8,-0.002929,0.8994
with wiring,28.3,0.7482,0,1.8,1.8,-0.002863,0.896
with wiring,28.35,0.7502,0,1.8,1.8,-0.002796,0.8927
with wiring,28.4,0.7522,0,1.8,1.8,-0.002721,0.8895
with wiring,28.45,0.7542,0,1.8,1.8,-0.002644,0.8864
with wiring,28.5,0.7562,0,1.8,1.8,-0.002567,0.8832
with wiring,28.55,0.7582,0,1.8,1.8,-0.00249,0.8801
with wiring,28.6,0.7602,0,1.8,1.8,-0.002408,0.8773
with wiring,28.65,0.7621,0,1.8,1.8,-0.002326,0.8746
with wiring,28.7,0.764,0,1.8,1.8,-0.002243,0.8719
with wiring,28.75,0.766,0,1.8,1.8,-0.002161,0.8692
with wiring,28.8,0.7677,0,1.8,1.8,-0.002079,0.8669
with wiring,28.85,0.7695,0,1.8,1.8,-0.001996,0.8646
with wiring,28.9,0.7712,0,1.8,1.8,-0.001914,0.8623
with wiring,28.95,0.7729,0,1.8,1.8,-0.001832,0.8601
with wiring,29,0.7745,0,1.8,1.8,-0.001753,0.8582
with wiring,29.05,0.776,0,1.8,1.8,-0.001676,0.8563
with wiring,29.1,0.7775,0,1.8,1.8,-0.001598,0.8545
with wiring,29.15,0.779,0,1.8,1.8,-0.001521,0.8527
with wiring,29.2,0.7802,0,1.8,1.8,-0.00145,0.8511
with wiring,29.25,0.7815,0,1.8,1.8,-0.001381,0.8497
with wiring,29.3,0.7827,0,1.8,1.8,-0.001311,0.8482
with wiring,29.35,0.7839,0,1.8,1.8,-0.001242,0.8468
with wiring,29.4,0.7849,0,1.8,1.8,-0.001181,0.8456
with wiring,29.45,0.7859,0,1.8,1.8,-0.001121,0.8444
with wiring,29.5,0.7869,0,1.8,1.8,-0.001062,0.8433
with wiring,29.55,0.7879,0,1.8,1.8,-0.001002,0.8422
with wiring,29.6,0.7887,0,1.8,1.8,-0.0009513,0.8413
with wiring,29.65,0.7894,0,1.8,1.8,-0.0009019,0.8404
with wiring,29.7,0.7902,0,1.8,1.8,-0.0008526,0.8395
with wiring,29.75,0.7909,0,1.8,1.8,-0.0008032,0.8386
with wiring,29.8,0.7915,0,1.8,1.8,-0.000762,0.8379
with wiring,29.85,0.7921,0,1.8,1.8,-0.0007222,0.8372
with wiring,29.9,0.7927,0,1.8,1.8,-0.0006824,0.8366
with wiring,29.95,0.7933,0,1.8,1.8,-0.0006426,0.8359
with wiring,30,0.7938,0,1.8,1.8,-0.00061,0.8354
with wiring,30.05,0.7942,0,1.8,1.8,-0.0005787,0.8349
with wiring,30.1,0.7946,0,1.8,1.8,-0.0005474,0.8344
with wiring,30.15,0.7951,0,1.8,1.8,-0.0005161,0.8339
with wiring,30.2,0.7954,0,1.8,1.8,-0.0004908,0.8334
with wiring,30.25,0.7958,0,1.8,1.8,-0.0004666,0.8331
with wiring,30.3,0.7961,0,1.8,1.8,-0.0004423,0.8327
with wiring,30.35,0.7964,0,1.8,1.8,-0.0004181,0.8323
with wiring,30.4,0.7967,0,1.8,1.8,-0.0003988,0.832
with wiring,30.45,0.797,0,1.8,1.8,-0.0003803,0.8317
with wiring,30.5,0.7972,0,1.8,1.8,-0.0003619,0.8314
with wiring,30.55,0.7975,0,1.8,1.8,-0.0003434,0.8311
with wiring,30.6,0.7977,0,1.8,1.8,-0.0003288,0.8309
with wiring,30.65,0.7979,0,1.8,1.8,-0.0003148,0.8307
with wiring,30.7,0.7981,0,1.8,1.8,-0.0003009,0.8305
with wiring,30.75,0.7983,0,1.8,1.8,-0.000287,0.8303
with wiring,30.8,0.7985,0,1.8,1.8,-0.000276,0.8301
with wiring,30.85,0.7987,0,1.8,1.8,-0.0002656,0.8299
with wiring,30.9,0.7988,0,1.8,1.8,-0.0002552,0.8298
with wiring,30.95,0.799,0,1.8,1.8,-0.0002448,0.8296
with wiring,31,0.7991,0,1.8,1.8,-0.0002366,0.8295
with wiring,31.05,0.7993,0,1.8,1.8,-0.0002288,0.8294
with wiring,31.1,0.7994,0,1.8,1.8,-0.0002211,0.8292
with wiring,31.15,0.7995,0,1.8,1.8,-0.0002133,0.8291
with wiring,31.2,0.7997,0,1.8,1.8,-0.0002073,0.829
with wiring,31.25,0.7998,0,1.8,1.8,-0.0002015,0.8289
with wiring,31.3,0.7999,0,1.8,1.8,-0.0001957,0.8288
with wiring,31.35,0.8,0,1.8,1.8,-0.00019,0.8287
with wiring,31.4,0.8002,0,1.8,1.8,-0.0001855,0.8287
with wiring,31.45,0.8003,0,1.8,1.8,-0.0001812,0.8286
with wiring,31.5,0.8004,0,1.8,1.8,-0.0001769,0.8285
with wiring,31.55,0.8005,0,1.8,1.8,-0.0001726,0.8285
with wiring,31.6,0.8007,0,1.8,1.8,-0.0001692,0.8284
with wiring,31.65,0.8008,0,1.8,1.8,-0.0001659,0.8284
with wiring,31.7,0.8009,0,1.8,1.8,-0.0001626,0.8283
with wiring,31.75,0.8011,0,1.8,1.8,-0.0001594,0.8283
with wiring,31.8,0.8012,0,1.8,1.8,-0.0001565,0.8282
with wiring,31.85,0.8014,0,1.8,1.8,-0.0001538,0.8282
with wiring,31.9,0.8015,0,1.8,1.8,-0.000151,0.8281
with wiring,31.95,0.8017,0,1.8,1.8,-0.0001483,0.8281
with wiring,32,0.8019,0,1.8,1.8,-0.0001455,0.8281
with wiring,32.05,0.8021,0,1.8,1.8,-0.0001427,0.8281
with wiring,32.1,0.8023,0,1.8,1.8,-0.0001399,0.828
with wiring,32.15,0.8025,0,1.8,1.8,-0.0001372,0.828
with wiring,32.2,0.8027,0,1.8,1.8,-0.000134,0.828
with wiring,32.25,0.803,0,1.8,1.8,-0.0001308,0.8279
with wiring,32.3,0.8033,0,1.8,1.8,-0.0001276,0.8279
with wiring,32.35,0.8035,0,1.8,1.8,-0.0001244,0.8279
with wiring,32.4,0.8039,0,1.8,1.8,-0.0001208,0.8279
with wiring,32.45,0.8042,0,1.8,1.8,-0.0001171,0.8279
with wiring,32.5,0.8045,0,1.8,1.8,-0.0001134,0.8279
with wiring,32.55,0.8049,0,1.8,1.8,-0.0001097,0.8278
with wiring,32.6,0.8053,0,1.8,1.8,-0.0001058,0.8278
with wiring,32.65,0.8057,0,1.8,1.8,-0.0001019,0.8278
with wiring,32.7,0.8061,0,1.8,1.8,-9.799e-05,0.8278
with wiring,32.75,0.8065,0,1.8,1.8,-9.407e-05,0.8278
with wiring,32.8,0.8069,0,1.8,1.8,-9.024e-05,0.8278
with wiring,32.85,0.8074,0,1.8,1.8,-8.642e-05,0.8278
with wiring,32.9,0.8079,0,1.8,1.8,-8.26e-05,0.8278
with wiring,32.95,0.8083,0,1.8,1.8,-7.879e-05,0.8278
with wiring,33,0.8088,0,1.8,1.8,-7.523e-05,0.8278
with wiring,33.05,0.8094,0,1.8,1.8,-7.173e-05,0.8278
with wiring,33.1,0.8099,0,1.8,1.8,-6.822e-05,0.8277
with wiring,33.15,0.8104,0,1.8,1.8,-6.471e-05,0.8277
with wiring,33.2,0.8109,0,1.8,1.8,-6.152e-05,0.8277
with wiring,33.25,0.8115,0,1.8,1.8,-5.838e-05,0.8277
with wiring,33.3,0.812,0,1.8,1.8,-5.524e-05,0.8277
with wiring,33.35,0.8125,0,1.8,1.8,-5.21e-05,0.8277
with wiring,33.4,0.8131,0,1.8,1.8,-4.924e-05,0.8277
with wiring,33.45,0.8137,0,1.8,1.8,-4.644e-05,0.8277
with wiring,33.5,0.8142,0,1.8,1.8,-4.363e-05,0.8277
with wiring,33.55,0.8148,0,1.8,1.8,-4.083e-05,0.8277
with wiring,33.6,0.8153,0,1.8,1.8,-3.828e-05,0.8277
with wiring,33.65,0.8159,0,1.8,1.8,-3.577e-05,0.8277
with wiring,33.7,0.8165,0,1.8,1.8,-3.327e-05,0.8277
with wiring,33.75,0.817,0,1.8,1.8,-3.076e-05,0.8277
with wiring,33.8,0.8176,0,1.8,1.8,-2.849e-05,0.8277
with wiring,33.85,0.8181,0,1.8,1.8,-2.626e-05,0.8277
with wiring,33.9,0.8187,0,1.8,1.8,-2.404e-05,0.8277
with wiring,33.95,0.8192,0,1.8,1.8,-2.181e-05,0.8277
with wiring,34,0.8197,0,1.8,1.8,-1.982e-05,0.8277
with wiring,34.05,0.8203,0,1.8,1.8,-1.787e-05,0.8277
with wiring,34.1,0.8208,0,1.8,1.8,-1.592e-05,0.8277
with wiring,34.15,0.8213,0,1.8,1.8,-1.397e-05,0.8277
with wiring,34.2,0.8218,0,1.8,1.8,-1.227e-05,0.8277
with wiring,34.25,0.8223,0,1.8,1.8,-1.061e-05,0.8277
with wiring,34.3,0.8228,0,1.8,1.8,-8.953e-06,0.8277
with wiring,34.35,0.8233,0,1.8,1.8,-7.294e-06,0.8277
with wiring,34.4,0.8237,0,1.8,1.8,-5.881e-06,0.8277
with wiring,34.45,0.8242,0,1.8,1.8,-4.512e-06,0.8277
with wiring,34.5,0.8246,0,1.8,1.8,-3.144e-06,0.8277
with wiring,34.55,0.8251,0,1.8,1.8,-1.775e-06,0.8277
with wiring,34.6,0.8255,0,1.8,1.8,-6.531e-07,0.8277
with wiring,34.65,0.8259,0,1.8,1.8,4.249e-07,0.8277
with wiring,34.7,0.8263,0,1.8,1.8,1.503e-06,0.8277
with wiring,34.75,0.8267,0,1.8,1.8,2.581e-06,0.8277
with wiring,34.8,0.8271,0,1.8,1.8,3.437e-06,0.8277
with wiring,34.85,0.8275,0,1.8,1.8,4.254e-06,0.8277
with wiring,34.9,0.8278,0,1.8,1.8,5.071e-06,0.8277
with wiring,34.95,0.8282,0,1.8,1.8,5.888e-06,0.8277
with wiring,35,0.8285,0,1.8,1.8,6.512e-06,0.8277
with wiring,35.05,0.8289,0,1.8,1.8,7.101e-06,0.8277
with wiring,35.1,0.8292,0,1.8,1.8,7.691e-06,0.8277
with wiring,35.15,0.8295,0,1.8,1.8,8.281e-06,0.8277
with wiring,35.2,0.8298,0,1.8,1.8,8.702e-06,0.8277
with wiring,35.25,0.8301,0,1.8,1.8,9.094e-06,0.8277
with wiring,35.3,0.8304,0,1.8,1.8,9.486e-06,0.8277
with wiring,35.35,0.8306,0,1.8,1.8,9.877e-06,0.8277
with wiring,35.4,0.8309,0,1.8,1.8,1.013e-05,0.8277
with wiring,35.45,0.8311,0,1.8,1.8,1.036e-05,0.8277
with wiring,35.5,0.8314,0,1.8,1.8,1.058e-05,0.8277
with wiring,35.55,0.8316,0,1.8,1.8,1.081e-05,0.8277
with wiring,35.6,0.8318,0,1.8,1.8,1.093e-05,0.8277
with wiring,35.65,0.8321,0,1.8,1.8,1.103e-05,0.8277
with wiring,35.7,0.8323,0,1.8,1.8,1.112e-05,0.8277
with wiring,35.75,0.8325,0,1.8,1.8,1.122e-05,0.8277
with wiring,35.8,0.8327,0,1.8,1.8,1.123e-05,0.8277
with wiring,35.85,0.8329,0,1.8,1.8,1.122e-05,0.8277
with wiring,35.9,0.833,0,1.8,1.8,1.122e-05,0.8277
with wiring,35.95,0.8332,0,1.8,1.8,1.121e-05,0.8277
with wiring,36,0.8334,0,1.8,1.8,1.115e-05,0.8277
with wiring,36.05,0.8335,0,1.8,1.8,1.107e-05,0.8277
with wiring,36.1,0.8337,0,1.8,1.8,1.099e-05,0.8277
with wiring,36.15,0.8338,0,1.8,1.8,1.091e-05,0.8277
with wiring,36.2,0.834,0,1.8,1.8,1.079e-05,0.8277
with wiring,36.25,0.8341,0,1.8,1.8,1.066e-05,0.8277
with wiring,36.3,0.8342,0,1.8,1.8,1.053e-05,0.8277
with wiring,36.35,0.8344,0,1.8,1.8,1.04e-05,0.8277
with wiring,36.4,0.8345,0,1.8,1.8,1.024e-05,0.8277
with wiring,36.45,0.8346,0,1.8,1.8,1.008e-05,0.8277
with wiring,36.5,0.8347,0,1.8,1.8,9.912e-06,0.8277
with wiring,36.55,0.8348,0,1.8,1.8,9.749e-06,0.8277
with wiring,36.6,0.8349,0,1.8,1.8,9.569e-06,0.8277
with wiring,36.65,0.835,0,1.8,1.8,9.387e-06,0.8277
with wiring,36.7,0.8351,0,1.8,1.8,9.205e-06,0.8277
with wiring,36.75,0.8352,0,1.8,1.8,9.022e-06,0.8277
with wiring,36.8,0.8353,0,1.8,1.8,8.833e-06,0.8277
with wiring,36.85,0.8353,0,1.8,1.8,8.643e-06,0.8277
with wiring,36.9,0.8354,0,1.8,1.8,8.453e-06,0.8277
with wiring,36.95,0.8355,0,1.8,1.8,8.263e-06,0.8277
with wiring,37,0.8356,0,1.8,1.8,8.072e-06,0.8277
with wiring,37.05,0.8356,0,1.8,1.8,7.882e-06,0.8277
with wiring,37.1,0.8357,0,1.8,1.8,7.692e-06,0.8277
with wiring,37.15,0.8358,0,1.8,1.8,7.502e-06,0.8277
with wiring,37.2,0.8358,0,1.8,1.8,7.317e-06,0.8277
with wiring,37.25,0.8359,0,1.8,1.8,7.133e-06,0.8277
with wiring,37.3,0.8359,0,1.8,1.8,6.949e-06,0.8277
with wiring,37.35,0.836,0,1.8,1.8,6.764e-06,0.8277
with wiring,37.4,0.836,0,1.8,1.8,6.588e-06,0.8277
with wiring,37.45,0.8361,0,1.8,1.8,6.414e-06,0.8277
with wiring,37.5,0.8361,0,1.8,1.8,6.239e-06,0.8277
with wiring,37.55,0.8362,0,1.8,1.8,6.064e-06,0.8277
with wiring,37.6,0.8362,0,1.8,1.8,5.9e-06,0.8277
with wiring,37.65,0.8362,0,1.8,1.8,5.737e-06,0.8277
with wiring,37.7,0.8363,0,1.8,1.8,5.574e-06,0.8277
with wiring,37.75,0.8363,0,1.8,1.8,5.412e-06,0.8277
with wiring,37.8,0.8363,0,1.8,1.8,5.26e-06,0.8277
with wiring,37.85,0.8364,0,1.8,1.8,5.11e-06,0.8277
with wiring,37.9,0.8364,0,1.8,1.8,4.961e-06,0.8277
with wiring,37.95,0.8364,0,1.8,1.8,4.811e-06,0.8277
with wiring,38,0.8365,0,1.8,1.8,4.673e-06,0.8277
with wiring,38.05,0.8365,0,1.8,1.8,4.537e-06,0.8277
with wiring,38.1,0.8365,0,1.8,1.8,4.401e-06,0.8277
with wiring,38.15,0.8365,0,1.8,1.8,4.265e-06,0.8277
with wiring,38.2,0.8366,0,1.8,1.8,4.14e-06,0.8277
with wiring,38.25,0.8366,0,1.8,1.8,4.018e-06,0.8277
with wiring,38.3,0.8366,0,1.8,1.8,3.895e-06,0.8277
with wiring,38.35,0.8366,0,1.8,1.8,3.773e-06,0.8277
with wiring,38.4,0.8366,0,1.8,1.8,3.661e-06,0.8277
with wiring,38.45,0.8367,0,1.8,1.8,3.551e-06,0.8277
with wiring,38.5,0.8367,0,1.8,1.8,3.442e-06,0.8277
with wiring,38.55,0.8367,0,1.8,1.8,3.332e-06,0.8277
with wiring,38.6,0.8367,0,1.8,1.8,3.233e-06,0.8277
with wiring,38.65,0.8367,0,1.8,1.8,3.135e-06,0.8277
with wiring,38.7,0.8367,0,1.8,1.8,3.038e-06,0.8277
with wiring,38.75,0.8368,0,1.8,1.8,2.94e-06,0.8277
with wiring,38.8,0.8368,0,1.8,1.8,2.853e-06,0.8277
with wiring,38.85,0.8368,0,1.8,1.8,2.766e-06,0.8277
with wiring,38.9,0.8368,0,1.8,1.8,2.68e-06,0.8277
with wiring,38.95,0.8368,0,1.8,1.8,2.594e-06,0.8277
with wiring,39,0.8368,0,1.8,1.8,2.517e-06,0.8277
with wiring,39.05,0.8368,0,1.8,1.8,2.441e-06,0.8277
with wiring,39.1,0.8368,0,1.8,1.8,2.365e-06,0.8277
with wiring,39.15,0.8368,0,1.8,1.8,2.289e-06,0.8277
with wiring,39.2,0.8369,0,1.8,1.8,2.222e-06,0.8277
with wiring,39.25,0.8369,0,1.8,1.8,2.155e-06,0.8277
with wiring,39.3,0.8369,0,1.8,1.8,2.089e-06,0.8277
with wiring,39.35,0.8369,0,1.8,1.8,2.022e-06,0.8277
with wiring,39.4,0.8369,0,1.8,1.8,1.963e-06,0.8277
with wiring,39.45,0.8369,0,1.8,1.8,1.905e-06,0.8277
with wiring,39.5,0.8369,0,1.8,1.8,1.847e-06,0.8277
with wiring,39.55,0.8369,0,1.8,1.8,1.789e-06,0.8277
with wiring,39.6,0.8369,0,1.8,1.8,1.737e-06,0.8277
with wiring,39.65,0.8369,0,1.8,1.8,1.687e-06,0.8277
with wiring,39.7,0.8369,0,1.8,1.8,1.636e-06,0.8277
with wiring,39.75,0.8369,0,1.8,1.8,1.586e-06,0.8277
with wiring,39.8,0.8369,0,1.8,1.8,1.541e-06,0.8277
with wiring,39.85,0.8369,0,1.8,1.8,1.497e-06,0.8277
with wiring,39.9,0.8369,0,1.8,1.8,1.453e-06,0.8277
with wiring,39.95,0.8369,0,1.8,1.8,1.409e-06,0.8277
with wiring,40,0.837,0,1.8,1.8,1.369e-06,0.8277
without wiring,0,2.496,4.765e-13,1.8,1.8,5.892e-05,0.9697
without wiring,0.05,2.496,0.9,1.8,1.8,5.877e-05,0.9697
without wiring,0.1,2.602,1.8,1.8,1.8,5.861e-05,0.9697
without wiring,0.15,2.808,1.8,1.8,1.8,5.846e-05,0.9697
without wiring,0.2,3.292,1.8,1.8,1.8,5.831e-05,0.9697
without wiring,0.25,4.779,1.8,1.8,1.8,5.816e-05,0.9697
without wiring,0.3,7.697,1.8,1.8,1.8,5.808e-05,0.9697
without wiring,0.35,11.13,1.8,1.8,1.8,5.773e-05,0.9697
without wiring,0.4,10.6,1.8,1.8,1.8,5.778e-05,0.9697
without wiring,0.45,5.136,1.8,1.8,1.8,5.751e-05,0.9697
without wiring,0.5,5.908,1.8,1.8,1.8,5.699e-05,0.9697
without wiring,0.55,3.24,1.8,1.8,1.8,5.015e-05,0.9697
without wiring,0.6,3.123,1.8,1.8,1.8,6.095e-05,0.9697
without wiring,0.65,2.998,1.8,1.8,1.8,6.019e-05,0.9697
without wiring,0.7,3.433,1.8,1.8,1.8,5.159e-05,0.9697
without wiring,0.75,4.042,1.8,1.807,1.8,0.000253,0.9699
without wiring,0.8,4.531,1.8,1.799,1.835,-0.0001187,0.9701
without wiring,0.85,10.63,1.8,1.642,1.189,-0.006682,0.9662
without wiring,0.9,36.46,1.8,1.286,0.1285,0.06999,1.118
without wiring,0.95,30.64,1.8,0.7203,-0.007112,0.2413,1.298
without wiring,1,23.1,1.8,0.2309,0.001464,0.4577,1.405
without wiring,1.05,14.56,1.8,0.03049,0.006836,0.6826,1.463
without wiring,1.1,8.216,1.8,-0.004445,0.005168,0.8969,1.494
without wiring,1.15,4.518,1.8,-0.003961,0.002133,1.078,1.52
without wiring,1.2,2.514,1.8,-0.0007687,0.0004898,1.226,1.547
without wiring,1.25,1.706,1.8,0.0003143,0.0001011,1.351,1.579
without wiring,1.3,1.404,1.8,0.0005194,0.0001744,1.479,1.619
without wiring,1.35,1.25,1.8,0.0005649,0.0003149,1.603,1.669
without wiring,1.4,0.8329,1.8,0.0004839,0.0002849,1.691,1.716
without wiring,1.45,0.5776,1.8,0.0003407,0.0001964,1.745,1.753
without wiring,1.5,0.409,1.8,0.0002068,0.0001158,1.773,1.775
without wiring,1.55,0.3461,1.8,0.0001124,6.2e-05,1.787,1.788
without wiring,1.6,0.2305,1.8,5.916e-05,3.309e-05,1.793,1.793
without wiring,1.65,0.2092,1.8,3.324e-05,1.939e-05,1.795,1.796
without wiring,1.7,0.2602,1.8,2.084e-05,1.275e-05,1.797,1.797
without wiring,1.75,0.1224,1.8,1.599e-05,9.961e-06,1.797,1.797
without wiring,1.8,0.197,1.8,1.342e-05,8.348e-06,1.798,1.798
without wiring,1.85,0.2225,1.8,1.142e-05,7.209e-06,1.798,1.798
without wiring,1.9,0.2712,1.8,9.592e-06,1.511e-06,1.798,1.798
without wiring,1.95,0.4771,1.8,8.762e-06,0.0002236,1.799,1.799
without wiring,2,1.316,1.8,-2.421e-05,-0.006693,1.798,1.799
without wiring,2.05,4.7,1.8,0.001309,0.2491,1.816,1.815
without wiring,2.1,5.634,1.8,0.00429,0.9899,1.869,1.865
without wiring,2.15,0.2817,1.8,0.001664,1.688,1.898,1.892
without wiring,2.2,-0.5516,1.8,-0.0003341,1.835,1.898,1.892
without wiring,2.25,-0.3143,1.8,-0.0004238,1.831,1.897,1.891
without wiring,2.3,-0.1527,1.8,-0.0002703,1.817,1.896,1.89
without wiring,2.35,-0.04263,1.8,-9.47e-05,1.803,1.895,1.889
without wiring,2.4,-0.01694,1.8,-4.695e-05,1.801,1.894,1.889
without wiring,2.45,0.007087,1.8,-2.142e-06,1.799,1.894,1.888
without wiring,2.5,0.006886,1.8,-2.706e-07,1.799,1.893,1.888
without wiring,2.55,0.006685,1.8,1.601e-06,1.799,1.893,1.888
without wiring,2.6,0.006485,1.8,3.472e-06,1.799,1.893,1.888
without wiring,2.65,0.006207,1.8,5.039e-06,1.8,1.893,1.887
without wiring,2.7,0.005211,1.8,3.764e-06,1.8,1.892,1.887
without wiring,2.75,0.004216,1.8,2.488e-06,1.8,1.892,1.887
without wiring,2.8,0.00322,1.8,1.213e-06,1.8,1.892,1.887
without wiring,2.85,0.002317,1.8,5.696e-08,1.8,1.892,1.887
without wiring,2.9,0.002283,1.8,2.374e-08,1.8,1.892,1.887
without wiring,2.95,0.002248,1.8,-9.472e-09,1.8,1.892,1.887
without wiring,3,0.002214,1.8,-4.269e-08,1.8,1.892,1.887
without wiring,3.05,0.002191,1.8,-6.568e-08,1.8,1.892,1.887
without wiring,3.1,0.002265,1.8,7.058e-09,1.8,1.892,1.887
without wiring,3.15,0.002339,1.8,7.98e-08,1.8,1.892,1.887
without wiring,3.2,0.002413,1.8,1.525e-07,1.8,1.892,1.887
without wiring,3.25,0.002483,1.8,2.179e-07,1.8,1.892,1.887
without wiring,3.3,0.00251,1.8,2.14e-07,1.8,1.892,1.887
without wiring,3.35,0.002538,1.8,2.101e-07,1.8,1.892,1.887
without wiring,3.4,0.002565,1.8,2.061e-07,1.8,1.892,1.887
without wiring,3.45,0.00259,1.8,2.005e-07,1.8,1.892,1.887
without wiring,3.5,0.002594,1.8,1.79e-07,1.8,1.892,1.887
without wiring,3.55,0.002597,1.8,1.574e-07,1.8,1.892,1.887
without wiring,3.6,0.0026,1.8,1.358e-07,1.8,1.892,1.887
without wiring,3.65,0.002603,1.8,1.149e-07,1.8,1.892,1.887
without wiring,3.7,0.0026,1.8,9.999e-08,1.8,1.892,1.887
without wiring,3.75,0.002596,1.8,8.509e-08,1.8,1.892,1.887
without wiring,3.8,0.002592,1.8,7.02e-08,1.8,1.892,1.887
without wiring,3.85,0.002589,1.8,5.602e-08,1.8,1.892,1.887
without wiring,3.9,0.002584,1.8,4.855e-08,1.8,1.892,1.887
without wiring,3.95,0.002579,1.8,4.108e-08,1.8,1.892,1.887
without wiring,4,0.002574,1.8,3.361e-08,1.8,1.892,1.887
without wiring,4.05,0.002569,1.8,2.656e-08,1.8,1.892,1.887
without wiring,4.1,0.002564,1.8,2.34e-08,1.8,1.892,1.887
without wiring,4.15,0.002559,1.8,2.024e-08,1.8,1.892,1.887
without wiring,4.2,0.002554,1.8,1.708e-08,1.8,1.892,1.887
without wiring,4.25,0.002549,1.8,1.412e-08,1.8,1.892,1.887
without wiring,4.3,0.002545,1.8,1.301e-08,1.8,1.892,1.887
without wiring,4.35,0.002541,1.8,1.19e-08,1.8,1.892,1.887
without wiring,4.4,0.002537,1.8,1.079e-08,1.8,1.892,1.887
without wiring,4.45,0.002532,1.8,9.756e-09,1.8,1.892,1.887
without wiring,4.5,0.002529,1.8,9.473e-09,1.8,1.892,1.887
without wiring,4.55,0.002525,1.8,9.189e-09,1.8,1.892,1.887
without wiring,4.6,0.002521,1.8,8.905e-09,1.8,1.892,1.887
without wiring,4.65,0.002518,1.8,8.647e-09,1.8,1.892,1.887
without wiring,4.7,0.002515,1.8,8.631e-09,1.8,1.892,1.887
without wiring,4.75,0.002511,1.8,8.614e-09,1.8,1.892,1.887
without wiring,4.8,0.002508,1.8,8.597e-09,1.8,1.892,1.887
without wiring,4.85,0.002505,1.8,8.585e-09,1.8,1.892,1.887
without wiring,4.9,0.002502,1.8,8.622e-09,1.8,1.892,1.887
without wiring,4.95,0.0025,1.8,8.659e-09,1.8,1.892,1.887
without wiring,5,0.002497,1.8,8.695e-09,1.8,1.892,1.887
without wiring,5.05,0.002494,1.8,8.731e-09,1.8,1.892,1.887
without wiring,5.1,0.002491,1.8,8.76e-09,1.8,1.892,1.887
without wiring,5.15,0.002489,1.8,8.789e-09,1.8,1.892,1.887
without wiring,5.2,0.002486,1.8,8.818e-09,1.8,1.892,1.887
without wiring,5.25,0.002484,1.8,8.845e-09,1.8,1.892,1.887
without wiring,5.3,0.002482,1.8,8.859e-09,1.8,1.892,1.887
without wiring,5.35,0.00248,1.8,8.872e-09,1.8,1.892,1.887
without wiring,5.4,0.002477,1.8,8.886e-09,1.8,1.892,1.887
without wiring,5.45,0.002475,1.8,8.899e-09,1.8,1.892,1.887
without wiring,5.5,0.002473,1.8,8.902e-09,1.8,1.892,1.887
without wiring,5.55,0.002471,1.8,8.905e-09,1.8,1.892,1.887
without wiring,5.6,0.002469,1.8,8.908e-09,1.8,1.892,1.887
without wiring,5.65,0.002467,1.8,8.911e-09,1.8,1.892,1.887
without wiring,5.7,0.002465,1.8,8.909e-09,1.8,1.892,1.887
without wiring,5.75,0.002463,1.8,8.907e-09,1.8,1.891,1.887
without wiring,5.8,0.002461,1.8,8.906e-09,1.8,1.891,1.887
without wiring,5.85,0.002459,1.8,8.904e-09,1.8,1.891,1.887
without wiring,5.9,0.002457,1.8,8.9e-09,1.8,1.891,1.887
without wiring,5.95,0.002456,1.8,8.897e-09,1.8,1.891,1.887
without wiring,6,0.002454,1.8,8.894e-09,1.8,1.891,1.887
without wiring,6.05,0.002452,1.8,8.891e-09,1.8,1.891,1.887
without wiring,6.1,0.002451,1.8,8.888e-09,1.8,1.891,1.887
without wiring,6.15,0.002449,1.8,8.884e-09,1.8,1.891,1.887
without wiring,6.2,0.002447,1.8,8.881e-09,1.8,1.891,1.887
without wiring,6.25,0.002446,1.8,8.878e-09,1.8,1.891,1.887
without wiring,6.3,0.002444,1.8,8.875e-09,1.8,1.891,1.887
without wiring,6.35,0.002443,1.8,8.873e-09,1.8,1.891,1.887
without wiring,6.4,0.002441,1.8,8.87e-09,1.8,1.891,1.887
without wiring,6.45,0.00244,1.8,8.867e-09,1.8,1.891,1.887
without wiring,6.5,0.002438,1.8,8.865e-09,1.8,1.891,1.887
without wiring,6.55,0.002437,1.8,8.863e-09,1.8,1.891,1.887
without wiring,6.6,0.002435,1.8,8.861e-09,1.8,1.891,1.887
without wiring,6.65,0.002434,1.8,8.859e-09,1.8,1.891,1.887
without wiring,6.7,0.002433,1.8,8.858e-09,1.8,1.891,1.887
without wiring,6.75,0.002431,1.8,8.857e-09,1.8,1.891,1.887
without wiring,6.8,0.00243,1.8,8.855e-09,1.8,1.891,1.887
without wiring,6.85,0.002429,1.8,8.854e-09,1.8,1.891,1.887
without wiring,6.9,0.002427,1.8,8.853e-09,1.8,1.891,1.887
without wiring,6.95,0.002426,1.8,8.852e-09,1.8,1.891,1.887
without wiring,7,0.002425,1.8,8.851e-09,1.8,1.891,1.887
without wiring,7.05,0.002424,1.8,8.85e-09,1.8,1.891,1.887
without wiring,7.1,0.002422,1.8,8.849e-09,1.8,1.891,1.887
without wiring,7.15,0.002421,1.8,8.849e-09,1.8,1.891,1.887
without wiring,7.2,0.00242,1.8,8.848e-09,1.8,1.891,1.887
without wiring,7.25,0.002419,1.8,8.847e-09,1.8,1.891,1.887
without wiring,7.3,0.002418,1.8,8.847e-09,1.8,1.891,1.887
without wiring,7.35,0.002417,1.8,8.847e-09,1.8,1.891,1.887
without wiring,7.4,0.002416,1.8,8.846e-09,1.8,1.891,1.887
without wiring,7.45,0.002414,1.8,8.846e-09,1.8,1.891,1.887
without wiring,7.5,0.002413,1.8,8.846e-09,1.8,1.891,1.887
without wiring,7.55,0.002412,1.8,8.846e-09,1.8,1.891,1.887
without wiring,7.6,0.002411,1.8,8.846e-09,1.8,1.891,1.887
without wiring,7.65,0.00241,1.8,8.846e-09,1.8,1.891,1.887
without wiring,7.7,0.002409,1.8,8.846e-09,1.8,1.891,1.887
without wiring,7.75,0.002408,1.8,8.846e-09,1.8,1.891,1.887
without wiring,7.8,0.002407,1.8,8.846e-09,1.8,1.891,1.887
without wiring,7.85,0.002406,1.8,8.847e-09,1.8,1.891,1.887
without wiring,7.9,0.002405,1.8,8.847e-09,1.8,1.891,1.887
without wiring,7.95,0.002404,1.8,8.847e-09,1.8,1.891,1.887
without wiring,8,0.002403,1.8,8.848e-09,1.8,1.891,1.887
without wiring,8.05,0.002403,1.8,8.848e-09,1.8,1.891,1.887
without wiring,8.1,0.002402,1.8,8.848e-09,1.8,1.891,1.887
without wiring,8.15,0.002401,1.8,8.849e-09,1.8,1.891,1.887
without wiring,8.2,0.0024,1.8,8.849e-09,1.8,1.891,1.887
without wiring,8.25,0.002399,1.8,8.85e-09,1.8,1.891,1.887
without wiring,8.3,0.002398,1.8,8.85e-09,1.8,1.891,1.887
without wiring,8.35,0.002397,1.8,8.851e-09,1.8,1.891,1.887
without wiring,8.4,0.002396,1.8,8.852e-09,1.8,1.891,1.887
without wiring,8.45,0.002396,1.8,8.852e-09,1.8,1.891,1.887
without wiring,8.5,0.002395,1.8,8.853e-09,1.8,1.891,1.887
without wiring,8.55,0.002394,1.8,8.854e-09,1.8,1.891,1.887
without wiring,8.6,0.002393,1.8,8.854e-09,1.8,1.891,1.887
without wiring,8.65,0.002392,1.8,8.855e-09,1.8,1.891,1.887
without wiring,8.7,0.002392,1.8,8.856e-09,1.8,1.891,1.887
without wiring,8.75,0.002391,1.8,8.857e-09,1.8,1.891,1.887
without wiring,8.8,0.00239,1.8,8.858e-09,1.8,1.891,1.887
without wiring,8.85,0.002389,1.8,8.858e-09,1.8,1.891,1.887
without wiring,8.9,0.002389,1.8,8.859e-09,1.8,1.891,1.887
without wiring,8.95,0.002388,1.8,8.86e-09,1.8,1.891,1.887
without wiring,9,0.002387,1.8,8.861e-09,1.8,1.891,1.887
without wiring,9.05,0.002386,1.8,8.862e-09,1.8,1.891,1.887
without wiring,9.1,0.002386,1.8,8.863e-09,1.8,1.891,1.887
without wiring,9.15,0.002385,1.8,8.864e-09,1.8,1.891,1.887
without wiring,9.2,0.002384,1.8,8.865e-09,1.8,1.891,1.887
without wiring,9.25,0.002384,1.8,8.866e-09,1.8,1.891,1.887
without wiring,9.3,0.002383,1.8,8.867e-09,1.8,1.891,1.887
without wiring,9.35,0.002382,1.8,8.868e-09,1.8,1.891,1.887
without wiring,9.4,0.002382,1.8,8.869e-09,1.8,1.891,1.887
without wiring,9.45,0.002381,1.8,8.87e-09,1.8,1.891,1.887
without wiring,9.5,0.00238,1.8,8.871e-09,1.8,1.891,1.887
without wiring,9.55,0.00238,1.8,8.872e-09,1.8,1.891,1.887
without wiring,9.6,0.002379,1.8,8.873e-09,1.8,1.891,1.887
without wiring,9.65,0.002378,1.8,8.874e-09,1.8,1.891,1.887
without wiring,9.7,0.002378,1.8,8.875e-09,1.8,1.891,1.887
without wiring,9.75,0.002377,1.8,8.876e-09,1.8,1.891,1.887
without wiring,9.8,0.002376,1.8,8.877e-09,1.8,1.891,1.887
without wiring,9.85,0.002376,1.8,8.878e-09,1.8,1.891,1.887
without wiring,9.9,0.002375,1.8,8.879e-09,1.8,1.891,1.887
without wiring,9.95,0.002375,1.8,8.88e-09,1.8,1.891,1.887
without wiring,10,0.002374,1.8,8.881e-09,1.8,1.891,1.887
without wiring,10.05,0.002373,1.8,8.882e-09,1.8,1.891,1.887
without wiring,10.1,0.002373,1.8,8.883e-09,1.8,1.891,1.887
without wiring,10.15,0.002372,1.8,8.884e-09,1.8,1.891,1.887
without wiring,10.2,0.002372,1.8,8.885e-09,1.8,1.891,1.887
without wiring,10.25,0.002371,1.8,8.886e-09,1.8,1.891,1.887
without wiring,10.3,0.002371,1.8,8.888e-09,1.8,1.891,1.887
without wiring,10.35,0.00237,1.8,8.889e-09,1.8,1.891,1.887
without wiring,10.4,0.00237,1.8,8.89e-09,1.8,1.891,1.887
without wiring,10.45,0.002369,1.8,8.891e-09,1.8,1.891,1.887
without wiring,10.5,0.002369,1.8,8.892e-09,1.8,1.891,1.887
without wiring,10.55,0.002368,1.8,8.893e-09,1.8,1.891,1.887
without wiring,10.6,0.002367,1.8,8.894e-09,1.8,1.891,1.887
without wiring,10.65,0.002367,1.8,8.895e-09,1.8,1.891,1.887
without wiring,10.7,0.002366,1.8,8.897e-09,1.8,1.891,1.887
without wiring,10.75,0.002366,1.8,8.898e-09,1.8,1.891,1.887
without wiring,10.8,0.002365,1.8,8.899e-09,1.8,1.891,1.887
without wiring,10.85,0.002365,1.8,8.9e-09,1.8,1.891,1.887
without wiring,10.9,0.002364,1.8,8.901e-09,1.8,1.891,1.887
without wiring,10.95,0.002364,1.8,8.902e-09,1.8,1.891,1.887
without wiring,11,0.002363,1.8,8.903e-09,1.8,1.891,1.887
without wiring,11.05,0.002363,1.8,8.904e-09,1.8,1.891,1.887
without wiring,11.1,0.002362,1.8,8.906e-09,1.8,1.891,1.887
without wiring,11.15,0.002362,1.8,8.907e-09,1.8,1.891,1.887
without wiring,11.2,0.002362,1.8,8.908e-09,1.8,1.891,1.887
without wiring,11.25,0.002361,1.8,8.909e-09,1.8,1.891,1.887
without wiring,11.3,0.002361,1.8,8.91e-09,1.8,1.891,1.887
without wiring,11.35,0.00236,1.8,8.911e-09,1.8,1.891,1.887
without wiring,11.4,0.00236,1.8,8.912e-09,1.8,1.891,1.887
without wiring,11.45,0.002359,1.8,8.913e-09,1.8,1.891,1.887
without wiring,11.5,0.002359,1.8,8.915e-09,1.8,1.891,1.887
without wiring,11.55,0.002358,1.8,8.916e-09,1.8,1.891,1.887
without wiring,11.6,0.002358,1.8,8.917e-09,1.8,1.891,1.887
without wiring,11.65,0.002357,1.8,8.918e-09,1.8,1.891,1.887
without wiring,11.7,0.002357,1.8,8.919e-09,1.8,1.891,1.887
without wiring,11.75,0.002357,1.8,8.92e-09,1.8,1.891,1.887
without wiring,11.8,0.002356,1.8,8.921e-09,1.8,1.891,1.887
without wiring,11.85,0.002356,1.8,8.923e-09,1.8,1.891,1.887
without wiring,11.9,0.002355,1.8,8.924e-09,1.8,1.891,1.887
without wiring,11.95,0.002355,1.8,8.925e-09,1.8,1.891,1.887
without wiring,12,0.002355,1.8,8.926e-09,1.8,1.891,1.887
without wiring,12.05,0.002354,1.8,8.927e-09,1.8,1.891,1.887
without wiring,12.1,0.002354,1.8,8.928e-09,1.8,1.891,1.887
without wiring,12.15,0.002353,1.8,8.929e-09,1.8,1.891,1.887
without wiring,12.2,0.002353,1.8,8.93e-09,1.8,1.891,1.887
without wiring,12.25,0.002352,1.8,8.931e-09,1.8,1.891,1.887
without wiring,12.3,0.002352,1.8,8.933e-09,1.8,1.891,1.887
without wiring,12.35,0.002352,1.8,8.934e-09,1.8,1.891,1.887
without wiring,12.4,0.002351,1.8,8.935e-09,1.8,1.891,1.887
without wiring,12.45,0.002351,1.8,8.936e-09,1.8,1.891,1.887
without wiring,12.5,0.002351,1.8,8.937e-09,1.8,1.891,1.887
without wiring,12.55,0.00235,1.8,8.938e-09,1.8,1.891,1.887
without wiring,12.6,0.00235,1.8,8.939e-09,1.8,1.891,1.887
without wiring,12.65,0.002349,1.8,8.94e-09,1.8,1.891,1.887
without wiring,12.7,0.002349,1.8,8.941e-09,1.8,1.891,1.887
without wiring,12.75,0.002349,1.8,8.942e-09,1.8,1.891,1.887
without wiring,12.8,0.002348,1.8,8.944e-09,1.8,1.891,1.887
without wiring,12.85,0.002348,1.8,8.945e-09,1.8,1.891,1.887
without wiring,12.9,0.002348,1.8,8.946e-09,1.8,1.891,1.887
without wiring,12.95,0.002347,1.8,8.947e-09,1.8,1.891,1.887
without wiring,13,0.002347,1.8,8.948e-09,1.8,1.891,1.887
without wiring,13.05,0.002347,1.8,8.949e-09,1.8,1.891,1.887
without wiring,13.1,0.002346,1.8,8.95e-09,1.8,1.891,1.887
without wiring,13.15,0.002346,1.8,8.951e-09,1.8,1.891,1.887
without wiring,13.2,0.002345,1.8,8.952e-09,1.8,1.891,1.887
without wiring,13.25,0.002345,1.8,8.953e-09,1.8,1.891,1.887
without wiring,13.3,0.002345,1.8,8.954e-09,1.8,1.891,1.887
without wiring,13.35,0.002344,1.8,8.955e-09,1.8,1.891,1.887
without wiring,13.4,0.002344,1.8,8.957e-09,1.8,1.891,1.887
without wiring,13.45,0.002344,1.8,8.958e-09,1.8,1.891,1.887
without wiring,13.5,0.002343,1.8,8.959e-09,1.8,1.891,1.887
without wiring,13.55,0.002343,1.8,8.96e-09,1.8,1.891,1.887
without wiring,13.6,0.002343,1.8,8.961e-09,1.8,1.891,1.887
without wiring,13.65,0.002342,1.8,8.962e-09,1.8,1.891,1.887
without wiring,13.7,0.002342,1.8,8.963e-09,1.8,1.891,1.886
without wiring,13.75,0.002342,1.8,8.964e-09,1.8,1.891,1.886
without wiring,13.8,0.002341,1.8,8.965e-09,1.8,1.891,1.886
without wiring,13.85,0.002341,1.8,8.966e-09,1.8,1.891,1.886
without wiring,13.9,0.002341,1.8,8.967e-09,1.8,1.891,1.886
without wiring,13.95,0.002341,1.8,8.968e-09,1.8,1.891,1.886
without wiring,14,0.00234,1.8,8.969e-09,1.8,1.891,1.886
without wiring,14.05,0.00234,1.8,8.97e-09,1.8,1.891,1.886
without wiring,14.1,0.00234,1.8,8.971e-09,1.8,1.891,1.886
without wiring,14.15,0.002339,1.8,8.972e-09,1.8,1.891,1.886
without wiring,14.2,0.002339,1.8,8.973e-09,1.8,1.891,1.886
without wiring,14.25,0.002339,1.8,8.974e-09,1.8,1.891,1.886
without wiring,14.3,0.002338,1.8,8.975e-09,1.8,1.891,1.886
without wiring,14.35,0.002338,1.8,8.976e-09,1.8,1.891,1.886
without wiring,14.4,0.002338,1.8,8.977e-09,1.8,1.891,1.886
without wiring,14.45,0.002337,1.8,8.978e-09,1.8,1.891,1.886
without wiring,14.5,0.002337,1.8,8.979e-09,1.8,1.891,1.886
without wiring,14.55,0.002337,1.8,8.98e-09,1.8,1.891,1.886
without wiring,14.6,0.002337,1.8,8.981e-09,1.8,1.891,1.886
without wiring,14.65,0.002336,1.8,8.982e-09,1.8,1.891,1.886
without wiring,14.7,0.002336,1.8,8.983e-09,1.8,1.891,1.886
without wiring,14.75,0.002336,1.8,8.984e-09,1.8,1.891,1.886
without wiring,14.8,0.002335,1.8,8.985e-09,1.8,1.891,1.886
without wiring,14.85,0.002335,1.8,8.986e-09,1.8,1.891,1.886
without wiring,14.9,0.002335,1.8,8.987e-09,1.8,1.891,1.886
without wiring,14.95,0.002335,1.8,8.988e-09,1.8,1.891,1.886
without wiring,15,0.002334,1.8,8.989e-09,1.8,1.891,1.886
without wiring,15.05,0.002334,1.8,8.99e-09,1.8,1.891,1.886
without wiring,15.1,0.002334,1.8,8.991e-09,1.8,1.891,1.886
without wiring,15.15,0.002334,1.8,8.992e-09,1.8,1.891,1.886
without wiring,15.2,0.002333,1.8,8.993e-09,1.8,1.891,1.886
without wiring,15.25,0.002333,1.8,8.994e-09,1.8,1.891,1.886
without wiring,15.3,0.002333,1.8,8.995e-09,1.8,1.891,1.886
without wiring,15.35,0.002332,1.8,8.996e-09,1.8,1.891,1.886
without wiring,15.4,0.002332,1.8,8.997e-09,1.8,1.891,1.886
without wiring,15.45,0.002332,1.8,8.998e-09,1.8,1.891,1.886
without wiring,15.5,0.002332,1.8,8.999e-09,1.8,1.891,1.886
without wiring,15.55,0.002331,1.8,9e-09,1.8,1.891,1.886
without wiring,15.6,0.002331,1.8,9.001e-09,1.8,1.891,1.886
without wiring,15.65,0.002331,1.8,9.002e-09,1.8,1.891,1.886
without wiring,15.7,0.002331,1.8,9.003e-09,1.8,1.891,1.886
without wiring,15.75,0.00233,1.8,9.004e-09,1.8,1.891,1.886
without wiring,15.8,0.00233,1.8,9.005e-09,1.8,1.891,1.886
without wiring,15.85,0.00233,1.8,9.006e-09,1.8,1.891,1.886
without wiring,15.9,0.00233,1.8,9.007e-09,1.8,1.891,1.886
without wiring,15.95,0.002329,1.8,9.008e-09,1.8,1.891,1.886
without wiring,16,0.002329,1.8,9.009e-09,1.8,1.891,1.886
without wiring,16.05,0.002329,1.8,9.01e-09,1.8,1.891,1.886
without wiring,16.1,0.002329,1.8,9.011e-09,1.8,1.891,1.886
without wiring,16.15,0.002328,1.8,9.012e-09,1.8,1.891,1.886
without wiring,16.2,0.002328,1.8,9.013e-09,1.8,1.891,1.886
without wiring,16.25,0.002328,1.8,9.014e-09,1.8,1.891,1.886
without wiring,16.3,0.002328,1.8,9.015e-09,1.8,1.891,1.886
without wiring,16.35,0.002327,1.8,9.015e-09,1.8,1.891,1.886
without wiring,16.4,0.002327,1.8,9.016e-09,1.8,1.891,1.886
without wiring,16.45,0.002327,1.8,9.017e-09,1.8,1.891,1.886
without wiring,16.5,0.002327,1.8,9.018e-09,1.8,1.891,1.886
without wiring,16.55,0.002326,1.8,9.019e-09,1.8,1.891,1.886
without wiring,16.6,0.002326,1.8,9.02e-09,1.8,1.891,1.886
without wiring,16.65,0.002326,1.8,9.021e-09,1.8,1.891,1.886
without wiring,16.7,0.002326,1.8,9.022e-09,1.8,1.891,1.886
without wiring,16.75,0.002325,1.8,9.023e-09,1.8,1.891,1.886
without wiring,16.8,0.002325,1.8,9.024e-09,1.8,1.891,1.886
without wiring,16.85,0.002325,1.8,9.025e-09,1.8,1.891,1.886
without wiring,16.9,0.002325,1.8,9.026e-09,1.8,1.891,1.886
without wiring,16.95,0.002324,1.8,9.027e-09,1.8,1.891,1.886
without wiring,17,0.002324,1.8,9.027e-09,1.8,1.891,1.886
without wiring,17.05,0.002324,1.8,9.028e-09,1.8,1.891,1.886
without wiring,17.1,0.002324,1.8,9.029e-09,1.8,1.891,1.886
without wiring,17.15,0.002324,1.8,9.03e-09,1.8,1.891,1.886
without wiring,17.2,0.002323,1.8,9.031e-09,1.8,1.891,1.886
without wiring,17.25,0.002323,1.8,9.032e-09,1.8,1.891,1.886
without wiring,17.3,0.002323,1.8,9.033e-09,1.8,1.891,1.886
without wiring,17.35,0.002323,1.8,9.034e-09,1.8,1.891,1.886
without wiring,17.4,0.002322,1.8,9.035e-09,1.8,1.891,1.886
without wiring,17.45,0.002322,1.8,9.036e-09,1.8,1.891,1.886
without wiring,17.5,0.002322,1.8,9.037e-09,1.8,1.891,1.886
without wiring,17.55,0.002322,1.8,9.037e-09,1.8,1.891,1.886
without wiring,17.6,0.002322,1.8,9.038e-09,1.8,1.891,1.886
without wiring,17.65,0.002321,1.8,9.039e-09,1.8,1.891,1.886
without wiring,17.7,0.002321,1.8,9.04e-09,1.8,1.891,1.886
without wiring,17.75,0.002321,1.8,9.041e-09,1.8,1.891,1.886
without wiring,17.8,0.002321,1.8,9.042e-09,1.8,1.891,1.886
without wiring,17.85,0.00232,1.8,9.043e-09,1.8,1.891,1.886
without wiring,17.9,0.00232,1.8,9.044e-09,1.8,1.891,1.886
without wiring,17.95,0.00232,1.8,9.045e-09,1.8,1.891,1.886
without wiring,18,0.00232,1.8,9.045e-09,1.8,1.891,1.886
without wiring,18.05,0.00232,1.8,9.046e-09,1.8,1.891,1.886
without wiring,18.1,0.002319,1.8,9.047e-09,1.8,1.891,1.886
without wiring,18.15,0.002319,1.8,9.048e-09,1.8,1.891,1.886
without wiring,18.2,0.002319,1.8,9.049e-09,1.8,1.891,1.886
without wiring,18.25,0.002319,1.8,9.05e-09,1.8,1.891,1.886
without wiring,18.3,0.002319,1.8,9.051e-09,1.8,1.891,1.886
without wiring,18.35,0.002318,1.8,9.052e-09,1.8,1.891,1.886
without wiring,18.4,0.002318,1.8,9.052e-09,1.8,1.891,1.886
without wiring,18.45,0.002318,1.8,9.053e-09,1.8,1.891,1.886
without wiring,18.5,0.002318,1.8,9.054e-09,1.8,1.891,1.886
without wiring,18.55,0.002318,1.8,9.055e-09,1.8,1.891,1.886
without wiring,18.6,0.002317,1.8,9.056e-09,1.8,1.891,1.886
without wiring,18.65,0.002317,1.8,9.057e-09,1.8,1.891,1.886
without wiring,18.7,0.002317,1.8,9.058e-09,1.8,1.891,1.886
without wiring,18.75,0.002317,1.8,9.059e-09,1.8,1.891,1.886
without wiring,18.8,0.002317,1.8,9.059e-09,1.8,1.891,1.886
without wiring,18.85,0.002316,1.8,9.06e-09,1.8,1.891,1.886
without wiring,18.9,0.002316,1.8,9.061e-09,1.8,1.891,1.886
without wiring,18.95,0.002316,1.8,9.062e-09,1.8,1.891,1.886
without wiring,19,0.002316,1.8,9.063e-09,1.8,1.891,1.886
without wiring,19.05,0.002316,1.8,9.064e-09,1.8,1.891,1.886
without wiring,19.1,0.002315,1.8,9.065e-09,1.8,1.891,1.886
without wiring,19.15,0.002315,1.8,9.065e-09,1.8,1.891,1.886
without wiring,19.2,0.002315,1.8,9.066e-09,1.8,1.891,1.886
without wiring,19.25,0.002315,1.8,9.067e-09,1.8,1.891,1.886
without wiring,19.3,0.002315,1.8,9.068e-09,1.8,1.891,1.886
without wiring,19.35,0.002314,1.8,9.069e-09,1.8,1.891,1.886
without wiring,19.4,0.002314,1.8,9.07e-09,1.8,1.891,1.886
without wiring,19.45,0.002314,1.8,9.071e-09,1.8,1.891,1.886
without wiring,19.5,0.002314,1.8,9.071e-09,1.8,1.891,1.886
without wiring,19.55,0.002314,1.8,9.072e-09,1.8,1.891,1.886
without wiring,19.6,0.002313,1.8,9.073e-09,1.8,1.891,1.886
without wiring,19.65,0.002313,1.8,9.074e-09,1.8,1.891,1.886
without wiring,19.7,0.002313,1.8,9.075e-09,1.8,1.891,1.886
without wiring,19.75,0.002313,1.8,9.076e-09,1.8,1.891,1.886
without wiring,19.8,0.002313,1.8,9.076e-09,1.8,1.891,1.886
without wiring,19.85,0.002313,1.8,9.077e-09,1.8,1.891,1.886
without wiring,19.9,0.002313,1.8,9.078e-09,1.8,1.891,1.886
without wiring,19.95,0.002312,1.8,9.079e-09,1.8,1.891,1.886
without wiring,20,0.1921,1.8,9.083e-09,1.8,1.891,1.886
without wiring,20.05,0.3027,0.9,9.071e-09,1.8,1.891,1.886
without wiring,20.1,0.1235,0,9.085e-09,1.8,1.891,1.886
without wiring,20.15,0.1761,0,9.08e-09,1.8,1.891,1.886
without wiring,20.2,0.3682,0,9.082e-09,1.8,1.891,1.886
without wiring,20.25,1.353,0,9.101e-09,1.8,1.891,1.886
without wiring,20.3,3.134,0,8.709e-09,1.8,1.891,1.886
without wiring,20.35,14.6,0,6.461e-09,1.8,1.891,1.886
without wiring,20.4,6.051,0,1.379e-08,1.8,1.891,1.886
without wiring,20.45,1.057,0,6.926e-09,1.8,1.891,1.886
without wiring,20.5,0.5467,0,1.464e-08,1.8,1.891,1.886
without wiring,20.55,0.7034,0,6.944e-08,1.8,1.891,1.886
without wiring,20.6,0.5493,0,-3.429e-07,1.8,1.891,1.886
without wiring,20.65,0.3,0,-1.742e-06,1.8,1.891,1.886
without wiring,20.7,0.2861,0,1.051e-05,1.8,1.891,1.886
without wiring,20.75,0.3945,0,7.846e-05,1.8,1.891,1.886
without wiring,20.8,0.4692,0,-0.0003993,1.8,1.891,1.886
without wiring,20.85,0.3547,0,-0.004575,1.8,1.89,1.886
without wiring,20.9,0.4321,0,0.007595,1.8,1.891,1.887
without wiring,20.95,1.045,0,0.1136,1.8,1.894,1.889
without wiring,21,1.705,0,0.3588,1.8,1.901,1.896
without wiring,21.05,2.125,0,0.6614,1.799,1.858,1.892
without wiring,21.1,2.449,0,0.9621,1.798,1.747,1.874
without wiring,21.15,2.757,0,1.211,1.795,1.448,1.826
without wiring,21.2,2.668,0,1.389,1.794,1.067,1.763
without wiring,21.25,2.523,0,1.521,1.793,0.7392,1.696
without wiring,21.3,2.453,0,1.597,1.795,0.5701,1.628
without wiring,21.35,2.085,0,1.635,1.797,0.5232,1.562
without wiring,21.4,1.581,0,1.677,1.798,0.4979,1.494
without wiring,21.45,1.285,0,1.714,1.799,0.4543,1.421
without wiring,21.5,1.124,0,1.745,1.799,0.3942,1.347
without wiring,21.55,1.008,0,1.763,1.799,0.3126,1.271
without wiring,21.6,0.9946,0,1.773,1.799,0.2407,1.195
without wiring,21.65,0.9859,0,1.777,1.799,0.1815,1.122
without wiring,21.7,0.9728,0,1.779,1.799,0.1321,1.049
without wiring,21.75,0.9781,0,1.777,1.799,0.1003,0.9828
without wiring,21.8,1.094,0,1.776,1.799,0.07326,0.922
without wiring,21.85,1.388,0,1.775,1.799,0.05408,0.8703
without wiring,21.9,1.756,0,1.776,1.799,0.04208,0.8362
without wiring,21.95,2.139,0,1.778,1.8,0.03317,0.8132
without wiring,22,2.515,0,1.782,1.8,0.02668,0.7995
without wiring,22.05,2.818,0,1.786,1.8,0.02247,0.7968
without wiring,22.1,2.875,0,1.791,1.8,0.01929,0.7994
without wiring,22.15,2.87,0,1.794,1.8,0.0169,0.8061
without wiring,22.2,2.889,0,1.797,1.8,0.01494,0.8148
without wiring,22.25,2.884,0,1.799,1.8,0.01331,0.8243
without wiring,22.3,2.9,0,1.8,1.8,0.01179,0.8339
without wiring,22.35,2.967,0,1.801,1.8,0.01055,0.8435
without wiring,22.4,3.034,0,1.801,1.8,0.009384,0.853
without wiring,22.45,3.105,0,1.801,1.8,0.008952,0.8624
without wiring,22.5,3.177,0,1.801,1.8,0.008521,0.8718
without wiring,22.55,3.27,0,1.801,1.8,0.008086,0.8811
without wiring,22.6,3.742,0,1.801,1.8,0.007598,0.8887
without wiring,22.65,4.214,0,1.801,1.8,0.00711,0.8964
without wiring,22.7,3.945,0,1.801,1.8,0.006339,0.9021
without wiring,22.75,3.144,0,1.8,1.8,0.005365,0.9063
without wiring,22.8,2.535,0,1.8,1.8,0.004387,0.9098
without wiring,22.85,2.328,0,1.8,1.8,0.003399,0.9118
without wiring,22.9,2.178,0,1.8,1.8,0.00253,0.9136
without wiring,22.95,2.185,0,1.8,1.8,0.001986,0.9145
without wiring,23,2.191,0,1.8,1.8,0.001442,0.9154
without wiring,23.05,2.198,0,1.8,1.8,0.0009314,0.9162
without wiring,23.1,2.212,0,1.8,1.8,0.0007614,0.9164
without wiring,23.15,2.226,0,1.8,1.8,0.0005914,0.9165
without wiring,23.2,2.24,0,1.8,1.8,0.0004214,0.9167
without wiring,23.25,2.245,0,1.8,1.8,0.0003402,0.9165
without wiring,23.3,2.247,0,1.8,1.8,0.0003104,0.916
without wiring,23.35,2.248,0,1.8,1.8,0.0002806,0.9156
without wiring,23.4,2.249,0,1.8,1.8,0.0002509,0.9151
without wiring,23.45,2.249,0,1.8,1.8,0.0002385,0.9144
without wiring,23.5,2.248,0,1.8,1.8,0.0002363,0.9134
without wiring,23.55,2.248,0,1.8,1.8,0.0002341,0.9124
without wiring,23.6,2.247,0,1.8,1.8,0.0002319,0.9115
without wiring,23.65,2.247,0,1.8,1.8,0.0002266,0.9102
without wiring,23.7,2.248,0,1.8,1.8,0.0002195,0.9088
without wiring,23.75,2.248,0,1.8,1.8,0.0002125,0.9074
without wiring,23.8,2.249,0,1.8,1.8,0.0002054,0.906
without wiring,23.85,2.251,0,1.8,1.8,0.0001827,0.9039
without wiring,23.9,2.254,0,1.8,1.8,0.000151,0.9016
without wiring,23.95,2.257,0,1.8,1.8,0.0001192,0.8992
without wiring,24,2.26,0,1.8,1.8,8.748e-05,0.8968
without wiring,24.05,2.267,0,1.8,1.8,5.208e-05,0.8925
without wiring,24.1,2.277,0,1.8,1.8,1.458e-05,0.8869
without wiring,24.15,2.287,0,1.8,1.8,-2.293e-05,0.8814
without wiring,24.2,2.296,0,1.8,1.8,-6.043e-05,0.8759
without wiring,24.25,2.309,0,1.8,1.8,-4.75e-05,0.8691
without wiring,24.3,2.323,0,1.799,1.8,-5.337e-06,0.8616
without wiring,24.35,2.338,0,1.799,1.8,3.683e-05,0.8541
without wiring,24.4,2.352,0,1.799,1.8,7.899e-05,0.8465
without wiring,24.45,2.366,0,1.799,1.8,0.0001404,0.8399
without wiring,24.5,2.378,0,1.799,1.8,0.000213,0.8338
without wiring,24.55,2.391,0,1.799,1.8,0.0002855,0.8277
without wiring,24.6,2.404,0,1.8,1.8,0.0003581,0.8216
without wiring,24.65,2.413,0,1.8,1.8,0.0004161,0.817
without wiring,24.7,2.421,0,1.8,1.8,0.0004656,0.8132
without wiring,24.75,2.429,0,1.8,1.8,0.0005151,0.8095
without wiring,24.8,2.437,0,1.8,1.8,0.0005646,0.8057
without wiring,24.85,2.442,0,1.8,1.8,0.0005893,0.8031
without wiring,24.9,2.446,0,1.8,1.8,0.0005996,0.8011
without wiring,24.95,2.449,0,1.8,1.8,0.0006099,0.7991
without wiring,25,2.453,0,1.8,1.8,0.0006202,0.7971
without wiring,25.05,2.455,0,1.8,1.8,0.0006126,0.7957
without wiring,25.1,2.457,0,1.8,1.8,0.0005948,0.7947
without wiring,25.15,2.458,0,1.8,1.8,0.0005769,0.7937
without wiring,25.2,2.459,0,1.8,1.8,0.000559,0.7927
without wiring,25.25,2.46,0,1.8,1.8,0.0005339,0.792
without wiring,25.3,2.461,0,1.8,1.8,0.0005047,0.7916
without wiring,25.35,2.461,0,1.8,1.8,0.0004755,0.7911
without wiring,25.4,2.462,0,1.8,1.8,0.0004462,0.7906
without wiring,25.45,2.462,0,1.8,1.8,0.0004171,0.7903
without wiring,25.5,2.462,0,1.8,1.8,0.0003881,0.7901
without wiring,25.55,2.462,0,1.8,1.8,0.0003591,0.7899
without wiring,25.6,2.462,0,1.8,1.8,0.00033,0.7897
without wiring,25.65,2.462,0,1.8,1.8,0.0003044,0.7896
without wiring,25.7,2.462,0,1.8,1.8,0.0002808,0.7895
without wiring,25.75,2.462,0,1.8,1.8,0.0002572,0.7894
without wiring,25.8,2.462,0,1.8,1.8,0.0002336,0.7893
without wiring,25.85,2.462,0,1.8,1.8,0.000214,0.7892
without wiring,25.9,2.462,0,1.8,1.8,0.0001966,0.7892
without wiring,25.95,2.461,0,1.8,1.8,0.0001793,0.7891
without wiring,26,2.461,0,1.8,1.8,0.000162,0.7891
without wiring,26.05,2.461,0,1.8,1.8,0.000148,0.789
without wiring,26.1,2.461,0,1.8,1.8,0.000136,0.789
without wiring,26.15,2.461,0,1.8,1.8,0.0001239,0.789
without wiring,26.2,2.461,0,1.8,1.8,0.0001119,0.789
without wiring,26.25,2.461,0,1.8,1.8,0.0001022,0.7889
without wiring,26.3,2.461,0,1.8,1.8,9.403e-05,0.7889
without wiring,26.35,2.461,0,1.8,1.8,8.581e-05,0.7889
without wiring,26.4,2.461,0,1.8,1.8,7.758e-05,0.7889
without wiring,26.45,2.461,0,1.8,1.8,7.102e-05,0.7889
without wiring,26.5,2.461,0,1.8,1.8,6.541e-05,0.7888
without wiring,26.55,2.461,0,1.8,1.8,5.98e-05,0.7888
without wiring,26.6,2.461,0,1.8,1.8,5.419e-05,0.7888
without wiring,26.65,2.461,0,1.8,1.8,4.969e-05,0.7888
without wiring,26.7,2.461,0,1.8,1.8,4.583e-05,0.7888
without wiring,26.75,2.461,0,1.8,1.8,4.196e-05,0.7888
without wiring,26.8,2.461,0,1.8,1.8,3.81e-05,0.7888
without wiring,26.85,2.461,0,1.8,1.8,3.499e-05,0.7888
without wiring,26.9,2.461,0,1.8,1.8,3.23e-05,0.7888
without wiring,26.95,2.461,0,1.8,1.8,2.961e-05,0.7888
without wiring,27,2.461,0,1.8,1.8,2.692e-05,0.7887
without wiring,27.05,2.461,0,1.8,1.8,2.475e-05,0.7887
without wiring,27.1,2.461,0,1.8,1.8,2.286e-05,0.7887
without wiring,27.15,2.461,0,1.8,1.8,2.098e-05,0.7887
without wiring,27.2,2.461,0,1.8,1.8,1.909e-05,0.7887
without wiring,27.25,2.461,0,1.8,1.8,1.756e-05,0.7887
without wiring,27.3,2.461,0,1.8,1.8,1.623e-05,0.7887
without wiring,27.35,2.461,0,1.8,1.8,1.491e-05,0.7887
without wiring,27.4,2.461,0,1.8,1.8,1.358e-05,0.7887
without wiring,27.45,2.461,0,1.8,1.8,1.25e-05,0.7887
without wiring,27.5,2.461,0,1.8,1.8,1.156e-05,0.7887
without wiring,27.55,2.461,0,1.8,1.8,1.063e-05,0.7887
without wiring,27.6,2.461,0,1.8,1.8,9.69e-06,0.7887
without wiring,27.65,2.461,0,1.8,1.8,8.928e-06,0.7887
without wiring,27.7,2.461,0,1.8,1.8,8.267e-06,0.7887
without wiring,27.75,2.461,0,1.8,1.8,7.607e-06,0.7887
without wiring,27.8,2.461,0,1.8,1.8,6.946e-06,0.7887
without wiring,27.85,2.461,0,1.8,1.8,6.408e-06,0.7887
without wiring,27.9,2.461,0,1.8,1.8,5.942e-06,0.7887
without wiring,27.95,2.461,0,1.8,1.8,5.477e-06,0.7887
without wiring,28,2.461,0,1.8,1.8,5.011e-06,0.7887
without wiring,28.05,2.461,0,1.8,1.8,4.632e-06,0.7887
without wiring,28.1,2.461,0,1.8,1.8,4.304e-06,0.7887
without wiring,28.15,2.461,0,1.8,1.8,3.975e-06,0.7887
without wiring,28.2,2.461,0,1.8,1.8,3.647e-06,0.7887
without wiring,28.25,2.461,0,1.8,1.8,3.38e-06,0.7887
without wiring,28.3,2.461,0,1.8,1.8,3.149e-06,0.7887
without wiring,28.35,2.461,0,1.8,1.8,2.918e-06,0.7887
without wiring,28.4,2.461,0,1.8,1.8,2.687e-06,0.7887
without wiring,28.45,2.461,0,1.8,1.8,2.499e-06,0.7887
without wiring,28.5,2.461,0,1.8,1.8,2.337e-06,0.7887
without wiring,28.55,2.461,0,1.8,1.8,2.174e-06,0.7887
without wiring,28.6,2.461,0,1.8,1.8,2.011e-06,0.7887
without wiring,28.65,2.461,0,1.8,1.8,1.879e-06,0.7887
without wiring,28.7,2.461,0,1.8,1.8,1.765e-06,0.7887
without wiring,28.75,2.461,0,1.8,1.8,1.65e-06,0.7887
without wiring,28.8,2.461,0,1.8,1.8,1.536e-06,0.7887
without wiring,28.85,2.461,0,1.8,1.8,1.443e-06,0.7887
without wiring,28.9,2.461,0,1.8,1.8,1.362e-06,0.7887
without wiring,28.95,2.461,0,1.8,1.8,1.282e-06,0.7887
without wiring,29,2.461,0,1.8,1.8,1.201e-06,0.7887
without wiring,29.05,2.461,0,1.8,1.8,1.136e-06,0.7887
without wiring,29.1,2.461,0,1.8,1.8,1.079e-06,0.7887
without wiring,29.15,2.461,0,1.8,1.8,1.022e-06,0.7887
without wiring,29.2,2.461,0,1.8,1.8,9.658e-07,0.7887
without wiring,29.25,2.461,0,1.8,1.8,9.198e-07,0.7887
without wiring,29.3,2.461,0,1.8,1.8,8.799e-07,0.7887
without wiring,29.35,2.461,0,1.8,1.8,8.4e-07,0.7887
without wiring,29.4,2.461,0,1.8,1.8,8.002e-07,0.7887
without wiring,29.45,2.461,0,1.8,1.8,7.678e-07,0.7887
without wiring,29.5,2.461,0,1.8,1.8,7.397e-07,0.7887
without wiring,29.55,2.461,0,1.8,1.8,7.117e-07,0.7887
without wiring,29.6,2.461,0,1.8,1.8,6.836e-07,0.7887
without wiring,29.65,2.461,0,1.8,1.8,6.608e-07,0.7887
without wiring,29.7,2.461,0,1.8,1.8,6.411e-07,0.7887
without wiring,29.75,2.461,0,1.8,1.8,6.214e-07,0.7887
without wiring,29.8,2.461,0,1.8,1.8,6.016e-07,0.7887
without wiring,29.85,2.461,0,1.8,1.8,5.856e-07,0.7887
without wiring,29.9,2.461,0,1.8,1.8,5.717e-07,0.7887
without wiring,29.95,2.461,0,1.8,1.8,5.578e-07,0.7887
without wiring,30,2.461,0,1.8,1.8,5.439e-07,0.7887
without wiring,30.05,2.461,0,1.8,1.8,5.326e-07,0.7887
without wiring,30.1,2.461,0,1.8,1.8,5.229e-07,0.7887
without wiring,30.15,2.461,0,1.8,1.8,5.131e-07,0.7887
without wiring,30.2,2.461,0,1.8,1.8,5.033e-07,0.7887
without wiring,30.25,2.461,0,1.8,1.8,4.954e-07,0.7887
without wiring,30.3,2.461,0,1.8,1.8,4.885e-07,0.7887
without wiring,30.35,2.461,0,1.8,1.8,4.816e-07,0.7887
without wiring,30.4,2.461,0,1.8,1.8,4.748e-07,0.7887
without wiring,30.45,2.461,0,1.8,1.8,4.692e-07,0.7887
without wiring,30.5,2.461,0,1.8,1.8,4.643e-07,0.7887
without wiring,30.55,2.461,0,1.8,1.8,4.595e-07,0.7887
without wiring,30.6,2.461,0,1.8,1.8,4.547e-07,0.7887
without wiring,30.65,2.461,0,1.8,1.8,4.507e-07,0.7887
without wiring,30.7,2.461,0,1.8,1.8,4.473e-07,0.7887
without wiring,30.75,2.461,0,1.8,1.8,4.439e-07,0.7887
without wiring,30.8,2.461,0,1.8,1.8,4.405e-07,0.7887
without wiring,30.85,2.461,0,1.8,1.8,4.377e-07,0.7887
without wiring,30.9,2.461,0,1.8,1.8,4.353e-07,0.7887
without wiring,30.95,2.461,0,1.8,1.8,4.329e-07,0.7887
without wiring,31,2.461,0,1.8,1.8,4.306e-07,0.7887
without wiring,31.05,2.461,0,1.8,1.8,4.286e-07,0.7887
without wiring,31.1,2.461,0,1.8,1.8,4.269e-07,0.7887
without wiring,31.15,2.461,0,1.8,1.8,4.252e-07,0.7887
without wiring,31.2,2.461,0,1.8,1.8,4.235e-07,0.7887
without wiring,31.25,2.461,0,1.8,1.8,4.222e-07,0.7887
without wiring,31.3,2.461,0,1.8,1.8,4.21e-07,0.7887
without wiring,31.35,2.461,0,1.8,1.8,4.198e-07,0.7887
without wiring,31.4,2.461,0,1.8,1.8,4.186e-07,0.7887
without wiring,31.45,2.461,0,1.8,1.8,4.177e-07,0.7887
without wiring,31.5,2.461,0,1.8,1.8,4.168e-07,0.7887
without wiring,31.55,2.461,0,1.8,1.8,4.16e-07,0.7887
without wiring,31.6,2.461,0,1.8,1.8,4.152e-07,0.7887
without wiring,31.65,2.461,0,1.8,1.8,4.145e-07,0.7887
without wiring,31.7,2.461,0,1.8,1.8,4.139e-07,0.7887
without wiring,31.75,2.461,0,1.8,1.8,4.133e-07,0.7887
without wiring,31.8,2.461,0,1.8,1.8,4.127e-07,0.7887
without wiring,31.85,2.461,0,1.8,1.8,4.122e-07,0.7887
without wiring,31.9,2.461,0,1.8,1.8,4.118e-07,0.7887
without wiring,31.95,2.461,0,1.8,1.8,4.114e-07,0.7887
without wiring,32,2.461,0,1.8,1.8,4.11e-07,0.7887
without wiring,32.05,2.461,0,1.8,1.8,4.107e-07,0.7887
without wiring,32.1,2.461,0,1.8,1.8,4.104e-07,0.7887
without wiring,32.15,2.461,0,1.8,1.8,4.101e-07,0.7887
without wiring,32.2,2.461,0,1.8,1.8,4.098e-07,0.7887
without wiring,32.25,2.461,0,1.8,1.8,4.096e-07,0.7887
without wiring,32.3,2.461,0,1.8,1.8,4.093e-07,0.7887
without wiring,32.35,2.461,0,1.8,1.8,4.091e-07,0.7887
without wiring,32.4,2.461,0,1.8,1.8,4.089e-07,0.7887
without wiring,32.45,2.461,0,1.8,1.8,4.088e-07,0.7887
without wiring,32.5,2.461,0,1.8,1.8,4.086e-07,0.7887
without wiring,32.55,2.461,0,1.8,1.8,4.085e-07,0.7887
without wiring,32.6,2.461,0,1.8,1.8,4.083e-07,0.7887
without wiring,32.65,2.461,0,1.8,1.8,4.082e-07,0.7887
without wiring,32.7,2.461,0,1.8,1.8,4.081e-07,0.7887
without wiring,32.75,2.461,0,1.8,1.8,4.08e-07,0.7887
without wiring,32.8,2.461,0,1.8,1.8,4.079e-07,0.7887
without wiring,32.85,2.461,0,1.8,1.8,4.078e-07,0.7887
without wiring,32.9,2.461,0,1.8,1.8,4.078e-07,0.7887
without wiring,32.95,2.461,0,1.8,1.8,4.077e-07,0.7887
without wiring,33,2.461,0,1.8,1.8,4.076e-07,0.7887
without wiring,33.05,2.461,0,1.8,1.8,4.076e-07,0.7887
without wiring,33.1,2.461,0,1.8,1.8,4.075e-07,0.7887
without wiring,33.15,2.461,0,1.8,1.8,4.075e-07,0.7887
without wiring,33.2,2.461,0,1.8,1.8,4.074e-07,0.7887
without wiring,33.25,2.461,0,1.8,1.8,4.074e-07,0.7887
without wiring,33.3,2.461,0,1.8,1.8,4.073e-07,0.7887
without wiring,33.35,2.461,0,1.8,1.8,4.073e-07,0.7887
without wiring,33.4,2.461,0,1.8,1.8,4.073e-07,0.7887
without wiring,33.45,2.461,0,1.8,1.8,4.072e-07,0.7887
without wiring,33.5,2.461,0,1.8,1.8,4.072e-07,0.7887
without wiring,33.55,2.461,0,1.8,1.8,4.072e-07,0.7887
without wiring,33.6,2.461,0,1.8,1.8,4.072e-07,0.7887
without wiring,33.65,2.461,0,1.8,1.8,4.071e-07,0.7887
without wiring,33.7,2.461,0,1.8,1.8,4.071e-07,0.7887
without wiring,33.75,2.461,0,1.8,1.8,4.071e-07,0.7887
without wiring,33.8,2.461,0,1.8,1.8,4.071e-07,0.7887
without wiring,33.85,2.461,0,1.8,1.8,4.071e-07,0.7887
without wiring,33.9,2.461,0,1.8,1.8,4.071e-07,0.7887
without wiring,33.95,2.461,0,1.8,1.8,4.071e-07,0.7887
without wiring,34,2.461,0,1.8,1.8,4.07e-07,0.7887
without wiring,34.05,2.461,0,1.8,1.8,4.07e-07,0.7887
without wiring,34.1,2.461,0,1.8,1.8,4.07e-07,0.7887
without wiring,34.15,2.461,0,1.8,1.8,4.07e-07,0.7887
without wiring,34.2,2.461,0,1.8,1.8,4.07e-07,0.7887
without wiring,34.25,2.461,0,1.8,1.8,4.07e-07,0.7887
without wiring,34.3,2.461,0,1.8,1.8,4.07e-07,0.7887
without wiring,34.35,2.461,0,1.8,1.8,4.07e-07,0.7887
without wiring,34.4,2.461,0,1.8,1.8,4.07e-07,0.7887
without wiring,34.45,2.461,0,1.8,1.8,4.07e-07,0.7887
without wiring,34.5,2.461,0,1.8,1.8,4.07e-07,0.7887
without wiring,34.55,2.461,0,1.8,1.8,4.07e-07,0.7887
without wiring,34.6,2.461,0,1.8,1.8,4.07e-07,0.7887
without wiring,34.65,2.461,0,1.8,1.8,4.07e-07,0.7887
without wiring,34.7,2.461,0,1.8,1.8,4.07e-07,0.7887
without wiring,34.75,2.461,0,1.8,1.8,4.07e-07,0.7887
without wiring,34.8,2.461,0,1.8,1.8,4.069e-07,0.7887
without wiring,34.85,2.461,0,1.8,1.8,4.069e-07,0.7887
without wiring,34.9,2.461,0,1.8,1.8,4.069e-07,0.7887
without wiring,34.95,2.461,0,1.8,1.8,4.069e-07,0.7887
without wiring,35,2.461,0,1.8,1.8,4.069e-07,0.7887
without wiring,35.05,2.461,0,1.8,1.8,4.069e-07,0.7887
without wiring,35.1,2.461,0,1.8,1.8,4.069e-07,0.7887
without wiring,35.15,2.461,0,1.8,1.8,4.069e-07,0.7887
without wiring,35.2,2.461,0,1.8,1.8,4.069e-07,0.7887
without wiring,35.25,2.461,0,1.8,1.8,4.069e-07,0.7887
without wiring,35.3,2.461,0,1.8,1.8,4.069e-07,0.7887
without wiring,35.35,2.461,0,1.8,1.8,4.069e-07,0.7887
without wiring,35.4,2.461,0,1.8,1.8,4.069e-07,0.7887
without wiring,35.45,2.461,0,1.8,1.8,4.069e-07,0.7887
without wiring,35.5,2.461,0,1.8,1.8,4.069e-07,0.7887
without wiring,35.55,2.461,0,1.8,1.8,4.069e-07,0.7887
without wiring,35.6,2.461,0,1.8,1.8,4.069e-07,0.7887
without wiring,35.65,2.461,0,1.8,1.8,4.069e-07,0.7887
without wiring,35.7,2.461,0,1.8,1.8,4.069e-07,0.7887
without wiring,35.75,2.461,0,1.8,1.8,4.069e-07,0.7887
without wiring,35.8,2.461,0,1.8,1.8,4.069e-07,0.7887
without wiring,35.85,2.461,0,1.8,1.8,4.069e-07,0.7887
without wiring,35.9,2.461,0,1.8,1.8,4.069e-07,0.7887
without wiring,35.95,2.461,0,1.8,1.8,4.069e-07,0.7887
without wiring,36,2.461,0,1.8,1.8,4.069e-07,0.7887
without wiring,36.05,2.461,0,1.8,1.8,4.069e-07,0.7887
without wiring,36.1,2.461,0,1.8,1.8,4.069e-07,0.7887
without wiring,36.15,2.461,0,1.8,1.8,4.069e-07,0.7887
without wiring,36.2,2.461,0,1.8,1.8,4.069e-07,0.7887
without wiring,36.25,2.461,0,1.8,1.8,4.069e-07,0.7887
without wiring,36.3,2.461,0,1.8,1.8,4.069e-07,0.7887
without wiring,36.35,2.461,0,1.8,1.8,4.069e-07,0.7887
without wiring,36.4,2.461,0,1.8,1.8,4.069e-07,0.7887
without wiring,36.45,2.461,0,1.8,1.8,4.069e-07,0.7887
without wiring,36.5,2.461,0,1.8,1.8,4.069e-07,0.7887
without wiring,36.55,2.461,0,1.8,1.8,4.069e-07,0.7887
without wiring,36.6,2.461,0,1.8,1.8,4.069e-07,0.7887
without wiring,36.65,2.461,0,1.8,1.8,4.069e-07,0.7887
without wiring,36.7,2.461,0,1.8,1.8,4.069e-07,0.7887
without wiring,36.75,2.461,0,1.8,1.8,4.069e-07,0.7887
without wiring,36.8,2.461,0,1.8,1.8,4.069e-07,0.7887
without wiring,36.85,2.461,0,1.8,1.8,4.069e-07,0.7887
without wiring,36.9,2.461,0,1.8,1.8,4.069e-07,0.7887
without wiring,36.95,2.461,0,1.8,1.8,4.069e-07,0.7887
without wiring,37,2.461,0,1.8,1.8,4.069e-07,0.7887
without wiring,37.05,2.461,0,1.8,1.8,4.069e-07,0.7887
without wiring,37.1,2.461,0,1.8,1.8,4.069e-07,0.7887
without wiring,37.15,2.461,0,1.8,1.8,4.069e-07,0.7887
without wiring,37.2,2.461,0,1.8,1.8,4.069e-07,0.7887
without wiring,37.25,2.461,0,1.8,1.8,4.069e-07,0.7887
without wiring,37.3,2.461,0,1.8,1.8,4.069e-07,0.7887
without wiring,37.35,2.461,0,1.8,1.8,4.069e-07,0.7887
without wiring,37.4,2.461,0,1.8,1.8,4.069e-07,0.7887
without wiring,37.45,2.461,0,1.8,1.8,4.069e-07,0.7887
without wiring,37.5,2.461,0,1.8,1.8,4.069e-07,0.7887
without wiring,37.55,2.461,0,1.8,1.8,4.069e-07,0.7887
without wiring,37.6,2.461,0,1.8,1.8,4.069e-07,0.7887
without wiring,37.65,2.461,0,1.8,1.8,4.069e-07,0.7887
without wiring,37.7,2.461,0,1.8,1.8,4.069e-07,0.7887
without wiring,37.75,2.461,0,1.8,1.8,4.069e-07,0.7887
without wiring,37.8,2.461,0,1.8,1.8,4.069e-07,0.7887
without wiring,37.85,2.461,0,1.8,1.8,4.069e-07,0.7887
without wiring,37.9,2.461,0,1.8,1.8,4.069e-07,0.7887
without wiring,37.95,2.461,0,1.8,1.8,4.069e-07,0.7887
without wiring,38,2.461,0,1.8,1.8,4.069e-07,0.7887
without wiring,38.05,2.461,0,1.8,1.8,4.069e-07,0.7887
without wiring,38.1,2.461,0,1.8,1.8,4.069e-07,0.7887
without wiring,38.15,2.461,0,1.8,1.8,4.069e-07,0.7887
without wiring,38.2,2.461,0,1.8,1.8,4.069e-07,0.7887
without wiring,38.25,2.461,0,1.8,1.8,4.069e-07,0.7887
without wiring,38.3,2.461,0,1.8,1.8,4.069e-07,0.7887
without wiring,38.35,2.461,0,1.8,1.8,4.069e-07,0.7887
without wiring,38.4,2.461,0,1.8,1.8,4.069e-07,0.7887
without wiring,38.45,2.461,0,1.8,1.8,4.069e-07,0.7887
without wiring,38.5,2.461,0,1.8,1.8,4.069e-07,0.7887
without wiring,38.55,2.461,0,1.8,1.8,4.069e-07,0.7887
without wiring,38.6,2.461,0,1.8,1.8,4.069e-07,0.7887
without wiring,38.65,2.461,0,1.8,1.8,4.069e-07,0.7887
without wiring,38.7,2.461,0,1.8,1.8,4.069e-07,0.7887
without wiring,38.75,2.461,0,1.8,1.8,4.069e-07,0.7887
without wiring,38.8,2.461,0,1.8,1.8,4.069e-07,0.7887
without wiring,38.85,2.461,0,1.8,1.8,4.069e-07,0.7887
without wiring,38.9,2.461,0,1.8,1.8,4.069e-07,0.7887
without wiring,38.95,2.461,0,1.8,1.8,4.069e-07,0.7887
without wiring,39,2.461,0,1.8,1.8,4.069e-07,0.7887
without wiring,39.05,2.461,0,1.8,1.8,4.069e-07,0.7887
without wiring,39.1,2.461,0,1.8,1.8,4.069e-07,0.7887
without wiring,39.15,2.461,0,1.8,1.8,4.069e-07,0.7887
without wiring,39.2,2.461,0,1.8,1.8,4.069e-07,0.7887
without wiring,39.25,2.461,0,1.8,1.8,4.069e-07,0.7887
without wiring,39.3,2.461,0,1.8,1.8,4.069e-07,0.7887
without wiring,39.35,2.461,0,1.8,1.8,4.069e-07,0.7887
without wiring,39.4,2.461,0,1.8,1.8,4.069e-07,0.7887
without wiring,39.45,2.461,0,1.8,1.8,4.069e-07,0.7887
without wiring,39.5,2.461,0,1.8,1.8,4.069e-07,0.7887
without wiring,39.55,2.461,0,1.8,1.8,4.069e-07,0.7887
without wiring,39.6,2.461,0,1.8,1.8,4.069e-07,0.7887
without wiring,39.65,2.461,0,1.8,1.8,4.069e-07,0.7887
without wiring,39.7,2.461,0,1.8,1.8,4.069e-07,0.7887
without wiring,39.75,2.461,0,1.8,1.8,4.069e-07,0.7887
without wiring,39.8,2.461,0,1.8,1.8,4.069e-07,0.7887
without wiring,39.85,2.461,0,1.8,1.8,4.069e-07,0.7887
without wiring,39.9,2.461,0,1.8,1.8,4.069e-07,0.7887
without wiring,39.95,2.461,0,1.8,1.8,4.069e-07,0.7887
without wiring,40,2.461,0,1.8,1.8,4.069e-07,0.7887
