run,host_wall_s,bank_session_result,bank_tx_prepared,bank_tamper_result,bank_withdraw_result,bank_replay_result,bank_zeroize_result,bank_post_zeroize_result,bank_demo_result,duplicate_debit,any_fail_text
0,11.962,PASS,PASS,PASS,PASS,PASS,PASS,PASS,PASS,0,0
1,11.945,PASS,PASS,PASS,PASS,PASS,PASS,PASS,PASS,0,0
2,11.952,PASS,PASS,PASS,PASS,PASS,PASS,PASS,PASS,0,0
3,11.942,PASS,PASS,PASS,PASS,PASS,PASS,PASS,PASS,0,0
4,11.938,PASS,PASS,PASS,PASS,PASS,PASS,PASS,PASS,0,0
5,11.934,PASS,PASS,PASS,PASS,PASS,PASS,PASS,PASS,0,0
6,11.954,PASS,PASS,PASS,PASS,PASS,PASS,PASS,PASS,0,0
7,11.937,PASS,PASS,PASS,PASS,PASS,PASS,PASS,PASS,0,0
8,11.953,PASS,PASS,PASS,PASS,PASS,PASS,PASS,PASS,0,0
9,11.949,PASS,PASS,PASS,PASS,PASS,PASS,PASS,PASS,0,0
10,11.959,PASS,PASS,PASS,PASS,PASS,PASS,PASS,PASS,0,0
11,11.949,PASS,PASS,PASS,PASS,PASS,PASS,PASS,PASS,0,0
12,11.94,PASS,PASS,PASS,PASS,PASS,PASS,PASS,PASS,0,0
13,11.952,PASS,PASS,PASS,PASS,PASS,PASS,PASS,PASS,0,0
14,11.937,PASS,PASS,PASS,PASS,PASS,PASS,PASS,PASS,0,0
15,11.936,PASS,PASS,PASS,PASS,PASS,PASS,PASS,PASS,0,0
16,11.952,PASS,PASS,PASS,PASS,PASS,PASS,PASS,PASS,0,0
17,11.958,PASS,PASS,PASS,PASS,PASS,PASS,PASS,PASS,0,0
18,11.947,PASS,PASS,PASS,PASS,PASS,PASS,PASS,PASS,0,0
19,11.954,PASS,PASS,PASS,PASS,PASS,PASS,PASS,PASS,0,0
20,11.943,PASS,PASS,PASS,PASS,PASS,PASS,PASS,PASS,0,0
21,11.951,PASS,PASS,PASS,PASS,PASS,PASS,PASS,PASS,0,0
22,11.95,PASS,PASS,PASS,PASS,PASS,PASS,PASS,PASS,0,0
23,11.935,PASS,PASS,PASS,PASS,PASS,PASS,PASS,PASS,0,0
24,11.936,PASS,PASS,PASS,PASS,PASS,PASS,PASS,PASS,0,0
25,11.952,PASS,PASS,PASS,PASS,PASS,PASS,PASS,PASS,0,0
26,11.945,PASS,PASS,PASS,PASS,PASS,PASS,PASS,PASS,0,0
27,11.943,PASS,PASS,PASS,PASS,PASS,PASS,PASS,PASS,0,0
28,11.941,PASS,PASS,PASS,PASS,PASS,PASS,PASS,PASS,0,0
29,11.934,PASS,PASS,PASS,PASS,PASS,PASS,PASS,PASS,0,0
30,11.941,PASS,PASS,PASS,PASS,PASS,PASS,PASS,PASS,0,0
31,11.951,PASS,PASS,PASS,PASS,PASS,PASS,PASS,PASS,0,0
32,11.957,PASS,PASS,PASS,PASS,PASS,PASS,PASS,PASS,0,0
33,11.953,PASS,PASS,PASS,PASS,PASS,PASS,PASS,PASS,0,0
34,11.935,PASS,PASS,PASS,PASS,PASS,PASS,PASS,PASS,0,0
35,11.936,PASS,PASS,PASS,PASS,PASS,PASS,PASS,PASS,0,0
36,11.942,PASS,PASS,PASS,PASS,PASS,PASS,PASS,PASS,0,0
37,11.937,PASS,PASS,PASS,PASS,PASS,PASS,PASS,PASS,0,0
38,11.935,PASS,PASS,PASS,PASS,PASS,PASS,PASS,PASS,0,0
39,11.946,PASS,PASS,PASS,PASS,PASS,PASS,PASS,PASS,0,0
40,11.946,PASS,PASS,PASS,PASS,PASS,PASS,PASS,PASS,0,0
41,11.954,PASS,PASS,PASS,PASS,PASS,PASS,PASS,PASS,0,0
42,11.948,PASS,PASS,PASS,PASS,PASS,PASS,PASS,PASS,0,0
43,11.949,PASS,PASS,PASS,PASS,PASS,PASS,PASS,PASS,0,0
44,11.939,PASS,PASS,PASS,PASS,PASS,PASS,PASS,PASS,0,0
45,11.942,PASS,PASS,PASS,PASS,PASS,PASS,PASS,PASS,0,0
46,11.952,PASS,PASS,PASS,PASS,PASS,PASS,PASS,PASS,0,0
47,11.945,PASS,PASS,PASS,PASS,PASS,PASS,PASS,PASS,0,0
48,11.942,PASS,PASS,PASS,PASS,PASS,PASS,PASS,PASS,0,0
49,11.947,PASS,PASS,PASS,PASS,PASS,PASS,PASS,PASS,0,0
50,11.959,PASS,PASS,PASS,PASS,PASS,PASS,PASS,PASS,0,0
51,11.952,PASS,PASS,PASS,PASS,PASS,PASS,PASS,PASS,0,0
52,11.954,PASS,PASS,PASS,PASS,PASS,PASS,PASS,PASS,0,0
53,11.95,PASS,PASS,PASS,PASS,PASS,PASS,PASS,PASS,0,0
54,11.937,PASS,PASS,PASS,PASS,PASS,PASS,PASS,PASS,0,0
55,11.938,PASS,PASS,PASS,PASS,PASS,PASS,PASS,PASS,0,0
56,11.954,PASS,PASS,PASS,PASS,PASS,PASS,PASS,PASS,0,0
57,11.93,PASS,PASS,PASS,PASS,PASS,PASS,PASS,PASS,0,0
58,11.944,PASS,PASS,PASS,PASS,PASS,PASS,PASS,PASS,0,0
59,11.951,PASS,PASS,PASS,PASS,PASS,PASS,PASS,PASS,0,0
60,11.936,PASS,PASS,PASS,PASS,PASS,PASS,PASS,PASS,0,0
61,11.942,PASS,PASS,PASS,PASS,PASS,PASS,PASS,PASS,0,0
62,11.944,PASS,PASS,PASS,PASS,PASS,PASS,PASS,PASS,0,0
63,11.961,PASS,PASS,PASS,PASS,PASS,PASS,PASS,PASS,0,0
64,11.951,PASS,PASS,PASS,PASS,PASS,PASS,PASS,PASS,0,0
65,11.949,PASS,PASS,PASS,PASS,PASS,PASS,PASS,PASS,0,0
66,11.938,PASS,PASS,PASS,PASS,PASS,PASS,PASS,PASS,0,0
67,11.933,PASS,PASS,PASS,PASS,PASS,PASS,PASS,PASS,0,0
68,11.939,PASS,PASS,PASS,PASS,PASS,PASS,PASS,PASS,0,0
69,11.94,PASS,PASS,PASS,PASS,PASS,PASS,PASS,PASS,0,0
70,11.934,PASS,PASS,PASS,PASS,PASS,PASS,PASS,PASS,0,0
71,11.954,PASS,PASS,PASS,PASS,PASS,PASS,PASS,PASS,0,0
72,11.941,PASS,PASS,PASS,PASS,PASS,PASS,PASS,PASS,0,0
73,11.953,PASS,PASS,PASS,PASS,PASS,PASS,PASS,PASS,0,0
74,11.931,PASS,PASS,PASS,PASS,PASS,PASS,PASS,PASS,0,0
75,11.943,PASS,PASS,PASS,PASS,PASS,PASS,PASS,PASS,0,0
76,11.946,PASS,PASS,PASS,PASS,PASS,PASS,PASS,PASS,0,0
77,11.944,PASS,PASS,PASS,PASS,PASS,PASS,PASS,PASS,0,0
78,11.931,PASS,PASS,PASS,PASS,PASS,PASS,PASS,PASS,0,0
79,11.941,PASS,PASS,PASS,PASS,PASS,PASS,PASS,PASS,0,0
80,11.938,PASS,PASS,PASS,PASS,PASS,PASS,PASS,PASS,0,0
81,11.936,PASS,PASS,PASS,PASS,PASS,PASS,PASS,PASS,0,0
82,11.957,PASS,PASS,PASS,PASS,PASS,PASS,PASS,PASS,0,0
83,11.945,PASS,PASS,PASS,PASS,PASS,PASS,PASS,PASS,0,0
84,11.945,PASS,PASS,PASS,PASS,PASS,PASS,PASS,PASS,0,0
85,11.949,PASS,PASS,PASS,PASS,PASS,PASS,PASS,PASS,0,0
86,11.947,PASS,PASS,PASS,PASS,PASS,PASS,PASS,PASS,0,0
87,11.947,PASS,PASS,PASS,PASS,PASS,PASS,PASS,PASS,0,0
88,11.959,PASS,PASS,PASS,PASS,PASS,PASS,PASS,PASS,0,0
89,11.952,PASS,PASS,PASS,PASS,PASS,PASS,PASS,PASS,0,0
90,11.954,PASS,PASS,PASS,PASS,PASS,PASS,PASS,PASS,0,0
91,11.949,PASS,PASS,PASS,PASS,PASS,PASS,PASS,PASS,0,0
92,11.95,PASS,PASS,PASS,PASS,PASS,PASS,PASS,PASS,0,0
93,11.939,PASS,PASS,PASS,PASS,PASS,PASS,PASS,PASS,0,0
94,11.956,PASS,PASS,PASS,PASS,PASS,PASS,PASS,PASS,0,0
95,11.952,PASS,PASS,PASS,PASS,PASS,PASS,PASS,PASS,0,0
96,11.93,PASS,PASS,PASS,PASS,PASS,PASS,PASS,PASS,0,0
97,11.95,PASS,PASS,PASS,PASS,PASS,PASS,PASS,PASS,0,0
98,11.94,PASS,PASS,PASS,PASS,PASS,PASS,PASS,PASS,0,0
99,11.936,PASS,PASS,PASS,PASS,PASS,PASS,PASS,PASS,0,0
