run,host_wall_s,result_pass,keygen_pass,keygen_cycles,encaps_pass,encaps_cycles,ciphertext_final_pass,ciphertext_final_cycles,decaps_pass,decaps_cycles,esp32_latency_us
0,8.645,1,1,35643,1,56163,1,6148,1,65535,8625086
1,8.656,1,1,35659,1,56172,1,6148,1,65535,8625291
2,8.664,1,1,35661,1,56166,1,6148,1,65535,8625417
3,8.649,1,1,35658,1,56167,1,6148,1,65535,8625394
4,8.656,1,1,35655,1,56172,1,6148,1,65535,8625291
5,8.659,1,1,35658,1,56174,1,6148,1,65535,8625394
6,8.657,1,1,35641,1,56186,1,6148,1,65535,8625342
7,8.656,1,1,35666,1,56158,1,6148,1,65535,8625470
8,8.671,1,1,35644,1,56163,1,6148,1,65535,8625470
9,8.656,1,1,35657,1,56166,1,6148,1,65535,8625224
10,8.652,1,1,35647,1,56173,1,6148,1,65535,8625291
11,8.66,1,1,35648,1,56179,1,6148,1,65535,8625092
12,8.653,1,1,35662,1,56170,1,6148,1,65535,8625291
13,8.653,1,1,35651,1,56164,1,6148,1,65535,8625291
14,8.657,1,1,35657,1,56168,1,6148,1,65535,8625394
15,8.663,1,1,35644,1,56159,1,6148,1,65535,8625486
16,8.65,1,1,35646,1,56164,1,6148,1,65535,8625366
17,8.659,1,1,35652,1,56158,1,6148,1,65535,8625659
18,8.659,1,1,35663,1,56163,1,6148,1,65535,8625394
19,8.649,1,1,35648,1,56185,1,6148,1,65535,8625224
20,8.665,1,1,35646,1,56175,1,6148,1,65535,8625470
21,8.65,1,1,35655,1,56160,1,6148,1,65535,8625291
22,8.657,1,1,35665,1,56163,1,6148,1,65535,8625470
23,8.645,1,1,35644,1,56175,1,6148,1,65535,8625291
24,8.664,1,1,35655,1,56162,1,6148,1,65535,8625342
25,8.649,1,1,35640,1,56160,1,6148,1,65535,8625394
26,8.652,1,1,35662,1,56183,1,6148,1,65535,8625291
27,8.658,1,1,35652,1,56187,1,6148,1,65535,8625583
28,8.654,1,1,35645,1,56187,1,6148,1,65535,8625394
29,8.659,1,1,35641,1,56164,1,6148,1,65535,8625342
30,8.651,1,1,35640,1,56177,1,6148,1,65535,8625659
31,8.654,1,1,35647,1,56176,1,6148,1,65535,8625291
32,8.664,1,1,35665,1,56165,1,6148,1,65535,8625394
33,8.653,1,1,35654,1,56174,1,6148,1,65535,8625291
34,8.657,1,1,35645,1,56178,1,6148,1,65535,8625394
35,8.65,1,1,35642,1,56188,1,6148,1,65535,8625394
36,8.662,1,1,35666,1,56167,1,6148,1,65535,8625583
37,8.652,1,1,35660,1,56159,1,6148,1,65535,8625291
38,8.658,1,1,35649,1,56161,1,6148,1,65535,8625394
39,8.661,1,1,35669,1,56169,1,6148,1,65535,8625343
40,8.652,1,1,35664,1,56179,1,6148,1,65535,8625470
41,8.659,1,1,35658,1,56161,1,6148,1,65535,8625417
42,8.65,1,1,35656,1,56188,1,6148,1,65535,8625291
43,8.658,1,1,35646,1,56164,1,6148,1,65535,8625245
44,8.662,1,1,35661,1,56188,1,6148,1,65535,8625291
45,8.649,1,1,35670,1,56183,1,6148,1,65535,8625195
46,8.661,1,1,35665,1,56173,1,6148,1,65535,8625291
47,8.651,1,1,35648,1,56161,1,6148,1,65535,8625291
48,8.649,1,1,35645,1,56183,1,6148,1,65535,8625291
49,8.654,1,1,35669,1,56168,1,6148,1,65535,8625292
50,8.652,1,1,35656,1,56184,1,6148,1,65535,8625291
51,8.654,1,1,35664,1,56169,1,6148,1,65535,8625342
52,8.646,1,1,35668,1,56172,1,6148,1,65535,8625291
53,8.657,1,1,35665,1,56166,1,6148,1,65535,8625584
54,8.652,1,1,35656,1,56169,1,6148,1,65535,8625470
55,8.657,1,1,35645,1,56188,1,6148,1,65535,8625417
56,8.66,1,1,35662,1,56174,1,6148,1,65535,8625470
57,8.664,1,1,35649,1,56166,1,6148,1,65535,8625291
58,8.658,1,1,35661,1,56188,1,6148,1,65535,8625195
59,8.663,1,1,35670,1,56159,1,6148,1,65535,8625291
60,8.648,1,1,35649,1,56157,1,6148,1,65535,8625470
61,8.663,1,1,35655,1,56182,1,6148,1,65535,8625342
62,8.652,1,1,35666,1,56161,1,6148,1,65535,8625291
63,8.659,1,1,35644,1,56164,1,6148,1,65535,8625342
64,8.655,1,1,35652,1,56178,1,6148,1,65535,8625224
65,8.652,1,1,35661,1,56170,1,6148,1,65535,8625417
66,8.656,1,1,35667,1,56179,1,6148,1,65535,8625291
67,8.655,1,1,35670,1,56157,1,6148,1,65535,8625224
68,8.664,1,1,35641,1,56186,1,6148,1,65535,8625224
69,8.654,1,1,35646,1,56160,1,6148,1,65535,8625291
70,8.651,1,1,35651,1,56170,1,6148,1,65535,8625291
71,8.66,1,1,35652,1,56157,1,6148,1,65535,8625291
72,8.661,1,1,35650,1,56188,1,6148,1,65535,8625342
73,8.648,1,1,35652,1,56159,1,6148,1,65535,8625394
74,8.657,1,1,35658,1,56187,1,6148,1,65535,8625146
75,8.661,1,1,35640,1,56170,1,6148,1,65535,8625291
76,8.65,1,1,35661,1,56176,1,6148,1,65535,8625245
77,8.656,1,1,35656,1,56158,1,6148,1,65535,8625224
78,8.663,1,1,35658,1,56183,1,6148,1,65535,8625417
79,8.666,1,1,35670,1,56158,1,6148,1,65535,8625342
80,8.66,1,1,35651,1,56184,1,6148,1,65535,8625394
81,8.658,1,1,35663,1,56163,1,6148,1,65535,8625291
82,8.663,1,1,35648,1,56178,1,6148,1,65535,8625291
83,8.661,1,1,35642,1,56173,1,6148,1,65535,8625224
84,8.657,1,1,35666,1,56177,1,6148,1,65535,8625514
85,8.654,1,1,35657,1,56157,1,6148,1,65535,8625195
86,8.659,1,1,35651,1,56182,1,6148,1,65535,8625291
87,8.657,1,1,35646,1,56184,1,6148,1,65535,8625245
88,8.652,1,1,35641,1,56184,1,6148,1,65535,8625291
89,8.652,1,1,35640,1,56188,1,6148,1,65535,8625031
90,8.648,1,1,35647,1,56177,1,6148,1,65535,8625342
91,8.654,1,1,35655,1,56160,1,6148,1,65535,8625291
92,8.638,1,1,35660,1,56173,1,6148,1,65535,8625054
93,8.662,1,1,35654,1,56187,1,6148,1,65535,8625195
94,8.655,1,1,35651,1,56163,1,6148,1,65535,8625342
95,8.656,1,1,35649,1,56183,1,6148,1,65535,8625224
96,8.652,1,1,35651,1,56180,1,6148,1,65535,8625291
97,8.655,1,1,35656,1,56159,1,6148,1,65535,8625291
98,8.663,1,1,35659,1,56161,1,6148,1,65535,8625291
99,8.647,1,1,35660,1,56185,1,6148,1,65535,8625366
