# 8-bit SAR ADC, sky130. ENOB at Nyquist, three coherent tones, N=512 each.
# 512 = 2^9, so any odd cycle count M is coprime with it.
#   M=239  466.8 kHz  0.934 f_nyq  SNDR 43.90 dB  ENOB 7.17 b
#   M=251  490.2 kHz  0.980 f_nyq  SNDR 43.84 dB  ENOB 7.16 b
#   M=253  494.1 kHz  0.988 f_nyq  SNDR 43.54 dB  ENOB 7.11 b
# Amplitude -1 dBFS, reltol=1e-4, tt corner, mismatch disabled.
# columns: M239,M251,M253
180,182,182
107,88,85
133,169,174
155,101,93
88,155,166
197,115,101
50,140,158
229,130,109
25,127,149
245,145,118
19,114,141
241,158,127
32,101,133
219,171,136
63,88,125
181,183,144
105,75,117
134,195,152
153,64,109
89,206,160
196,53,101
50,216,168
229,44,93
26,225,175
245,36,85
19,232,183
241,29,78
32,238,190
219,24,71
62,242,197
182,21,64
104,245,204
135,19,58
152,246,210
90,19,52
195,245,216
51,21,46
228,242,221
26,24,41
244,238,226
19,29,36
242,232,231
31,35,32
220,225,235
61,43,28
183,216,238
103,53,25
137,206,241
151,63,23
92,195,243
194,75,21
52,183,244
227,87,20
27,170,245
244,100,19
19,156,246
242,114,19
30,142,245
221,129,19
59,128,245
185,143,20
101,115,243
138,156,22
149,102,241
93,169,25
193,89,238
53,182,28
226,76,235
27,194,31
244,65,231
19,205,35
243,54,227
30,215,40
222,45,222
58,224,45
186,37,217
100,232,50
139,30,211
148,237,56
94,25,205
191,242,63
54,21,198
225,245,69
28,19,191
244,246,77
19,19,183
243,245,84
29,20,176
223,243,92
57,23,168
187,239,100
99,28,159
141,233,108
147,35,151
96,226,116
190,42,142
55,217,125
225,51,134
28,207,134
243,62,126
19,196,143
243,73,118
29,184,151
224,86,110
56,171,159
188,99,102
97,157,166
142,113,94
146,143,174
97,127,87
189,130,182
56,142,79
224,117,189
29,155,72
243,103,196
19,168,65
243,90,203
28,181,59
225,78,209
55,193,53
190,66,215
96,204,47
143,55,220
144,214,42
98,46,225
188,223,37
58,37,230
223,231,33
29,30,234
243,237,29
19,25,237
244,242,26
28,21,240
225,244,23
54,19,242
191,246,21
94,19,244
145,245,20
143,20,245
100,243,19
187,23,246
59,239,19
222,28,246
30,234,19
243,34,245
19,227,20
244,42,243
27,218,22
226,51,241
53,209,24
192,61,239
93,198,27
146,72,236
141,186,30
101,84,232
185,173,34
60,97,228
221,159,39
31,111,223
242,144,44
19,126,218
244,131,49
27,140,212
227,118,55
52,154,206
193,105,62
92,167,199
148,91,68
140,180,192
102,79,75
184,192,185
61,67,83
220,203,177
31,56,90
242,213,169
19,47,98
244,222,161
26,38,107
228,230,152
51,31,115
194,236,143
91,26,124
149,241,135
139,22,133
104,244,127
183,19,141
62,246,120
220,19,149
32,245,112
241,20,157
19,243,104
245,23,165
26,240,96
228,27,173
50,234,88
196,33,180
89,228,80
151,41,188
137,219,73
105,50,195
182,210,66
63,60,202
219,199,60
33,71,208
241,187,54
19,83,214
245,174,48
25,96,220
229,160,42
49,110,225
197,146,38
88,124,229
152,132,33
136,139,233
106,119,29
180,152,237
64,106,26
218,165,240
33,93,23
241,178,242
19,80,21
245,191,244
25,68,20
230,202,245
48,57,19
198,212,246
87,47,19
153,222,246
134,39,19
108,229,245
179,32,20
65,236,244
217,26,22
34,241,242
240,22,24
19,244,239
245,20,27
24,246,236
231,19,30
47,245,233
199,20,34
85,244,228
155,22,38
133,240,224
109,27,43
178,235,219
66,33,48
216,228,213
35,40,54
240,220,207
20,49,60
245,211,200
24,59,67
231,200,193
47,70,74
200,188,186
84,82,81
156,175,178
131,95,89
110,162,170
177,108,97
67,147,162
215,123,105
35,134,154
239,138,114
20,121,145
245,151,122
23,107,137
232,164,131
46,94,129
201,177,140
83,81,121
158,189,148
130,69,113
111,201,156
175,58,105
68,211,164
214,48,97
36,221,172
239,40,89
20,229,179
245,32,82
23,235,187
233,27,74
45,240,194
202,22,67
82,244,200
159,20,61
128,245,207
113,19,55
174,246,213
70,20,49
213,244,219
37,22,43
238,241,224
20,26,38
246,236,228
23,32,34
233,229,233
44,39,30
203,221,236
80,48,27
161,212,239
127,58,24
114,201,242
173,69,22
71,189,244
212,81,20
37,177,245
238,93,19
20,163,246
246,107,19
22,149,246
234,121,19
43,135,245
205,136,20
79,122,244
162,150,21
125,109,242
116,163,23
172,95,240
72,176,26
211,83,237
38,188,29
237,71,233
21,200,33
246,59,229
22,210,37
234,49,225
42,220,42
206,41,219
78,228,47
163,33,214
124,235,53
117,27,208
170,240,59
73,23,201
210,243,66
39,20,194
237,245,73
21,19,187
246,246,80
22,19,180
235,244,88
41,22,172
207,241,96
77,26,164
165,236,104
122,31,155
118,230,112
169,38,146
74,222,121
209,47,138
40,213,130
236,57,130
21,202,139
246,67,122
21,191,147
236,79,114
41,178,155
208,92,106
75,165,162
166,106,98
121,150,170
120,120,91
168,136,178
75,135,83
208,123,185
41,149,76
236,110,193
21,162,69
246,97,199
21,174,62
236,84,206
40,187,56
209,72,212
74,199,50
168,60,218
119,209,44
121,50,223
166,219,39
77,41,228
207,227,35
42,34,232
235,234,31
22,28,236
246,239,27
21,23,239
237,243,24
39,20,241
210,245,22
73,19,243
169,246,20
118,19,245
122,244,19
165,21,246
78,241,19
206,25,246
42,237,19
235,31,245
22,230,20
246,38,244
21,223,21
237,46,243
38,214,23
211,56,240
72,203,26
170,66,237
117,192,29
124,78,234
164,179,32
79,91,230
205,166,37
43,104,225
234,152,41
22,118,220
246,138,47
20,133,215
238,125,52
37,147,209
212,111,58
71,160,202
172,98,65
115,173,196
125,85,72
163,186,188
80,73,79
204,197,181
44,62,87
233,208,173
23,51,94
246,218,165
20,42,102
238,226,156
37,34,111
213,233,148
70,28,119
173,239,139
114,23,128
126,243,131
161,20,137
82,245,124
203,19,146
45,246,116
233,19,153
23,245,108
245,21,161
20,242,100
239,25,169
36,237,92
214,30,177
68,231,84
174,37,184
112,223,77
127,45,191
160,215,70
83,55,198
202,204,63
46,65,205
232,193,57
23,77,211
245,181,51
20,90,217
239,167,45
35,103,222
215,153,40
67,117,227
176,139,35
111,132,231
129,126,31
159,146,235
84,113,28
201,159,238
47,99,25
231,172,241
24,86,22
245,184,243
20,74,21
240,196,245
34,63,19
216,207,245
66,52,19
177,217,246
109,43,19
130,226,245
157,35,20
85,233,244
199,29,21
48,239,243
231,24,23
24,243,241
245,21,25
19,245,238
240,19,28
34,246,235
217,19,32
65,245,231
178,21,36
108,242,226
131,24,40
156,238,221
87,29,46
198,232,216
49,36,51
230,224,210
25,44,57
245,215,204
19,54,64
241,205,197
33,64,71
218,194,190
64,76,78
