# 8-bit SAR ADC, sky130, transistor level. 520 conversions at 1 MS/s, reltol=1e-4,
# tt corner, mismatch disabled. 0.06-1.74 V at 0.46 LSB steps.
# Produced by the same measure() in this notebook with N_CONV=520 (13 batches,
# ~25 min locally, ~1.5 h on Colab). Shipped so the published number is reproducible
# without that wait -- it is scored below by the same code as the live short record.
# vin_volts,code
0.0603051276,14
0.0635358968,14
0.066766666,14
0.0699974353,15
0.0732282045,15
0.0764589737,16
0.0796897429,16
0.0829205122,17
0.0861512814,17
0.0893820506,18
0.0926128198,18
0.0958435891,19
0.0990743583,19
0.102305128,19
0.105535897,20
0.108766666,20
0.111997435,21
0.115228204,21
0.118460769,22
0.121689743,22
0.124920512,23
0.128151281,23
0.131382051,23
0.13461282,24
0.137845384,24
0.141074358,25
0.144305127,25
0.147535897,26
0.150766666,26
0.153999231,27
0.157228204,27
0.160458974,28
0.163689743,28
0.166920512,29
0.170151281,29
0.17338205,29
0.17661282,30
0.179843589,30
0.183074358,31
0.186305127,31
0.189535897,32
0.192766666,32
0.195997435,33
0.199228204,33
0.202458973,34
0.205689743,34
0.208920512,34
0.212151281,35
0.21538205,35
0.21861282,36
0.221843589,36
0.225074358,37
0.228305127,37
0.231535897,38
0.234766666,38
0.237997435,39
0.241228204,39
0.244458973,39
0.247691538,40
0.250920512,40
0.254151281,41
0.25738205,41
0.26061282,42
0.263843589,42
0.267076153,43
0.270305127,43
0.273535896,44
0.276766666,44
0.279997435,44
0.28323,45
0.286458973,45
0.289689743,46
0.292920512,46
0.296151281,47
0.29938205,47
0.302612819,48
0.305843589,48
0.309074358,49
0.312305127,49
0.315535896,49
0.318766666,50
0.321997435,50
0.325228204,51
0.328458973,51
0.331689743,52
0.334920512,52
0.338151281,53
0.34138205,53
0.34461282,54
0.347843589,54
0.351074358,54
0.354305127,55
0.357535897,55
0.360766666,56
0.363997435,56
0.367228204,57
0.370458974,57
0.373689743,58
0.376922308,58
0.380151281,59
0.383382051,59
0.38661282,59
0.389843589,60
0.393074358,60
0.396306923,61
0.399535897,61
0.402766666,62
0.405997435,62
0.409228205,63
0.412460769,63
0.415689743,64
0.418920512,64
0.422151282,64
0.425382051,65
0.42861282,65
0.431843589,66
0.435074359,66
0.438305128,67
0.441535897,67
0.444766666,68
0.447997436,68
0.451228205,69
0.454458974,69
0.457689743,69
0.460920512,70
0.464151282,70
0.467382051,71
0.47061282,71
0.473843589,72
0.477074359,72
0.480305128,73
0.483535897,73
0.486766666,74
0.489997436,74
0.493228205,74
0.496458974,75
0.499689743,75
0.502920512,76
0.506153077,76
0.509382051,77
0.51261282,77
0.515843589,78
0.519074359,78
0.522305128,79
0.525537692,79
0.528766666,79
0.531997435,80
0.535228205,80
0.538458974,81
0.541691539,81
0.544920512,82
0.548151282,82
0.551382051,83
0.55461282,83
0.557843589,84
0.561074358,84
0.564305128,85
0.567535897,85
0.570766666,85
0.573997435,86
0.577228205,86
0.580458974,87
0.583689743,87
0.586920512,88
0.590151281,88
0.593382051,89
0.59661282,89
0.599843589,90
0.603074358,90
0.606305128,90
0.609535897,91
0.612766666,91
0.615997435,92
0.619228205,92
0.622458974,93
0.625689743,93
0.628920512,94
0.632151281,94
0.635383846,95
0.63861282,95
0.641843589,95
0.645074358,96
0.648305128,96
0.651535897,97
0.654768461,97
0.657997435,98
0.661228204,98
0.664458974,99
0.667689743,99
0.670922308,100
0.674151281,100
0.677382051,100
0.68061282,101
0.683843589,101
0.687074358,102
0.690305127,102
0.693535897,103
0.696766666,103
0.699997435,104
0.703228204,104
0.706458974,105
0.709689743,105
0.712920512,106
0.716151281,106
0.71938205,106
0.72261282,107
0.725843589,107
0.729074358,108
0.732305127,108
0.735535897,109
0.738766666,109
0.741997435,110
0.745228204,110
0.748458974,111
0.751689743,111
0.754920512,111
0.758151281,112
0.76138205,112
0.764614615,113
0.767843589,113
0.771074358,114
0.774305127,114
0.777535897,115
0.780766666,115
0.78399923,116
0.787228204,116
0.790458973,116
0.793689743,117
0.796920512,117
0.800153077,118
0.80338205,118
0.80661282,119
0.809843589,119
0.813074358,120
0.816305127,120
0.819535896,121
0.822766666,121
0.825997435,122
0.829228204,122
0.832458973,122
0.835689743,123
0.838920512,123
0.842151281,124
0.84538205,124
0.84861282,125
0.851843589,125
0.855074358,126
0.858305127,126
0.861535897,127
0.864766666,127
0.867997435,127
0.871228204,128
0.874458974,128
0.877689743,129
0.880920512,129
0.884151281,130
0.887382051,130
0.89061282,131
0.893845385,131
0.897074358,132
0.900305128,132
0.903535897,132
0.906766666,133
0.909997435,133
0.91323,134
0.916458974,134
0.919689743,135
0.922920512,135
0.926151282,136
0.929383846,136
0.93261282,137
0.935843589,137
0.939074359,138
0.942305128,138
0.945535897,138
0.948766666,139
0.951997436,139
0.955228205,140
0.958458974,140
0.961689743,141
0.964920513,141
0.968151282,142
0.971382051,142
0.97461282,143
0.977843589,143
0.981074358,143
0.984305127,144
0.987535896,144
0.990766666,145
0.993997435,145
0.997228204,146
1.00045897,146
1.00368974,147
1.00692051,147
1.01015128,148
1.01338205,148
1.01661282,149
1.01984359,149
1.02307615,149
1.02630513,150
1.0295359,150
1.03276666,151
1.03599743,151
1.0392282,152
1.04246077,152
1.04568974,153
1.04892051,153
1.05215128,154
1.05538205,154
1.05861461,155
1.06184359,155
1.06507436,155
1.06830512,156
1.07153589,156
1.07476666,157
1.07799743,157
1.0812282,158
1.08445897,158
1.08768974,159
1.09092051,159
1.09415128,160
1.09738205,160
1.10061282,161
1.10384359,161
1.10707435,161
1.11030512,162
1.11353589,162
1.11676666,163
1.11999743,163
1.1232282,164
1.12645897,164
1.12968974,165
1.13292051,165
1.13615128,166
1.13938205,166
1.14261282,166
1.14584359,167
1.14907435,167
1.15230692,168
1.15553589,168
1.15876666,169
1.16199743,169
1.1652282,170
1.16845897,170
1.17169154,171
1.17492051,171
1.17815128,171
1.18138205,172
1.18461282,172
1.18784538,173
1.19107436,173
1.19430512,174
1.19753589,174
1.20076666,175
1.20399743,175
1.2072282,176
1.21045897,176
1.21368974,177
1.21692051,177
1.22015128,177
1.22338205,178
1.22661282,178
1.22984359,179
1.23307436,179
1.23630512,180
1.23953589,180
1.24276666,181
1.24599743,181
1.2492282,182
1.25245897,182
1.25568974,183
1.25892051,183
1.26215128,183
1.26538205,184
1.26861282,184
1.27184359,185
1.27507436,185
1.27830512,186
1.28153769,186
1.28476666,187
1.28799743,187
1.2912282,188
1.29445897,188
1.29768974,188
1.30092231,189
1.30415128,189
1.30738205,190
1.31061282,190
1.31384359,191
1.31707615,191
1.32030513,192
1.32353589,192
1.32676666,193
1.32999743,193
1.3332282,193
1.33645897,194
1.33968974,194
1.34292051,195
1.34615128,195
1.34938205,196
1.35261282,196
1.35584359,197
1.35907436,197
1.36230513,198
1.36553589,198
1.36876666,199
1.37199743,199
1.3752282,199
1.37845897,200
1.38168974,200
1.38492051,201
1.38815128,201
1.39138205,202
1.39461282,202
1.39784359,203
1.40107436,203
1.40430513,204
1.40753589,204
1.41076846,204
1.41399743,205
1.4172282,205
1.42045897,206
1.42368974,206
1.42692051,207
1.43015308,207
1.43338205,208
1.43661282,208
1.43984359,209
1.44307436,209
1.44630692,210
1.4495359,210
1.45276666,210
1.45599743,211
1.4592282,211
1.46245897,212
1.46568974,212
1.46892051,213
1.47215128,213
1.47538205,214
1.47861282,214
1.48184359,215
1.48507436,215
1.48830513,215
1.4915359,216
1.49476666,216
1.49799743,217
1.5012282,217
1.50445897,218
1.50768974,218
1.51092051,219
1.51415128,219
1.51738205,220
1.52061282,220
1.52384359,221
1.52707436,221
1.53030513,221
1.5335359,222
1.53676666,222
1.53999923,223
1.5432282,223
1.54645897,224
1.54968974,224
1.55292051,225
1.55615128,225
1.55938385,226
1.56261282,226
1.56584359,226
1.56907436,227
1.57230513,227
1.57553769,228
1.57876667,228
1.58199743,229
1.5852282,229
1.58845897,230
1.59168974,230
1.59492051,231
1.59815128,231
1.60138205,231
1.60461282,232
1.60784359,232
1.61107436,233
1.61430513,233
1.6175359,234
1.62076667,234
1.62399743,235
1.6272282,235
1.63045897,236
1.63368974,236
1.63692051,237
1.64015128,237
1.64338205,237
1.64661282,238
1.64984359,238
1.65307436,239
1.65630513,239
1.6595359,240
1.66276667,240
1.66599743,241
1.66923,241
1.67245897,242
1.67568974,242
1.67892051,242
1.68215128,243
1.68538205,243
1.68861462,244
1.69184359,244
1.69507436,245
1.69830513,245
1.7015359,246
1.70476846,246
1.70799744,247
1.7112282,247
1.71445897,247
1.71768974,248
1.72092051,248
1.72415128,249
1.72738205,249
1.73061282,250
1.73384359,250
1.73707436,251
