seed,max_abs_error_c,rms_error_c,max_branch_mismatch_percent,max_power_uw,pass_error_target,pass_branch_mismatch_1pct
1001,0.26990318311629835,0.12419911506846677,2.092417399135282,0.571757,true,false
1002,0.32082716023620605,0.15471439762606953,0.42760964305752835,0.53264,true,true
1003,0.34909830889063187,0.1706670400428732,1.8003544829874318,0.5923200000000001,true,false
1004,0.416930546759545,0.2109112534430704,4.822731454736074,0.600633,true,false
1005,0.1773723272663119,0.087907858863461,2.224044423345269,0.556382,true,false
1006,0.8591142779832808,0.4822826021702431,2.3782615203635062,0.538355,false,false
1007,0.4121519174586865,0.21270099845232132,11.512649319862748,0.540574,true,false
1008,0.18205077740600473,0.07831442872972225,2.7962931981897423,0.5257130000000001,true,false
1009,0.6155865132242866,0.33327166143965503,12.095542945099535,0.544356,false,false
1010,0.18934919563503172,0.08572131428374083,8.386819549042228,0.5779519999999999,true,false
1011,0.1355472721111255,0.06029583805429765,10.05055010407375,0.5155649999999999,true,false
1012,0.9616871962289792,0.5281496759554497,10.017912353612331,0.548686,false,false
1013,0.7202881152460918,0.39019333855915556,4.263448929141691,0.546282,false,false
1014,0.4319937890494998,0.21971779750729323,10.428105596581496,0.565853,true,false
1015,0.13171971115269798,0.0696779638516023,6.583188634941253,0.5625519999999999,true,false
1016,0.5877963727177189,0.3238476612613506,18.180679376534357,0.550686,false,false
1017,0.7090643274853505,0.38702158776331336,17.066033330436987,0.541416,false,false
1018,0.30391399058396473,0.14680221428233195,2.0416935429138015,0.520805,true,false
1019,0.39660547280914216,0.20579509458565012,1.032052546852647,0.507506,true,false
1020,0.4207460742562148,0.2150218472307515,6.076793952766549,0.533063,true,false
1021,0.7415141620472809,0.40495905159416284,4.1664459844492345,0.5416460000000001,false,false
1022,0.508417027055998,0.26435318444627776,8.887648872910669,0.5292490000000001,false,false
1023,1.0706787684300707,0.5942109712191094,8.951608463472384,0.572348,false,false
1024,0.19472109329637988,0.09491022309328412,12.832758835499817,0.570081,true,false
1025,0.43674955898251255,0.22234940126347633,2.1477907628042807,0.5344059999999999,true,false
1026,0.7872168817487477,0.4332168577260207,23.63737699059322,0.603077,false,false
1027,0.39255422952788877,0.20325962109036472,17.692168883390632,0.5544319999999999,true,false
1028,0.4599247297012994,0.24579598596076138,8.278765976493201,0.537303,true,false
1029,0.3693667997718535,0.1768695021950038,9.317416374248387,0.588319,true,false
1030,0.7492122213530479,0.3974676135151294,23.237984007947006,0.528215,false,false
1031,0.42338018512168674,0.2156477956335837,10.284919159533898,0.521115,true,false
1032,0.21067553035487663,0.09504143900993521,1.4563975098766426,0.528185,true,false
1033,0.3924546512618008,0.2022955135199075,8.07645815182555,0.553948,true,false
1034,0.3585281662574289,0.17501506535055372,6.2215395744607545,0.5408959999999999,true,false
1035,0.27891201024817747,0.12757622786885853,6.335625387297396,0.547641,true,false
1036,0.2510460251045856,0.11635381550147779,1.197467147310204,0.5362199999999999,true,false
1037,0.18073103168705984,0.07830353893029697,10.40309796428788,0.567196,true,false
1038,0.639225539461961,0.3310745466451696,19.872084510922846,0.5628380000000001,false,false
1039,0.9628933771723496,0.5278501825673098,13.32494940950727,0.548216,false,false
1040,0.15290943056800188,0.07060806981970583,4.2222342537079385,0.54019,true,false
1041,0.8143445190866032,0.4366166564785542,8.681282307177328,0.546711,false,false
1042,0.23062166663152084,0.10650545174404687,5.432342930733149,0.510434,true,false
1043,0.5085635892049822,0.2584856316868414,14.296707164617494,0.496403,false,false
1044,0.2578242350665505,0.11683015356995066,7.438114100395622,0.500063,true,false
1045,0.47798746996880936,0.2408952220341891,11.392609327093751,0.581565,true,false
1046,0.9698232596982166,0.5411140842629425,4.619649415623861,0.615696,false,false
1047,0.2743282116045975,0.1261792085242911,1.0626462918628385,0.596679,true,false
1048,0.4950873494218513,0.2619241703764409,31.570784805750456,0.55507,true,false
1049,0.49307595467894316,0.25461285002491,11.936316933048536,0.512267,true,false
1050,0.2889284004650676,0.14028577854737356,2.108187064486011,0.558426,true,false
1051,0.42330975785182545,0.2149036946581396,11.793933054393305,0.56546,true,false
1052,0.6175889328063136,0.32942480031454935,18.492075134125127,0.555433,false,false
1053,0.5221869989530319,0.2758224698245399,0.6206006443556973,0.534422,false,true
1054,0.8562807738854872,0.47278010686874616,8.512100160317585,0.559151,false,false
1055,0.18864659051575927,0.08182839566798729,11.96688378542466,0.560951,true,false
1056,0.4397750134003786,0.22166435695167236,11.667668392582527,0.5325869999999999,true,false
1057,0.3849847258658201,0.19833088640995372,3.15701107816829,0.5536869999999999,true,false
1058,0.34078838663992883,0.15769035901101203,11.238591916558018,0.566568,true,false
1059,0.45709405375595225,0.22444564847602783,5.402183227152489,0.566949,true,false
1060,0.5813953488371908,0.300899796481598,20.779591865413487,0.564271,false,false
1061,0.26835366642239933,0.12024505601313397,9.326648143243816,0.581007,true,false
1062,0.4185375930680948,0.20797532073397354,4.688437193140631,0.521965,true,false
1063,0.4831460674157029,0.25383306358743785,16.548829975996426,0.5246770000000001,true,false
1064,0.6078368512702923,0.3214680241342532,10.064328882517934,0.586847,false,false
1065,0.8272290982571349,0.4470023763710173,13.536344101457539,0.581239,false,false
1066,0.3217358005443316,0.1531567701654026,5.157670478327102,0.535475,true,false
1067,0.5033212227971262,0.2525165977368313,7.0941089380805735,0.560766,false,false
1068,0.8895348379838879,0.47690071157482256,14.679939306021048,0.611805,false,false
1069,0.3233112321932481,0.14857623144517548,26.611765591168407,0.537111,true,false
1070,0.4453759496987004,0.22966347258482683,0.4922977277450897,0.49920100000000006,true,true
1071,0.4940696503856543,0.26583737455798984,11.785354574101827,0.532689,true,false
1072,0.12112551915703307,0.06950523543999904,9.023760965181717,0.550631,true,false
1073,0.17725365359569878,0.0805598030539258,16.260053954330104,0.541779,true,false
1074,0.3522087668429208,0.17558154452106958,5.98534070251631,0.525101,true,false
1075,0.44218223076683216,0.23483080764861933,12.2884608749655,0.5257390000000001,true,false
1076,0.1756544323696403,0.07848106583123823,0.46702077760733524,0.541462,true,true
1077,0.288191259579321,0.14091162790973547,15.177436236434755,0.521967,true,false
1078,0.4179707546965119,0.2108804559809907,2.035256754540459,0.5328130000000001,true,false
1079,0.2568776930726244,0.11648768927818028,7.7740036579930285,0.648454,true,false
1080,0.36573974276063836,0.17763898918474247,1.1768354525871023,0.614915,true,false
1081,0.24450231481478113,0.11390124670407843,17.257053868253546,0.545814,true,false
1082,0.23358065402584316,0.1055813621446185,3.680547802463621,0.5669420000000001,true,false
1083,0.482812334588516,0.2469073700173409,11.132954138379942,0.59203,true,false
1084,0.23742810275763304,0.11030921216167996,7.991170750595582,0.524386,true,false
1085,0.971204276492756,0.5327402579646775,9.832389610502485,0.59421,false,false
1086,0.5129934030688901,0.267643870896583,1.6473756053778112,0.5650489999999999,false,false
1087,0.5588679513842862,0.2874437271444946,3.3160253084648788,0.548211,false,false
1088,0.8612856818354544,0.4623502150861177,23.968295166410446,0.54654,false,false
1089,0.30555027226552056,0.14793734784274137,1.8159342964559357,0.5391229999999999,true,false
1090,0.11755809157153863,0.06698642418399221,4.651947319188105,0.504532,true,false
1091,0.9333486028401126,0.5130742902624706,5.583154883213913,0.597764,false,false
1092,0.5466801604799798,0.28899469985210163,7.06649364877668,0.580885,false,false
1093,0.17764343673076155,0.07988681512528409,11.289574397253077,0.523605,true,false
1094,0.4019292604501743,0.20141640052195867,2.7718846455423063,0.5346310000000001,true,false
1095,0.715526050910853,0.3821518046443528,3.1232571109871707,0.5437379999999999,false,false
1096,0.6455619965369124,0.35382400527760277,7.3666958799384075,0.549285,false,false
1097,0.402622674096051,0.21108703089389516,35.97042975053623,0.545013,true,false
1098,1.1239702498082238,0.6140950779941531,17.657471410058324,0.521477,false,false
1099,0.4081097180461484,0.2073619693493499,1.036629784070442,0.542651,true,false
1100,0.6535110199897645,0.34367579956774197,16.450932676277223,0.5401,false,false
