corner,vdd_v,temperature_c,mode,differential_mv,pair_skew,trim_code,external_load_ff_each,max_step_ps,run_id,numerically_qualified,reset_ok,outcome_at_1ns,decision_at_1ns,latency_at_1ns_ns,core_energy_fj,qp_at_1ns_v,qn_at_1ns_v,outcome_at_2ns,decision_at_2ns,latency_at_2ns_ns,retained_10_to_5ps_agree_at_2ns,outcome_at_3_5ns
tt,1.8,27,schematic,-10.0,0,0,5,5,48c431c4ab74f844dbf70d50,True,True,correct,-1,0.2255475010283786,240.6829170026306,0.0009481704486444574,1.799961532347864,correct,-1,0.2255475010283786,True,not_evaluated
tt,1.8,27,schematic,-3.0,0,0,5,5,66bce7cb6f4cfb3e8a0e447e,True,True,correct,-1,0.28043908208586116,244.05209899484268,0.0010672180845359535,1.7999570761595753,correct,-1,0.28043908208586116,True,not_evaluated
tt,1.8,27,schematic,3.0,0,0,5,5,1f90f95df0881dde1401a2a3,True,True,correct,1,0.280439082081669,244.05209899476347,1.7999570761595771,0.0010672180845329327,correct,1,0.280439082081669,True,not_evaluated
tt,1.8,27,schematic,10.0,0,0,5,5,d2fa21f113861983462369ca,True,True,correct,1,0.2255475010360813,240.6829170024873,1.7999615323478655,0.0009481704486438115,correct,1,0.2255475010360813,True,not_evaluated
tt,1.8,27,lvs,-10.0,0,0,5,5,ba5bd9c09a68684403487688,True,True,correct,-1,0.2248850917978906,240.68754215376336,0.0009483981366182682,1.7999618074377446,correct,-1,0.2248850917978906,True,not_evaluated
tt,1.8,27,lvs,-3.0,0,0,5,5,3ae457634c8cddef138f3437,True,True,correct,-1,0.2797454681726111,244.05922977584058,0.001067187383864352,1.7999570744826727,correct,-1,0.2797454681726111,True,not_evaluated
tt,1.8,27,lvs,3.0,0,0,5,5,05da8e1e0e8a5cc0852557ae,True,True,correct,1,0.2797445391094595,244.05920208508132,1.7999570745821227,0.0010671875185035537,correct,1,0.2797445391094595,True,not_evaluated
tt,1.8,27,lvs,10.0,0,0,5,5,303892230d0ceae8e10f6cce,True,True,correct,1,0.2248850526697396,240.68754087221623,1.7999618071476118,0.0009483979393855199,correct,1,0.2248850526697396,True,not_evaluated
tt,1.8,27,c,-10.0,0,0,5,5,f638de9ca2a1b0009015018d,True,True,correct,-1,0.4077134181414182,349.4325850920632,0.0077146509604422864,1.7996496631947685,correct,-1,0.4077134181414182,True,not_evaluated
tt,1.8,27,c,-3.0,0,0,5,5,193eb6dd2d205b60ed760ae1,True,True,correct,-1,0.5032200048409705,356.21137873931997,0.00949116281494272,1.7995754992661637,correct,-1,0.5032200048409705,True,not_evaluated
tt,1.8,27,c,3.0,0,0,5,5,1ccb4b2df5f219bf456ec829,True,True,correct,1,0.49603471836056023,355.64248243931775,1.7995826960566481,0.009314688032891753,correct,1,0.49603471836056023,True,not_evaluated
tt,1.8,27,c,10.0,0,0,5,5,dced81cb1ef645c9afb4c72a,True,True,correct,1,0.40415063782121874,349.23149143312935,1.7996505442697492,0.007681934826720824,correct,1,0.40415063782121874,True,not_evaluated
tt,1.8,27,rc,-10.0,0,0,5,5,97959f7cbd1fef8402345f38,True,True,correct,-1,0.5338603822588703,417.75251960386504,0.031408496849109936,1.7987779671448159,correct,-1,0.5338603822588703,True,not_evaluated
tt,1.8,27,rc,-3.0,0,0,5,5,db548ded505bd778b32d7402,True,True,correct,-1,0.6568801104116598,426.1027682011491,0.03761847981116389,1.7981754286973965,correct,-1,0.6568801104116598,True,not_evaluated
tt,1.8,27,rc,3.0,0,0,5,5,82123bc58dbb8ab49101cd7a,True,True,correct,1,0.633340466560341,424.61329955954915,1.7983810199176316,0.0362131809171274,correct,1,0.633340466560341,True,not_evaluated
tt,1.8,27,rc,10.0,0,0,5,5,6d727f2963f2bb92ae9bf5bb,True,True,correct,1,0.5279020749114798,417.10337007715805,1.798789464164441,0.031117665147525866,correct,1,0.5279020749114798,True,not_evaluated
ss,1.62,-40,schematic,-10.0,0,0,5,5,5fdc523dd629cf5cb2531b66,True,True,correct,-1,0.53508760754029,164.0861007163866,0.08177153014032507,1.6188476078631504,correct,-1,0.53508760754029,True,not_evaluated
ss,1.62,-40,schematic,-3.0,0,0,5,5,800307e595eca785c0c118b8,True,True,correct,-1,0.6660054115739699,166.87914013544102,0.0918507857066237,1.6180663002951547,correct,-1,0.6660054115739699,True,not_evaluated
ss,1.62,-40,schematic,3.0,0,0,5,5,03e26f8daa0e890eb5a959be,True,True,correct,1,0.6660054115946494,166.87914013575744,1.6180663002951459,0.09185078570661541,correct,1,0.6660054115946494,True,not_evaluated
ss,1.62,-40,schematic,10.0,0,0,5,5,68ab4c346961833e23900247,True,True,correct,1,0.5350876075408292,164.08610071638566,1.6188476078631506,0.08177153014032858,correct,1,0.5350876075408292,True,not_evaluated
ss,1.62,-40,lvs,-10.0,0,0,5,5,6d7445ad2c91336ac28e84e8,True,True,correct,-1,0.5388904438636282,164.09281994707064,0.08177004805377912,1.6188473062046969,correct,-1,0.5388904438636282,True,not_evaluated
ss,1.62,-40,lvs,-3.0,0,0,5,5,b1d09ed1f82e9e5afa219c54,True,True,correct,-1,0.664477634450291,166.88542362684638,0.09185104180352772,1.6180664801899876,correct,-1,0.664477634450291,True,not_evaluated
ss,1.62,-40,lvs,3.0,0,0,5,5,683bac2e146fbf3a6f5f7f3e,True,True,correct,1,0.6657705091756486,166.87882419247737,1.618066441916224,0.09185044988324503,correct,1,0.6657705091756486,True,not_evaluated
ss,1.62,-40,lvs,10.0,0,0,5,5,90b922820072fb636517fc5e,True,True,correct,1,0.5388727966507307,164.09281924297173,1.6188473051900985,0.08177003194480005,correct,1,0.5388727966507307,True,not_evaluated
ss,1.62,-40,c,-10.0,0,0,5,5,d5aa44f9d722e42ccffcceb0,True,True,unresolved,0,,241.52714998415124,0.32922927376199795,1.4450495009300435,correct,-1,1.0078108088936382,True,not_evaluated
ss,1.62,-40,c,-3.0,0,0,5,5,9311206a2b94e831644ded34,True,True,unresolved,0,,247.55601334065662,0.6802215044368393,1.1952402474971657,correct,-1,1.2565996787489682,True,not_evaluated
ss,1.62,-40,c,3.0,0,0,5,5,14808fbdecb32cb73ba0cc7b,True,True,unresolved,0,,247.35399435309003,1.2006096765957777,0.6690890051698752,correct,1,1.2454004614662502,True,not_evaluated
ss,1.62,-40,c,10.0,0,0,5,5,32429766d5df2385bf7ab39f,True,True,unresolved,0,,241.439025282418,1.4492919855543025,0.32628873011391957,correct,1,1.0029306948493202,True,not_evaluated
ss,1.62,-40,rc,-10.0,0,0,5,5,52c58091b29ba7b18ebfecd0,True,True,unresolved,0,,288.67784649886045,0.7755785667413632,1.4439366274470933,correct,-1,1.3258250308724007,True,not_evaluated
ss,1.62,-40,rc,-3.0,0,0,5,5,3e24dcb7350b577ec46c3195,True,True,unresolved,0,,295.5680321375881,1.0252089694876745,1.2801623031863296,correct,-1,1.5812388274873799,True,not_evaluated
ss,1.62,-40,rc,3.0,0,0,5,5,029f110ba5be558b151e34a7,True,True,unresolved,0,,295.0399910297343,1.2885364993007276,1.014353429220099,correct,1,1.5612401046455806,True,not_evaluated
ss,1.62,-40,rc,10.0,0,0,5,5,d919572fa5bb60be0e8c6a4f,True,True,unresolved,0,,288.39888500549165,1.4471517674501952,0.7682765806859082,correct,1,1.3207963192872003,True,not_evaluated
ss,1.62,125,schematic,-10.0,0,0,5,5,87ce0b56ec87aee5a9df4c5f,True,True,correct,-1,0.4543403633949596,205.57351788998943,0.05447745062743614,1.6189406011327516,correct,-1,0.4543403633949596,True,not_evaluated
ss,1.62,125,schematic,-3.0,0,0,5,5,8dbf5a35ceb6d283a8479a5f,True,True,correct,-1,0.5512528709945304,208.74780714890161,0.05855502918970597,1.618893688204755,correct,-1,0.5512528709945304,True,not_evaluated
ss,1.62,125,schematic,3.0,0,0,5,5,43c806bf9837763ae43ee72b,True,True,correct,1,0.5512528709986994,208.74780714889758,1.6188936882047553,0.05855502918970677,correct,1,0.5512528709986994,True,not_evaluated
ss,1.62,125,schematic,10.0,0,0,5,5,6bedbc5084b49039d36285ee,True,True,correct,1,0.45434037098027863,205.57351790111616,1.6189406011314402,0.054477450617017024,correct,1,0.45434037098027863,True,not_evaluated
ss,1.62,125,lvs,-10.0,0,0,5,5,fa5de7c94b7cee9c4dfe9518,True,True,correct,-1,0.4532558104975602,205.57424452052476,0.054478680324279945,1.6189407232149866,correct,-1,0.4532558104975602,True,not_evaluated
ss,1.62,125,lvs,-3.0,0,0,5,5,dde79a909878f1737e1e9359,True,True,correct,-1,0.5474122776408702,208.75744343064736,0.05855720650642464,1.6188936549518025,correct,-1,0.5474122776408702,True,not_evaluated
ss,1.62,125,lvs,3.0,0,0,5,5,82961724ba3cb4f95b02d745,True,True,correct,1,0.5490668697658607,208.752348260006,1.618893696046223,0.05855613156541698,correct,1,0.5490668697658607,True,not_evaluated
ss,1.62,125,lvs,10.0,0,0,5,5,cf75b245e9a010b9222f4fae,True,True,correct,1,0.4540079386807781,205.5732740448089,1.6189406648966214,0.05447848313849394,correct,1,0.4540079386807781,True,not_evaluated
ss,1.62,125,c,-10.0,0,0,5,5,a81f42d60913a2de48cf86e0,True,True,correct,-1,0.8042777164453689,290.93678477789985,0.13733158794868822,1.6098526983222847,correct,-1,0.8042777164453689,True,not_evaluated
ss,1.62,125,c,-3.0,0,0,5,5,fe32976a5fb5466012ba1b4e,True,True,correct,-1,0.982853914151129,297.17175296624157,0.2847589066882708,1.5077214826927907,correct,-1,0.982853914151129,True,not_evaluated
ss,1.62,125,c,3.0,0,0,5,5,3136c64ae3a6452e09a821ca,True,True,correct,1,0.9712471793704186,296.8544499881928,1.5220799666638962,0.268419041434976,correct,1,0.9712471793704186,True,not_evaluated
ss,1.62,125,c,10.0,0,0,5,5,9d91a20e1700c0dd186f58cd,True,True,correct,1,0.8033492190793802,290.8157453789803,1.61015001990859,0.13621669959215363,correct,1,0.8033492190793802,True,not_evaluated
ss,1.62,125,rc,-10.0,0,0,5,5,e80236b5af3b61e30555c64f,True,True,unresolved,0,,344.2218652416777,0.35923677754482564,1.503128622114186,correct,-1,1.0265448625958906,True,not_evaluated
ss,1.62,125,rc,-3.0,0,0,5,5,459d837f469cb739441e60b8,True,True,unresolved,0,,351.6640059386049,0.7682833677545047,1.160256211483468,correct,-1,1.2292687086759784,True,not_evaluated
ss,1.62,125,rc,3.0,0,0,5,5,3b9a7d3fb617b0fca5672469,True,True,unresolved,0,,350.8362672507248,1.1878184881809402,0.7372540140017547,correct,1,1.204829506992128,True,not_evaluated
ss,1.62,125,rc,10.0,0,0,5,5,ef5ae6f2fcfd5905c98393a0,True,True,unresolved,0,,343.83458474785135,1.5113498463204647,0.3477925535147535,correct,1,1.0165447019786298,True,not_evaluated
ff,1.95,-40,schematic,-10.0,0,0,5,5,7b930e6fadf94a3ef517bf27,True,True,correct,-1,0.13872722622665914,276.52547184394405,1.2392142143305896e-06,1.9499999563845407,correct,-1,0.13872722622665914,True,not_evaluated
ff,1.95,-40,schematic,-3.0,0,0,5,5,063f6442f08c8f02ba961437,True,True,correct,-1,0.16521325974724932,280.86118596960847,1.3352379262934409e-06,1.9499999748944326,correct,-1,0.16521325974724932,True,not_evaluated
ff,1.95,-40,schematic,3.0,0,0,5,5,04107856632a21d00ab11db0,True,True,correct,1,0.16521322691874044,280.8611829465255,1.9499999748956598,1.3352393869926683e-06,correct,1,0.16521322691874044,True,not_evaluated
ff,1.95,-40,schematic,10.0,0,0,5,5,e31fa26e6cfa6b29f1e31113,True,True,correct,1,0.13872722762593112,276.52547189316226,1.9499999563845132,1.2392141715865222e-06,correct,1,0.13872722762593112,True,not_evaluated
ff,1.95,-40,lvs,-10.0,0,0,5,5,886c3147ac5a300047e12192,True,True,correct,-1,0.13839374680927977,276.5280498902198,1.2316623362309638e-06,1.9499999493067965,correct,-1,0.13839374680927977,True,not_evaluated
ff,1.95,-40,lvs,-3.0,0,0,5,5,664e0cf415d052841f899eb9,True,True,correct,-1,0.16525765834653897,280.8681610103678,1.3460139954661118e-06,1.9499999973417685,correct,-1,0.16525765834653897,True,not_evaluated
ff,1.95,-40,lvs,3.0,0,0,5,5,89f17bcefca4d71ff0061c8e,True,True,correct,1,0.16573164452934933,280.8557480862144,1.9499999606604956,1.3497178377415091e-06,correct,1,0.16573164452934933,True,not_evaluated
ff,1.95,-40,lvs,10.0,0,0,5,5,b516f5e8beaac5b920a4fd5e,True,True,correct,1,0.14017574187559964,276.5346905166229,1.9499999459130535,1.3164463185983626e-06,correct,1,0.14017574187559964,True,not_evaluated
ff,1.95,-40,c,-10.0,0,0,5,5,703b715dc458bd9ff77b0c4b,True,True,correct,-1,0.2546297215223899,409.1340249333937,3.9307274302881754e-05,1.949997633238904,correct,-1,0.2546297215223899,True,not_evaluated
ff,1.95,-40,c,-3.0,0,0,5,5,8666cbbd1c6347034ede94a5,True,True,correct,-1,0.30775071283161953,418.25391647740867,5.092540176796854e-05,1.949996890985874,correct,-1,0.30775071283161953,True,not_evaluated
ff,1.95,-40,c,3.0,0,0,5,5,9dcf5e9425123fcfb4acfada,True,True,correct,1,0.29854794495625847,416.9189292861472,1.9499969800005394,4.914058998021796e-05,correct,1,0.29854794495625847,True,not_evaluated
ff,1.95,-40,c,10.0,0,0,5,5,1faa5bcc4f653f2138687c0d,True,True,correct,1,0.2552010291282612,408.7570267799702,1.9499976565911326,3.9002376976173005e-05,correct,1,0.2552010291282612,True,not_evaluated
ff,1.95,-40,rc,-10.0,0,0,5,5,4c918f1ef65e87828c65657f,True,True,correct,-1,0.34643960896448034,493.0614488167512,0.0011963873477606906,1.949933218563036,correct,-1,0.34643960896448034,True,not_evaluated
ff,1.95,-40,rc,-3.0,0,0,5,5,ad38a87be92facf247d73c32,True,True,correct,-1,0.4175526696258308,504.1537712354861,0.0014894343640765154,1.9499172689418356,correct,-1,0.4175526696258308,True,not_evaluated
ff,1.95,-40,rc,3.0,0,0,5,5,d1b0be7c9ad44dccd920071c,True,True,correct,1,0.39284953453535865,500.61513929911547,1.9499226375057392,0.0013894314112914924,correct,1,0.39284953453535865,True,not_evaluated
ff,1.95,-40,rc,10.0,0,0,5,5,b10fae07d58be2de2a6de7f4,True,True,correct,1,0.34169640952638086,491.89258808757404,1.9499342107966497,0.001175156093597825,correct,1,0.34169640952638086,True,not_evaluated
ff,1.95,125,schematic,-10.0,0,0,5,5,dcba04587fe224d1ecd01c29,True,True,correct,-1,0.17292630775172024,333.81211885848967,0.001240553621169845,1.9499897056435016,correct,-1,0.17292630775172024,True,not_evaluated
ff,1.95,125,schematic,-3.0,0,0,5,5,8cd915202ac4fa1ad24bde93,True,True,correct,-1,0.20332071162168897,341.3315854247451,0.0012769033429692544,1.9499888144454427,correct,-1,0.20332071162168897,True,not_evaluated
ff,1.95,125,schematic,3.0,0,0,5,5,219312aea14e028b96d67379,True,True,correct,1,0.2033207125697703,341.33158545490244,1.9499888144456954,0.001276903343045844,correct,1,0.2033207125697703,True,not_evaluated
ff,1.95,125,schematic,10.0,0,0,5,5,28c5a647d485db798c3b130c,True,True,correct,1,0.1729263077440407,333.81211885793044,1.9499897056435,0.0012405536211664585,correct,1,0.1729263077440407,True,not_evaluated
ff,1.95,125,lvs,-10.0,0,0,5,5,2f2b9de0986392fb25a461dc,True,True,correct,-1,0.1725158077831,333.869005781694,0.001240697313561508,1.9499896390495486,correct,-1,0.1725158077831,True,not_evaluated
ff,1.95,125,lvs,-3.0,0,0,5,5,ba5710f38e429ceba0001ac0,True,True,correct,-1,0.20304982506049998,341.3526391102516,0.0012770348183949159,1.9499887565907366,correct,-1,0.20304982506049998,True,not_evaluated
ff,1.95,125,lvs,3.0,0,0,5,5,6ed02a5485775b5262c5dfb1,True,True,correct,1,0.20206319114190915,341.42132478206565,1.9499886672332145,0.001277249059522677,correct,1,0.20206319114190915,True,not_evaluated
ff,1.95,125,lvs,10.0,0,0,5,5,c9e0b423f0d45eafa27ff2a2,True,True,correct,1,0.1745408175940381,333.88467324244874,1.9499895791488346,0.001240973673750196,correct,1,0.1745408175940381,True,not_evaluated
ff,1.95,125,c,-10.0,0,0,5,5,8e7809dff4334e5c2899f829,True,True,correct,-1,0.3162063643042885,479.93837639501913,0.003557698430363486,1.9499006356453898,correct,-1,0.3162063643042885,True,not_evaluated
ff,1.95,125,c,-3.0,0,0,5,5,fe7f9db41e2c1eaf0fa1735c,True,True,correct,-1,0.37439644496977115,495.73702113154536,0.0040709241546050875,1.9498822051630924,correct,-1,0.37439644496977115,True,not_evaluated
ff,1.95,125,c,3.0,0,0,5,5,bc724eb14b2fca4e4eaa98b3,True,True,correct,1,0.3652628876830587,493.28965969298605,1.949884848141457,0.0039917352205336935,correct,1,0.3652628876830587,True,not_evaluated
ff,1.95,125,c,10.0,0,0,5,5,9cc09e9890ee4246ce4a8679,True,True,correct,1,0.31492139477794057,479.2368936683677,1.9499010636396326,0.0035398311048299475,correct,1,0.31492139477794057,True,not_evaluated
ff,1.95,125,rc,-10.0,0,0,5,5,6926ed66fce40b1945cc8617,True,True,correct,-1,0.4150178574075883,570.6132022526733,0.014404541739164271,1.9495271647573358,correct,-1,0.4150178574075883,True,not_evaluated
ff,1.95,125,rc,-3.0,0,0,5,5,ab77b6497474660a98c9b27b,True,True,correct,-1,0.4899793458548811,590.3723880684289,0.016966979632968032,1.9494410015020047,correct,-1,0.4899793458548811,True,not_evaluated
ff,1.95,125,rc,3.0,0,0,5,5,b8b79297053e05966c3d5ded,True,True,correct,1,0.46321272044964074,583.3473609742712,1.9494725609561612,0.01602317908437081,correct,1,0.46321272044964074,True,not_evaluated
ff,1.95,125,rc,10.0,0,0,5,5,252375de827efec148944a0c,True,True,correct,1,0.40467655278833115,568.4764141508698,1.9495339086502697,0.01417683277317568,correct,1,0.40467655278833115,True,not_evaluated
