task_name,dut,kind,engine,result,runtime_s
fir_conservative_uniform,live_stall,conservative_uniform,bounded model check (smtbmc/yices),PASS,0.8
fir_conservative_uniform,live_pdr,conservative_uniform,unbounded IC3/PDR (abc pdr),PASS,3.6
fir_conservative_uniform,stream_pdr,conservative_uniform,unbounded IC3/PDR (abc pdr),PASS,4.7
fir_conservative_uniform,live_main,conservative_uniform,bounded model check (smtbmc/yices),PASS,11.9
fir_conservative_uniform,stream,conservative_uniform,bounded model check (smtbmc/yices),PASS,13.7
fir_best_uniform,live_stall,best_uniform,bounded model check (smtbmc/yices),PASS,0.7
fir_best_uniform,live_pdr,best_uniform,unbounded IC3/PDR (abc pdr),PASS,2.1
fir_best_uniform,stream_pdr,best_uniform,unbounded IC3/PDR (abc pdr),PASS,2.4
fir_best_uniform,live_main,best_uniform,bounded model check (smtbmc/yices),PASS,4.9
fir_best_uniform,stream,best_uniform,bounded model check (smtbmc/yices),PASS,7.3
fir_sensitivity_guided,live_stall,sensitivity_guided,bounded model check (smtbmc/yices),PASS,0.7
fir_sensitivity_guided,live_pdr,sensitivity_guided,unbounded IC3/PDR (abc pdr),PASS,2.4
fir_sensitivity_guided,stream_pdr,sensitivity_guided,unbounded IC3/PDR (abc pdr),PASS,2.9
fir_sensitivity_guided,live_main,sensitivity_guided,bounded model check (smtbmc/yices),PASS,6.1
fir_sensitivity_guided,stream,sensitivity_guided,bounded model check (smtbmc/yices),PASS,7.6
mutant_requant_trunc,requantizer shift off by one,mutation test (must be killed),killed by property set,PASS,0.1
mutant_no_rounding_const,rounding constant removed,mutation test (must be killed),killed by property set,PASS,0.1
mutant_fold_to_add,symmetric pre-adder sign-bit drop,mutation test (must be killed),killed by property set,PASS,0.1
mutant_acc_mult_error,center-tap constant off by one LSB,mutation test (must be killed),killed by property set,PASS,0.1
