corner,vdd_v,temperature_c,differential_v,common_mode_ratio,pair_skew,trim_code,load_ff,max_step_ps,design_name,source_resistance_ohm,sample_cap_ff,previous_differential_v,deadline_ns,decision,outcome,decision_time_ns,core_energy_fj,reset_ok,qp_at_deadline_v,qn_at_deadline_v,original_run_id,run_id
ff,1.62,125.0,-0.001,0.5,0.04,-2,5.0,0.625,baseline,0.0,0.0,,0.25,0,unresolved,,136.02585570672926,True,1.0428246901419922,1.0139519684772602,8e70e4e1a6b3c1245d316af2,676321da9ff3301153af7b7b
ff,1.62,125.0,-0.001,0.5,0.04,-2,5.0,0.625,baseline,0.0,0.0,,0.35,0,unresolved,,136.02585570672926,True,0.9968874281303918,0.8896895235210869,8e70e4e1a6b3c1245d316af2,676321da9ff3301153af7b7b
ff,1.62,125.0,-0.001,0.5,0.04,-2,5.0,0.625,baseline,0.0,0.0,,0.5,0,unresolved,,136.02585570672926,True,1.5441431215213062,0.32461922716446984,8e70e4e1a6b3c1245d316af2,676321da9ff3301153af7b7b
ff,1.62,125.0,-0.001,0.5,0.04,-2,5.0,0.625,baseline,0.0,0.0,,0.75,1,wrong,0.5003125000005392,136.02585570672926,True,1.61897527652034,0.05586726000550657,8e70e4e1a6b3c1245d316af2,676321da9ff3301153af7b7b
ff,1.62,125.0,-0.001,0.5,0.04,-2,5.0,0.625,baseline,0.0,0.0,,1.0,1,wrong,0.5003125000005392,136.02585570672926,True,1.6195768052752415,0.02638946297179994,8e70e4e1a6b3c1245d316af2,676321da9ff3301153af7b7b
ff,1.62,125.0,-0.001,0.5,0.04,-2,5.0,0.625,baseline,0.0,0.0,,2.0,1,wrong,0.5003125000005392,136.02585570672926,True,1.6199942581132354,0.0014951150458464,8e70e4e1a6b3c1245d316af2,676321da9ff3301153af7b7b
fs,1.95,125.0,0.001,0.5,0.04,-3,5.0,0.625,baseline,0.0,0.0,,0.25,0,unresolved,,216.3817022589525,True,1.4049232240124627,1.356939580879085,fe6ef82d51d4794788a499cc,1e5762b2bf8e5509045382ca
fs,1.95,125.0,0.001,0.5,0.04,-3,5.0,0.625,baseline,0.0,0.0,,0.35,0,unresolved,,216.3817022589525,True,1.3434734235680441,1.1535953431888848,fe6ef82d51d4794788a499cc,1e5762b2bf8e5509045382ca
fs,1.95,125.0,0.001,0.5,0.04,-3,5.0,0.625,baseline,0.0,0.0,,0.5,0,unresolved,,216.3817022589525,True,1.9257603536603614,0.39090502839965624,fe6ef82d51d4794788a499cc,1e5762b2bf8e5509045382ca
fs,1.95,125.0,0.001,0.5,0.04,-3,5.0,0.625,baseline,0.0,0.0,,0.75,1,correct,0.5003125000005392,216.3817022589525,True,1.9491204981243417,0.07194992962694198,fe6ef82d51d4794788a499cc,1e5762b2bf8e5509045382ca
fs,1.95,125.0,0.001,0.5,0.04,-3,5.0,0.625,baseline,0.0,0.0,,1.0,1,correct,0.5003125000005392,216.3817022589525,True,1.9496093922013165,0.035612485609125576,fe6ef82d51d4794788a499cc,1e5762b2bf8e5509045382ca
fs,1.95,125.0,0.001,0.5,0.04,-3,5.0,0.625,baseline,0.0,0.0,,2.0,1,correct,0.5003125000005392,216.3817022589525,True,1.949994352788863,0.0059411259834778124,fe6ef82d51d4794788a499cc,1e5762b2bf8e5509045382ca
tt,1.8,27.0,-0.001,0.5,0.0,0,5.0,0.625,baseline,0.0,0.0,,0.25,0,unresolved,,144.31049142521977,True,1.1482635841515014,1.17093417981632,7d65cbbe264d54cc2163af0e,10ab23bf62a4b1c344601d2e
tt,1.8,27.0,-0.001,0.5,0.0,0,5.0,0.625,baseline,0.0,0.0,,0.35,0,unresolved,,144.31049142521977,True,0.937087104746562,1.021332180115713,7d65cbbe264d54cc2163af0e,10ab23bf62a4b1c344601d2e
tt,1.8,27.0,-0.001,0.5,0.0,0,5.0,0.625,baseline,0.0,0.0,,0.5,-1,correct,0.5000000000000012,144.31049142521977,True,0.3599568790941908,1.5864516305674536,7d65cbbe264d54cc2163af0e,10ab23bf62a4b1c344601d2e
tt,1.8,27.0,-0.001,0.5,0.0,0,5.0,0.625,baseline,0.0,0.0,,0.75,-1,correct,0.5003125000005392,144.31049142521977,True,0.057924701429744145,1.798524956233028,7d65cbbe264d54cc2163af0e,10ab23bf62a4b1c344601d2e
tt,1.8,27.0,-0.001,0.5,0.0,0,5.0,0.625,baseline,0.0,0.0,,1.0,-1,correct,0.5003125000005392,144.31049142521977,True,0.019929910905035413,1.7994915629536594,7d65cbbe264d54cc2163af0e,10ab23bf62a4b1c344601d2e
tt,1.8,27.0,-0.001,0.5,0.0,0,5.0,0.625,baseline,0.0,0.0,,2.0,-1,correct,0.5003125000005392,144.31049142521977,True,6.549131439554959e-05,1.7999980821572075,7d65cbbe264d54cc2163af0e,10ab23bf62a4b1c344601d2e
tt,1.8,27.0,0.001,0.5,0.0,0,5.0,0.625,baseline,0.0,0.0,,0.25,0,unresolved,,144.31049139707653,True,1.1709341798310304,1.148263584165579,f0c47ffb0f8ab2649ffaddc9,596597aa3bde2b2c115e5312
tt,1.8,27.0,0.001,0.5,0.0,0,5.0,0.625,baseline,0.0,0.0,,0.35,0,unresolved,,144.31049139707653,True,1.021332180122316,0.9370871047570606,f0c47ffb0f8ab2649ffaddc9,596597aa3bde2b2c115e5312
tt,1.8,27.0,0.001,0.5,0.0,0,5.0,0.625,baseline,0.0,0.0,,0.5,1,correct,0.5000000000000012,144.31049139707653,True,1.58645163054669,0.35995687910767815,f0c47ffb0f8ab2649ffaddc9,596597aa3bde2b2c115e5312
tt,1.8,27.0,0.001,0.5,0.0,0,5.0,0.625,baseline,0.0,0.0,,0.75,1,correct,0.5003125000005392,144.31049139707653,True,1.798524956233087,0.057924701437516844,f0c47ffb0f8ab2649ffaddc9,596597aa3bde2b2c115e5312
tt,1.8,27.0,0.001,0.5,0.0,0,5.0,0.625,baseline,0.0,0.0,,1.0,1,correct,0.5003125000005392,144.31049139707653,True,1.7994915629535324,0.01992991091179737,f0c47ffb0f8ab2649ffaddc9,596597aa3bde2b2c115e5312
tt,1.8,27.0,0.001,0.5,0.0,0,5.0,0.625,baseline,0.0,0.0,,2.0,1,correct,0.5003125000005392,144.31049139707653,True,1.799998082157207,6.549131442146281e-05,f0c47ffb0f8ab2649ffaddc9,596597aa3bde2b2c115e5312
sf,1.62,125.0,-0.001,0.5,0.04,-6,5.0,0.625,lvt_balanced_4b,0.0,0.0,,0.25,0,unresolved,,235.92650890752506,True,0.828573407692524,0.8054872226389613,57641b4ceba1e2ec31df6577,91c6efc8fba808b5a07843c7
sf,1.62,125.0,-0.001,0.5,0.04,-6,5.0,0.625,lvt_balanced_4b,0.0,0.0,,0.35,0,unresolved,,235.92650890752506,True,0.8182799596332359,0.7759612100657463,57641b4ceba1e2ec31df6577,91c6efc8fba808b5a07843c7
sf,1.62,125.0,-0.001,0.5,0.04,-6,5.0,0.625,lvt_balanced_4b,0.0,0.0,,0.5,0,unresolved,,235.92650890752506,True,1.0635791224798612,0.47106425362020216,57641b4ceba1e2ec31df6577,91c6efc8fba808b5a07843c7
sf,1.62,125.0,-0.001,0.5,0.04,-6,5.0,0.625,lvt_balanced_4b,0.0,0.0,,0.75,1,wrong,0.5353125000005788,235.92650890752506,True,1.6183480580608183,0.01959186810079657,57641b4ceba1e2ec31df6577,91c6efc8fba808b5a07843c7
sf,1.62,125.0,-0.001,0.5,0.04,-6,5.0,0.625,lvt_balanced_4b,0.0,0.0,,1.0,1,wrong,0.5353125000005788,235.92650890752506,True,1.6197625585864468,0.004194199953739215,57641b4ceba1e2ec31df6577,91c6efc8fba808b5a07843c7
sf,1.62,125.0,-0.001,0.5,0.04,-6,5.0,0.625,lvt_balanced_4b,0.0,0.0,,2.0,1,wrong,0.5353125000005788,235.92650890752506,True,1.6199986950977885,9.800438264850129e-06,57641b4ceba1e2ec31df6577,91c6efc8fba808b5a07843c7
sf,1.62,125.0,0.0005,0.5,0.04,-6,5.0,0.625,lvt_balanced_4b,0.0,0.0,,0.25,0,unresolved,,224.9945519479847,True,0.9145549388934034,0.7189727185571695,3fdd1b2e64124e94bfeca780,5d1b9ad3de901c63174f5e5a
sf,1.62,125.0,0.0005,0.5,0.04,-6,5.0,0.625,lvt_balanced_4b,0.0,0.0,,0.35,1,correct,0.34593750000036083,224.9945519479847,True,1.322583080256475,0.24847190334046843,3fdd1b2e64124e94bfeca780,5d1b9ad3de901c63174f5e5a
sf,1.62,125.0,0.0005,0.5,0.04,-6,5.0,0.625,lvt_balanced_4b,0.0,0.0,,0.5,1,correct,0.34593750000036083,224.9945519479847,True,1.6130268727439931,0.0530723632525317,3fdd1b2e64124e94bfeca780,5d1b9ad3de901c63174f5e5a
sf,1.62,125.0,0.0005,0.5,0.04,-6,5.0,0.625,lvt_balanced_4b,0.0,0.0,,0.75,1,correct,0.34593750000036083,224.9945519479847,True,1.6193198736361234,0.012408761515512172,3fdd1b2e64124e94bfeca780,5d1b9ad3de901c63174f5e5a
sf,1.62,125.0,0.0005,0.5,0.04,-6,5.0,0.625,lvt_balanced_4b,0.0,0.0,,1.0,1,correct,0.34593750000036083,224.9945519479847,True,1.6198496543670329,0.002646579519700545,3fdd1b2e64124e94bfeca780,5d1b9ad3de901c63174f5e5a
sf,1.62,125.0,0.0005,0.5,0.04,-6,5.0,0.625,lvt_balanced_4b,0.0,0.0,,2.0,1,correct,0.34593750000036083,224.9945519479847,True,1.619998869953431,6.683574393834679e-06,3fdd1b2e64124e94bfeca780,5d1b9ad3de901c63174f5e5a
ss,1.95,-40.0,-0.001,0.5,0.04,-3,5.0,0.625,lvt_balanced_4b,0.0,0.0,,0.25,0,unresolved,,291.6400915548983,True,1.0112725889600092,1.0002522319000142,5a393f19b1095a6a15fbd0fa,a9f5ba5b3a52d05e041fa626
ss,1.95,-40.0,-0.001,0.5,0.04,-3,5.0,0.625,lvt_balanced_4b,0.0,0.0,,0.35,0,unresolved,,291.6400915548983,True,0.9518119340579677,0.9406638267104598,5a393f19b1095a6a15fbd0fa,a9f5ba5b3a52d05e041fa626
ss,1.95,-40.0,-0.001,0.5,0.04,-3,5.0,0.625,lvt_balanced_4b,0.0,0.0,,0.5,0,unresolved,,291.6400915548983,True,0.9339561792149248,0.8865811129724026,5a393f19b1095a6a15fbd0fa,a9f5ba5b3a52d05e041fa626
ss,1.95,-40.0,-0.001,0.5,0.04,-3,5.0,0.625,lvt_balanced_4b,0.0,0.0,,0.75,1,wrong,0.6990625000007612,291.6400915548983,True,1.867341970796922,0.04211626513460861,5a393f19b1095a6a15fbd0fa,a9f5ba5b3a52d05e041fa626
ss,1.95,-40.0,-0.001,0.5,0.04,-3,5.0,0.625,lvt_balanced_4b,0.0,0.0,,1.0,1,wrong,0.6990625000007612,291.6400915548983,True,1.949730961847287,0.0028457628694831334,5a393f19b1095a6a15fbd0fa,a9f5ba5b3a52d05e041fa626
ss,1.95,-40.0,-0.001,0.5,0.04,-3,5.0,0.625,lvt_balanced_4b,0.0,0.0,,2.0,1,wrong,0.6990625000007612,291.6400915548983,True,1.949999977502053,2.1426418839607757e-07,5a393f19b1095a6a15fbd0fa,a9f5ba5b3a52d05e041fa626
