corner,vdd_v,temperature_c,differential_v,common_mode_ratio,pair_skew,trim_code,load_ff,max_step_ps,design_name,source_resistance_ohm,sample_cap_ff,previous_differential_v,case_id,policy,input_mv,deadline_ns,policy_available,decision,outcome,decision_time_ns,core_energy_fj,reset_ok,qp_at_deadline_v,qn_at_deadline_v,run_id
tt,1.8,27.0,-0.018,0.5,0.04,-2,5.0,10.0,baseline,0.0,0.0,,TT | 1.80 V | 27 C | skew +4%,training_local,-18,1.0,True,-1,correct,0.37508847856435074,137.5807753717716,True,0.005840808015212755,1.7997987487198144,83a6ea499682e30a43e1bae6
tt,1.8,27.0,-0.006,0.5,0.04,-2,5.0,10.0,baseline,0.0,0.0,,TT | 1.80 V | 27 C | skew +4%,training_local,-6,1.0,True,-1,correct,0.4137456864492294,141.5757458046171,True,0.007937947287767937,1.799739182499374,892c0dc53640a3eaa6496349
tt,1.8,27.0,-0.002,0.5,0.04,-2,5.0,10.0,baseline,0.0,0.0,,TT | 1.80 V | 27 C | skew +4%,training_local,-2,1.0,True,-1,correct,0.46324707739160864,144.94278772795974,True,0.009182506602015174,1.799705015203677,f5e487a5d4f39a05b668ada8
tt,1.8,27.0,0.002,0.5,0.04,-2,5.0,10.0,baseline,0.0,0.0,,TT | 1.80 V | 27 C | skew +4%,training_local,2,1.0,True,1,correct,0.45260379824970925,144.18106022314032,True,1.7995873071863122,0.014983537439814504,5567c8aafb907b257be9d937
tt,1.8,27.0,0.006,0.5,0.04,-2,5.0,10.0,baseline,0.0,0.0,,TT | 1.80 V | 27 C | skew +4%,training_local,6,1.0,True,1,correct,0.4140755298495987,141.16530526537395,True,1.7996232465639286,0.013296725621241793,417f8fbdf250286398844842
tt,1.8,27.0,0.018,0.5,0.04,-2,5.0,10.0,baseline,0.0,0.0,,TT | 1.80 V | 27 C | skew +4%,training_local,18,1.0,True,1,correct,0.3722237174951199,137.21491978544876,True,1.799699822916151,0.009968640421021817,34601e239b6c312c70269e5e
ss,1.62,-40.0,-0.018,0.5,0.04,-1,5.0,10.0,baseline,0.0,0.0,,SS | 1.62 V | -40 C | skew +4%,training_local,-18,1.0,True,0,unresolved,,80.00213818454768,True,1.3333129796415915,1.5683727119142192,d1efb17341c17bca5f016bd0
ss,1.62,-40.0,-0.006,0.5,0.04,-1,5.0,10.0,baseline,0.0,0.0,,SS | 1.62 V | -40 C | skew +4%,training_local,-6,1.0,True,0,unresolved,,79.9894930894585,True,1.4281393005920389,1.4866514046554622,49b0061fe016fde816498799
ss,1.62,-40.0,-0.002,0.5,0.04,-1,5.0,10.0,baseline,0.0,0.0,,SS | 1.62 V | -40 C | skew +4%,training_local,-2,1.0,True,0,unresolved,,76.86682921755306,True,1.4591151787591525,1.455998074777611,9bbaa03760a51221564bacdf
ss,1.62,-40.0,0.002,0.5,0.04,-1,5.0,10.0,baseline,0.0,0.0,,SS | 1.62 V | -40 C | skew +4%,training_local,2,1.0,True,0,unresolved,,76.76028060040414,True,1.4813952614118355,1.4337309935607658,f9cbfc129cf6478e4f4fd459
ss,1.62,-40.0,0.006,0.5,0.04,-1,5.0,10.0,baseline,0.0,0.0,,SS | 1.62 V | -40 C | skew +4%,training_local,6,1.0,True,0,unresolved,,79.46300474129708,True,1.511048610753741,1.401499866046845,5f9cef1d9c31f7b385315d85
ss,1.62,-40.0,0.018,0.5,0.04,-1,5.0,10.0,baseline,0.0,0.0,,SS | 1.62 V | -40 C | skew +4%,training_local,18,1.0,True,0,unresolved,,79.3912086584614,True,1.5850774670648031,1.307445671696156,b8b6282ecb7fec851b6b5c2b
ff,1.95,125.0,-0.018,0.5,0.04,-4,5.0,10.0,baseline,0.0,0.0,,FF | 1.95 V | 125 C | skew +4%,training_local,-18,1.0,True,-1,correct,0.2044603476601807,198.71692648817694,True,0.0013443651244030676,1.9499956423668412,4eaceb342852bfb791f5156a
ff,1.95,125.0,-0.006,0.5,0.04,-4,5.0,10.0,baseline,0.0,0.0,,FF | 1.95 V | 125 C | skew +4%,training_local,-6,1.0,True,-1,correct,0.23537449847201913,207.4083386936213,True,0.0013807537385547891,1.94999443032865,359ed90ce9687daf34f83080
ff,1.95,125.0,-0.002,0.5,0.04,-4,5.0,10.0,baseline,0.0,0.0,,FF | 1.95 V | 125 C | skew +4%,training_local,-2,1.0,True,-1,correct,0.2771667764883804,220.26478062636974,True,0.0014261014944113768,1.9499929707392967,453d60990f4488d7c0afa68f
ff,1.95,125.0,0.002,0.5,0.04,-4,5.0,10.0,baseline,0.0,0.0,,FF | 1.95 V | 125 C | skew +4%,training_local,2,1.0,True,1,correct,0.24407708688945048,209.17128098765554,True,1.9499789456569774,0.001965863643202115,2cf360ee8958ee59e5d11d07
ff,1.95,125.0,0.006,0.5,0.04,-4,5.0,10.0,baseline,0.0,0.0,,FF | 1.95 V | 125 C | skew +4%,training_local,6,1.0,True,1,correct,0.22532173073549908,203.84620497453778,True,1.9499807775614832,0.0018905541797785308,39c89dc5a5f3e35b292f07fa
ff,1.95,125.0,0.018,0.5,0.04,-4,5.0,10.0,baseline,0.0,0.0,,FF | 1.95 V | 125 C | skew +4%,training_local,18,1.0,True,1,correct,0.2058911844172312,197.35953825154584,True,1.9499837658566233,0.001769805269930519,3284397ca8912bc934723d0e
tt,1.8,27.0,-0.018,0.5,0.04,-5,5.0,10.0,svt_fast_4b,0.0,0.0,,TT | 1.80 V | 27 C | skew +4%,training_local,-18,1.0,True,-1,correct,0.24826141621474898,251.21284948695555,True,0.0015475864277640025,1.7999325300956726,ed5dc0e573a91c6d24de2282
tt,1.8,27.0,-0.006,0.5,0.04,-5,5.0,10.0,svt_fast_4b,0.0,0.0,,TT | 1.80 V | 27 C | skew +4%,training_local,-6,1.0,True,-1,correct,0.27620570595313915,256.3124100356367,True,0.001972699354422395,1.7999175622938473,7abb4a82679a964081588f68
tt,1.8,27.0,-0.002,0.5,0.04,-5,5.0,10.0,svt_fast_4b,0.0,0.0,,TT | 1.80 V | 27 C | skew +4%,training_local,-2,1.0,True,-1,correct,0.3009181160060996,259.93598556238396,True,0.002173658702020875,1.7999081391191543,b10e15f4534a6be89a58c818
tt,1.8,27.0,0.002,0.5,0.04,-5,5.0,10.0,svt_fast_4b,0.0,0.0,,TT | 1.80 V | 27 C | skew +4%,training_local,2,1.0,True,1,correct,0.32895860273459876,262.5061795666137,True,1.7998137084020454,0.005133056616478484,96a9179b142751df196287da
tt,1.8,27.0,0.006,0.5,0.04,-5,5.0,10.0,svt_fast_4b,0.0,0.0,,TT | 1.80 V | 27 C | skew +4%,training_local,6,1.0,True,1,correct,0.2829197185122682,256.7805441699028,True,1.799830853195232,0.004590732823683232,64c7efe34dc6b9f42ff2a8ac
tt,1.8,27.0,0.018,0.5,0.04,-5,5.0,10.0,svt_fast_4b,0.0,0.0,,TT | 1.80 V | 27 C | skew +4%,training_local,18,1.0,True,1,correct,0.25095287706346936,251.0142983536363,True,1.7998639737886208,0.0035555275611934257,44f36e62b9432439f5ea3dfe
ss,1.62,-40.0,-0.018,0.5,0.04,-3,5.0,10.0,svt_fast_4b,0.0,0.0,,SS | 1.62 V | -40 C | skew +4%,training_local,-18,1.0,True,0,unresolved,,168.24024300919336,True,0.5969678745795864,1.4776340862388675,c7ba8b0fe879b2739242e35e
ss,1.62,-40.0,-0.006,0.5,0.04,-3,5.0,10.0,svt_fast_4b,0.0,0.0,,SS | 1.62 V | -40 C | skew +4%,training_local,-6,1.0,True,0,unresolved,,172.05008847449642,True,0.864543922942837,1.3149328080632907,77c1a5b0b1f364b933406b2f
ss,1.62,-40.0,-0.002,0.5,0.04,-3,5.0,10.0,svt_fast_4b,0.0,0.0,,SS | 1.62 V | -40 C | skew +4%,training_local,-2,1.0,True,0,unresolved,,174.89988757423544,True,1.0007030551859464,1.1933252236499157,9fd0917cf118700ac90c8fa1
ss,1.62,-40.0,0.002,0.5,0.04,-3,5.0,10.0,svt_fast_4b,0.0,0.0,,SS | 1.62 V | -40 C | skew +4%,training_local,2,1.0,True,0,unresolved,,175.05514486356077,True,1.1508725865961253,1.0460115945229926,34aa07cb6c783a95ff53eced
ss,1.62,-40.0,0.006,0.5,0.04,-3,5.0,10.0,svt_fast_4b,0.0,0.0,,SS | 1.62 V | -40 C | skew +4%,training_local,6,1.0,True,0,unresolved,,171.67163937699624,True,1.2900749610613462,0.900368541093012,f57670d9ab0b0c7160e0b247
ss,1.62,-40.0,0.018,0.5,0.04,-3,5.0,10.0,svt_fast_4b,0.0,0.0,,SS | 1.62 V | -40 C | skew +4%,training_local,18,1.0,True,0,unresolved,,168.1267613672182,True,1.4786271682845802,0.6106254136043943,0504b92ee69c2db34d1993bb
ff,1.95,125.0,-0.018,0.5,0.04,-15,5.0,10.0,svt_fast_4b,0.0,0.0,,FF | 1.95 V | 125 C | skew +4%,training_local,-18,1.0,True,-1,correct,0.14258807334525891,364.97988653337774,True,0.0008485671329240063,1.9499994623614039,b9c783530154d7cecb2e2a13
ff,1.95,125.0,-0.006,0.5,0.04,-15,5.0,10.0,svt_fast_4b,0.0,0.0,,FF | 1.95 V | 125 C | skew +4%,training_local,-6,1.0,True,-1,correct,0.1646267644310404,374.90821154069664,True,0.0008569393898382531,1.9499979281741981,2ec5c75258575fce79ec43e2
ff,1.95,125.0,-0.002,0.5,0.04,-15,5.0,10.0,svt_fast_4b,0.0,0.0,,FF | 1.95 V | 125 C | skew +4%,training_local,-2,1.0,True,-1,correct,0.18438279529187965,385.01576136774133,True,0.0008611199653933224,1.9499966022126078,05e260c04c27b1be4f17120b
ff,1.95,125.0,0.002,0.5,0.04,-15,5.0,10.0,svt_fast_4b,0.0,0.0,,FF | 1.95 V | 125 C | skew +4%,training_local,2,1.0,True,1,correct,0.18313085422986936,382.8527487214252,True,1.949985862047778,0.0012940637307099056,7cc07ec658c77db71f6cb574
ff,1.95,125.0,0.006,0.5,0.04,-15,5.0,10.0,svt_fast_4b,0.0,0.0,,FF | 1.95 V | 125 C | skew +4%,training_local,6,1.0,True,1,correct,0.16338434805812946,372.9608748241842,True,1.9499876391469704,0.0012555990828801613,6707130baac95789ddc87d1c
ff,1.95,125.0,0.018,0.5,0.04,-15,5.0,10.0,svt_fast_4b,0.0,0.0,,FF | 1.95 V | 125 C | skew +4%,training_local,18,1.0,True,1,correct,0.1523568069182788,363.38700289257116,True,1.9499892504872367,0.0011925934642458458,6407ff0ee34b0ad59b6705bd
tt,1.8,27.0,-0.018,0.5,0.04,-2,5.0,10.0,lvt_base_3b,0.0,0.0,,TT | 1.80 V | 27 C | skew +4%,training_local,-18,1.0,True,-1,correct,0.23341016864474073,149.80663072668588,True,0.00017972005522430627,1.7999904400815583,a47b5ac7431ffedce2a442de
tt,1.8,27.0,-0.006,0.5,0.04,-2,5.0,10.0,lvt_base_3b,0.0,0.0,,TT | 1.80 V | 27 C | skew +4%,training_local,-6,1.0,True,-1,correct,0.3070749826998399,154.4765829861222,True,0.00024399731219414486,1.799987206370039,e7853bb01d546652ed8a2f88
tt,1.8,27.0,-0.002,0.5,0.04,-2,5.0,10.0,lvt_base_3b,0.0,0.0,,TT | 1.80 V | 27 C | skew +4%,training_local,-2,1.0,True,1,wrong,0.35970536605990927,157.82580651074161,True,1.799969346569255,0.0006427646320082473,a375966de7d650929f947b99
tt,1.8,27.0,0.002,0.5,0.04,-2,5.0,10.0,lvt_base_3b,0.0,0.0,,TT | 1.80 V | 27 C | skew +4%,training_local,2,1.0,True,1,correct,0.2876308833877603,153.11157077955556,True,1.7999768567081107,0.00048425704008538676,7fe2747e7c08a42db7bf7b5b
tt,1.8,27.0,0.006,0.5,0.04,-2,5.0,10.0,lvt_base_3b,0.0,0.0,,TT | 1.80 V | 27 C | skew +4%,training_local,6,1.0,True,1,correct,0.25591870381523957,151.38265934039745,True,1.7999791293007286,0.0004373802689091561,b3e00fac21edf1f7b5a5f9ec
tt,1.8,27.0,0.018,0.5,0.04,-2,5.0,10.0,lvt_base_3b,0.0,0.0,,TT | 1.80 V | 27 C | skew +4%,training_local,18,1.0,True,1,correct,0.2224698034907,148.4970760007717,True,1.7999830648405035,0.0003568370559889709,64d906515919a5c081f70d7b
ss,1.62,-40.0,-0.018,0.5,0.04,-1,5.0,10.0,lvt_base_3b,0.0,0.0,,SS | 1.62 V | -40 C | skew +4%,training_local,-18,1.0,True,-1,correct,0.7445516319604494,102.01228032748948,True,0.11989226898053537,1.6126839517792755,7b956d98a9c209e40a9b5dc8
ss,1.62,-40.0,-0.006,0.5,0.04,-1,5.0,10.0,lvt_base_3b,0.0,0.0,,SS | 1.62 V | -40 C | skew +4%,training_local,-6,1.0,True,-1,correct,0.9845992522360089,105.90851132351193,True,0.27707383926236395,1.3701813227820385,043738802a613977d6e894ca
ss,1.62,-40.0,-0.002,0.5,0.04,-1,5.0,10.0,lvt_base_3b,0.0,0.0,,SS | 1.62 V | -40 C | skew +4%,training_local,-2,1.0,True,0,unresolved,,109.74559235293475,True,0.9209374202939293,0.8272262812403598,abb519d778d053694fff934e
ss,1.62,-40.0,0.002,0.5,0.04,-1,5.0,10.0,lvt_base_3b,0.0,0.0,,SS | 1.62 V | -40 C | skew +4%,training_local,2,1.0,True,1,correct,0.9446934825059005,105.40780093964888,True,1.4806969566344523,0.2467414247377101,5364d2dd98a8f9be1598f3ec
ss,1.62,-40.0,0.006,0.5,0.04,-1,5.0,10.0,lvt_base_3b,0.0,0.0,,SS | 1.62 V | -40 C | skew +4%,training_local,6,1.0,True,1,correct,0.8246996765515681,103.70746715966592,True,1.6009825923417043,0.17727733004612276,2153d2f5b7b115fb632e3603
ss,1.62,-40.0,0.018,0.5,0.04,-1,5.0,10.0,lvt_base_3b,0.0,0.0,,SS | 1.62 V | -40 C | skew +4%,training_local,18,1.0,True,1,correct,0.7147061599656486,100.98636016920219,True,1.614847739174139,0.10408784536012151,10e5fda84e722f716315360a
ff,1.95,125.0,-0.018,0.5,0.04,-5,5.0,10.0,lvt_base_3b,0.0,0.0,,FF | 1.95 V | 125 C | skew +4%,training_local,-18,1.0,True,-1,correct,0.16855890603789875,215.2475476505077,True,0.0011101844422544414,1.9500010614574597,cc370160570c06f1fae3577f
ff,1.95,125.0,-0.006,0.5,0.04,-5,5.0,10.0,lvt_base_3b,0.0,0.0,,FF | 1.95 V | 125 C | skew +4%,training_local,-6,1.0,True,-1,correct,0.18899736875832968,221.7946568855104,True,0.0011191449043688804,1.950001565147337,6087dcc408075060ac81c0ea
ff,1.95,125.0,-0.002,0.5,0.04,-5,5.0,10.0,lvt_base_3b,0.0,0.0,,FF | 1.95 V | 125 C | skew +4%,training_local,-2,1.0,True,-1,correct,0.2094808724382707,226.92295111506476,True,0.0011229432242489967,1.950002074896393,ca6ce341cf23144da48d96cb
ff,1.95,125.0,0.002,0.5,0.04,-5,5.0,10.0,lvt_base_3b,0.0,0.0,,FF | 1.95 V | 125 C | skew +4%,training_local,2,1.0,True,1,correct,0.25779050083218913,239.46767008370162,True,1.9499952206520332,0.0012854959811652942,4bb207a6c82d77c967e39342
ff,1.95,125.0,0.006,0.5,0.04,-5,5.0,10.0,lvt_base_3b,0.0,0.0,,FF | 1.95 V | 125 C | skew +4%,training_local,6,1.0,True,1,correct,0.20520441837041067,224.59485377782204,True,1.949994427086591,0.001255446443058631,989143b86cc65dd20044e205
ff,1.95,125.0,0.018,0.5,0.04,-5,5.0,10.0,lvt_base_3b,0.0,0.0,,FF | 1.95 V | 125 C | skew +4%,training_local,18,1.0,True,1,correct,0.1781380149189081,215.95515054201383,True,1.94999803547834,0.0012280805365870735,04df46926a02201732572259
tt,1.8,27.0,-0.018,0.5,0.04,4,5.0,10.0,lvt_fine_3b,0.0,0.0,,TT | 1.80 V | 27 C | skew +4%,training_local,-18,1.0,True,-1,correct,0.2663805544550908,189.24528283985734,True,0.012138778628811084,1.7997868445664982,6d507fffcd0c1c9fa6a08112
tt,1.8,27.0,-0.006,0.5,0.04,4,5.0,10.0,lvt_fine_3b,0.0,0.0,,TT | 1.80 V | 27 C | skew +4%,training_local,-6,1.0,True,1,wrong,0.3105346642481894,193.05048619369393,True,1.7999154411123077,0.004226707748587981,d5365f6395954693a9f93b2e
tt,1.8,27.0,-0.002,0.5,0.04,4,5.0,10.0,lvt_fine_3b,0.0,0.0,,TT | 1.80 V | 27 C | skew +4%,training_local,-2,1.0,True,1,wrong,0.27785992410092053,190.67571979580947,True,1.7999181392419747,0.0040814697350935155,bc7ff80a551358677c7fa865
tt,1.8,27.0,0.002,0.5,0.04,4,5.0,10.0,lvt_fine_3b,0.0,0.0,,TT | 1.80 V | 27 C | skew +4%,training_local,2,1.0,True,1,correct,0.25620971550548877,189.33070850977967,True,1.7999198745673994,0.0039838938763559935,7e5fc03ff9334bd7fa8aa63b
tt,1.8,27.0,0.006,0.5,0.04,4,5.0,10.0,lvt_fine_3b,0.0,0.0,,TT | 1.80 V | 27 C | skew +4%,training_local,6,1.0,True,1,correct,0.24516307345571847,188.34110975015264,True,1.7999208456662539,0.0038999652853534076,94b7387baabdbef8f6996d59
tt,1.8,27.0,0.018,0.5,0.04,4,5.0,10.0,lvt_fine_3b,0.0,0.0,,TT | 1.80 V | 27 C | skew +4%,training_local,18,1.0,True,1,correct,0.2242075124206306,186.26731341168392,True,1.799924666560006,0.0036788875190313813,48c61369e280864133d066e2
ss,1.62,-40.0,-0.018,0.5,0.04,-3,5.0,10.0,lvt_fine_3b,0.0,0.0,,SS | 1.62 V | -40 C | skew +4%,training_local,-18,1.0,True,-1,correct,0.7069385550926901,122.72188206427009,True,0.10037501000667881,1.61434733268987,084a252f19759e4f3b06cb16
ss,1.62,-40.0,-0.006,0.5,0.04,-3,5.0,10.0,lvt_fine_3b,0.0,0.0,,SS | 1.62 V | -40 C | skew +4%,training_local,-6,1.0,True,-1,correct,0.82710446218609,125.37519659656222,True,0.16727081906732988,1.601494418783644,47462e16b85e9263bdc66d54
ss,1.62,-40.0,-0.002,0.5,0.04,-3,5.0,10.0,lvt_fine_3b,0.0,0.0,,SS | 1.62 V | -40 C | skew +4%,training_local,-2,1.0,True,-1,correct,0.9604078934594292,127.11167970612597,True,0.22951204219667096,1.4342587948185617,d038135b01f8c8e0472f3799
ss,1.62,-40.0,0.002,0.5,0.04,-3,5.0,10.0,lvt_fine_3b,0.0,0.0,,SS | 1.62 V | -40 C | skew +4%,training_local,2,1.0,True,0,unresolved,,129.44006682189428,True,0.9871070682020503,0.7245883070788853,7110debd3c199a160cc6f001
ss,1.62,-40.0,0.006,0.5,0.04,-3,5.0,10.0,lvt_fine_3b,0.0,0.0,,SS | 1.62 V | -40 C | skew +4%,training_local,6,1.0,True,1,correct,0.8872350959816894,125.6329013668815,True,1.5697638938610594,0.21965634814552626,5de24873c282355f202e264e
ss,1.62,-40.0,0.018,0.5,0.04,-3,5.0,10.0,lvt_fine_3b,0.0,0.0,,SS | 1.62 V | -40 C | skew +4%,training_local,18,1.0,True,1,correct,0.7273242597246384,122.46447058654172,True,1.6135716514751175,0.13412534284512498,109815683aa952b53a4493b6
ff,1.95,125.0,-0.018,0.5,0.04,2,5.0,10.0,lvt_fine_3b,0.0,0.0,,FF | 1.95 V | 125 C | skew +4%,training_local,-18,1.0,True,-1,correct,0.18291577882843002,264.0759495193605,True,0.008840220046324457,1.9498931242885535,eabd7df144d7cf8bfb75b341
ff,1.95,125.0,-0.006,0.5,0.04,2,5.0,10.0,lvt_fine_3b,0.0,0.0,,FF | 1.95 V | 125 C | skew +4%,training_local,-6,1.0,True,-1,correct,0.199831733779991,269.9155898153918,True,0.009274230193208322,1.9498900676385935,fe19eb1157d2f06d778cecf3
ff,1.95,125.0,-0.002,0.5,0.04,2,5.0,10.0,lvt_fine_3b,0.0,0.0,,FF | 1.95 V | 125 C | skew +4%,training_local,-2,1.0,True,-1,correct,0.21269113600048095,274.4610688727667,True,0.009519774488624606,1.9498875471954946,3118fba45c1a30e510ced76a
ff,1.95,125.0,0.002,0.5,0.04,2,5.0,10.0,lvt_fine_3b,0.0,0.0,,FF | 1.95 V | 125 C | skew +4%,training_local,2,1.0,True,1,correct,0.3113300342264586,300.88430970228205,True,1.949917894856322,0.006844602476436396,f8d56ecca43ede195dd737fe
ff,1.95,125.0,0.006,0.5,0.04,2,5.0,10.0,lvt_fine_3b,0.0,0.0,,FF | 1.95 V | 125 C | skew +4%,training_local,6,1.0,True,1,correct,0.21168180549876914,274.7383066524665,True,1.9499283473368467,0.006083769096622737,bb86449223244c4e616d4ef1
ff,1.95,125.0,0.018,0.5,0.04,2,5.0,10.0,lvt_fine_3b,0.0,0.0,,FF | 1.95 V | 125 C | skew +4%,training_local,18,1.0,True,1,correct,0.17966443484505065,265.9411218108251,True,1.9499317963841793,0.00576096373756952,cd15dda7ee5fc8142f1db50f
tt,1.8,27.0,-0.018,0.5,0.04,-4,5.0,10.0,lvt_balanced_4b,0.0,0.0,,TT | 1.80 V | 27 C | skew +4%,training_local,-18,1.0,True,-1,correct,0.2005280579339613,243.2336755311422,True,0.00031884059543204826,1.7999851016107253,29fa6b14b63cf0785a7ee33a
tt,1.8,27.0,-0.006,0.5,0.04,-4,5.0,10.0,lvt_balanced_4b,0.0,0.0,,TT | 1.80 V | 27 C | skew +4%,training_local,-6,1.0,True,-1,correct,0.23974806145280933,246.62508118665073,True,0.0003641617543685829,1.7999834486388917,535741d8b83031c54774515d
tt,1.8,27.0,-0.002,0.5,0.04,-4,5.0,10.0,lvt_balanced_4b,0.0,0.0,,TT | 1.80 V | 27 C | skew +4%,training_local,-2,1.0,True,-1,correct,0.27927812449805867,249.2060179409614,True,0.0003988515016984424,1.7999819722878192,c269d3ec26477e61d11fd30a
tt,1.8,27.0,0.002,0.5,0.04,-4,5.0,10.0,lvt_balanced_4b,0.0,0.0,,TT | 1.80 V | 27 C | skew +4%,training_local,2,1.0,True,1,correct,0.30562597873311975,250.28529239641526,True,1.7999627004251446,0.0008785390736827667,bb6c9a40e41d49726ba0d1ff
tt,1.8,27.0,0.006,0.5,0.04,-4,5.0,10.0,lvt_balanced_4b,0.0,0.0,,TT | 1.80 V | 27 C | skew +4%,training_local,6,1.0,True,1,correct,0.24596591163176917,246.853529564266,True,1.7999661648495195,0.0007823680499539453,c0abea37d44cbb7d01296024
tt,1.8,27.0,0.018,0.5,0.04,-4,5.0,10.0,lvt_balanced_4b,0.0,0.0,,TT | 1.80 V | 27 C | skew +4%,training_local,18,1.0,True,1,correct,0.2041009160481282,243.15781991081954,True,1.7999717760351763,0.0006649101728266363,7018fe89b39f5dec185834fa
ss,1.62,-40.0,-0.018,0.5,0.04,-2,5.0,10.0,lvt_balanced_4b,0.0,0.0,,SS | 1.62 V | -40 C | skew +4%,training_local,-18,1.0,True,-1,correct,0.47331639739720865,163.77684165141764,True,0.05499167084623229,1.618413525122235,b0c412d90bd287e313fd1aa2
ss,1.62,-40.0,-0.006,0.5,0.04,-2,5.0,10.0,lvt_balanced_4b,0.0,0.0,,SS | 1.62 V | -40 C | skew +4%,training_local,-6,1.0,True,-1,correct,0.5416930574204997,166.06410509453278,True,0.06881738820309838,1.6186515541624589,976867ec79d9616efa75876d
ss,1.62,-40.0,-0.002,0.5,0.04,-2,5.0,10.0,lvt_balanced_4b,0.0,0.0,,SS | 1.62 V | -40 C | skew +4%,training_local,-2,1.0,True,-1,correct,0.6155000278268684,167.7446072682288,True,0.07466091312964028,1.6185255204661775,d646c3bf2c7faf58c6c3674b
ss,1.62,-40.0,0.002,0.5,0.04,-2,5.0,10.0,lvt_balanced_4b,0.0,0.0,,SS | 1.62 V | -40 C | skew +4%,training_local,2,1.0,True,0,unresolved,,173.17273770402318,True,0.9142125311902947,0.7697154517178352,b241d6b9727f25e09788c41f
ss,1.62,-40.0,0.006,0.5,0.04,-2,5.0,10.0,lvt_balanced_4b,0.0,0.0,,SS | 1.62 V | -40 C | skew +4%,training_local,6,1.0,True,1,correct,0.6103992340496112,167.3624718485267,True,1.6186936067003208,0.08261409564488885,42f78b14ea43b2299304a752
ss,1.62,-40.0,0.018,0.5,0.04,-2,5.0,10.0,lvt_balanced_4b,0.0,0.0,,SS | 1.62 V | -40 C | skew +4%,training_local,18,1.0,True,1,correct,0.4849570196899991,164.08647205422866,True,1.6185153984707585,0.0676644435061684,dbf02b445d191939ae6077b5
ff,1.95,125.0,-0.018,0.5,0.04,-12,5.0,10.0,lvt_balanced_4b,0.0,0.0,,FF | 1.95 V | 125 C | skew +4%,training_local,-18,1.0,True,-1,correct,0.16266175571694969,351.09532317690497,True,0.0008645041541747819,1.9499999275546105,1b2e6d56a543bd1e7ff0e3ec
ff,1.95,125.0,-0.006,0.5,0.04,-12,5.0,10.0,lvt_balanced_4b,0.0,0.0,,FF | 1.95 V | 125 C | skew +4%,training_local,-6,1.0,True,-1,correct,0.18820632257737802,358.47208605592004,True,0.000867278100534834,1.9499988555516072,da21102dd06e42d35f357f10
ff,1.95,125.0,-0.002,0.5,0.04,-12,5.0,10.0,lvt_balanced_4b,0.0,0.0,,FF | 1.95 V | 125 C | skew +4%,training_local,-2,1.0,True,-1,correct,0.20839743145432885,366.0715778294619,True,0.00087056465337543,1.9499962529275956,7612b3ba723f551e3f600caf
ff,1.95,125.0,0.002,0.5,0.04,-12,5.0,10.0,lvt_balanced_4b,0.0,0.0,,FF | 1.95 V | 125 C | skew +4%,training_local,2,1.0,True,1,correct,0.21079399180020975,363.9029460908924,True,1.949991515508968,0.001142590357198617,7a5d6a7bb40b45d152e07735
ff,1.95,125.0,0.006,0.5,0.04,-12,5.0,10.0,lvt_balanced_4b,0.0,0.0,,FF | 1.95 V | 125 C | skew +4%,training_local,6,1.0,True,1,correct,0.1881729072557391,357.125837284374,True,1.9499913431627534,0.0011204366632372208,b003a8342455bb378f447535
ff,1.95,125.0,0.018,0.5,0.04,-12,5.0,10.0,lvt_balanced_4b,0.0,0.0,,FF | 1.95 V | 125 C | skew +4%,training_local,18,1.0,True,1,correct,0.16089919372308042,350.361984254278,True,1.9499931338313459,0.001086424247139692,815c5be78245c739d7f523a0
tt,1.8,27.0,-0.018,0.5,0.04,3,5.0,10.0,lvt_fine_4b,0.0,0.0,,TT | 1.80 V | 27 C | skew +4%,training_local,-18,1.0,True,-1,correct,0.22007957951564988,319.91300915556644,True,0.017748135140049942,1.7997189752890321,3ec56a377a3c0b3fb7867957
tt,1.8,27.0,-0.006,0.5,0.04,3,5.0,10.0,lvt_fine_4b,0.0,0.0,,TT | 1.80 V | 27 C | skew +4%,training_local,-6,1.0,True,-1,correct,0.26161875922394995,323.5699947483157,True,0.01873242997069683,1.7997091423494835,12f3f73645cd00c17cd443bd
tt,1.8,27.0,-0.002,0.5,0.04,3,5.0,10.0,lvt_fine_4b,0.0,0.0,,TT | 1.80 V | 27 C | skew +4%,training_local,-2,1.0,True,-1,correct,0.32809792210838823,327.7230990846076,True,0.019254614692997742,1.7997038781472658,f15d53e0c93f1836c2d7cb9e
tt,1.8,27.0,0.002,0.5,0.04,3,5.0,10.0,lvt_fine_4b,0.0,0.0,,TT | 1.80 V | 27 C | skew +4%,training_local,2,1.0,True,1,correct,0.2856331562330786,325.5218459384838,True,1.799792400071806,0.012140262326808622,65b1215765360cea140aa417
tt,1.8,27.0,0.006,0.5,0.04,3,5.0,10.0,lvt_fine_4b,0.0,0.0,,TT | 1.80 V | 27 C | skew +4%,training_local,6,1.0,True,1,correct,0.25069616923055127,323.25701506592077,True,1.7997953751130007,0.011873036936466545,1cba9e844073d25c32ce157f
tt,1.8,27.0,0.018,0.5,0.04,3,5.0,10.0,lvt_fine_4b,0.0,0.0,,TT | 1.80 V | 27 C | skew +4%,training_local,18,1.0,True,1,correct,0.21215358448024033,320.22642323493886,True,1.7998044249423166,0.011253192390607155,24f8811302efd6dad12c7e39
ss,1.62,-40.0,-0.018,0.5,0.04,-4,5.0,10.0,lvt_fine_4b,0.0,0.0,,SS | 1.62 V | -40 C | skew +4%,training_local,-18,1.0,True,-1,correct,0.48573564900577965,210.72857678808327,True,0.056495785380171415,1.6191883913884308,82df770621f8ae7a7e3d121b
ss,1.62,-40.0,-0.006,0.5,0.04,-4,5.0,10.0,lvt_fine_4b,0.0,0.0,,SS | 1.62 V | -40 C | skew +4%,training_local,-6,1.0,True,-1,correct,0.5877074368618691,213.3823613597428,True,0.06515972982520044,1.6183921212691463,12aaf782fc1e5e58ee694fc5
ss,1.62,-40.0,-0.002,0.5,0.04,-4,5.0,10.0,lvt_fine_4b,0.0,0.0,,SS | 1.62 V | -40 C | skew +4%,training_local,-2,1.0,True,-1,correct,0.7581174005864911,215.74654792536822,True,0.08224950478310472,1.6157320654456497,9f9d3d5d56e1e75841cb54db
ss,1.62,-40.0,0.002,0.5,0.04,-4,5.0,10.0,lvt_fine_4b,0.0,0.0,,SS | 1.62 V | -40 C | skew +4%,training_local,2,1.0,True,1,correct,0.6881267144352893,214.3994210367831,True,1.6167440068995629,0.09577309184931784,d349e6b313037e203f231e18
ss,1.62,-40.0,0.006,0.5,0.04,-4,5.0,10.0,lvt_fine_4b,0.0,0.0,,SS | 1.62 V | -40 C | skew +4%,training_local,6,1.0,True,1,correct,0.5784106583322892,212.48461402107517,True,1.617929857613639,0.08388241662028288,779bd8cc899fb6a56b4a4654
ss,1.62,-40.0,0.018,0.5,0.04,-4,5.0,10.0,lvt_fine_4b,0.0,0.0,,SS | 1.62 V | -40 C | skew +4%,training_local,18,1.0,True,1,correct,0.5046074687246509,210.3759451902392,True,1.6188832927424468,0.07248722135780289,335d347a623fb4441d398c11
ff,1.95,125.0,-0.018,0.5,0.04,1,5.0,10.0,lvt_fine_4b,0.0,0.0,,FF | 1.95 V | 125 C | skew +4%,training_local,-18,1.0,True,-1,correct,0.17930512754502917,449.32613193542585,True,0.0143597944433765,1.949837476002918,dfd638a16698e546abd927f1
ff,1.95,125.0,-0.006,0.5,0.04,1,5.0,10.0,lvt_fine_4b,0.0,0.0,,FF | 1.95 V | 125 C | skew +4%,training_local,-6,1.0,True,-1,correct,0.22751884817340995,462.8018454300044,True,0.015170061721400244,1.9498313648302525,b6ec72cdda5b35b2723f368e
ff,1.95,125.0,-0.002,0.5,0.04,1,5.0,10.0,lvt_fine_4b,0.0,0.0,,FF | 1.95 V | 125 C | skew +4%,training_local,-2,1.0,True,1,wrong,0.21048114438575005,459.7112615547761,True,1.9498587650102595,0.012710824847663418,d06c08a4cbf1cd016497faef
ff,1.95,125.0,0.002,0.5,0.04,1,5.0,10.0,lvt_fine_4b,0.0,0.0,,FF | 1.95 V | 125 C | skew +4%,training_local,2,1.0,True,1,correct,0.1898802512795188,453.93720346235716,True,1.949861863949497,0.012445377773056904,bcf31a98429589266e824ec5
ff,1.95,125.0,0.006,0.5,0.04,1,5.0,10.0,lvt_fine_4b,0.0,0.0,,FF | 1.95 V | 125 C | skew +4%,training_local,6,1.0,True,1,correct,0.1830138917502384,451.09672414250196,True,1.9498596452452712,0.012270126420821528,73dc7925f750d1a457e6555f
ff,1.95,125.0,0.018,0.5,0.04,1,5.0,10.0,lvt_fine_4b,0.0,0.0,,FF | 1.95 V | 125 C | skew +4%,training_local,18,1.0,True,1,correct,0.1676604284133988,446.7408267490967,True,1.949860834484971,0.011881040395329742,958de64b2fcad0bc76917b53
tt,1.8,27.0,-0.018,0.5,0.04,-6,5.0,10.0,lvt_fast_4b,0.0,0.0,,TT | 1.80 V | 27 C | skew +4%,training_local,-18,1.0,True,-1,correct,0.1675673378919507,278.90941921339476,True,4.510647409011085e-05,1.7999978884099674,2b58d3b8b95bbd235cc76a93
tt,1.8,27.0,-0.006,0.5,0.04,-6,5.0,10.0,lvt_fast_4b,0.0,0.0,,TT | 1.80 V | 27 C | skew +4%,training_local,-6,1.0,True,-1,correct,0.2070080550954093,283.9333775836763,True,4.963777362529362e-05,1.7999956944024784,df5aa51ca80545ef2d4f49c5
tt,1.8,27.0,-0.002,0.5,0.04,-6,5.0,10.0,lvt_fast_4b,0.0,0.0,,TT | 1.80 V | 27 C | skew +4%,training_local,-2,1.0,True,-1,correct,0.25463592474455815,289.0542993093956,True,5.6462464305966554e-05,1.7999960782365718,56ec9a5bf529cc0bb6fc1190
tt,1.8,27.0,0.002,0.5,0.04,-6,5.0,10.0,lvt_fast_4b,0.0,0.0,,TT | 1.80 V | 27 C | skew +4%,training_local,2,1.0,True,1,correct,0.23383660218707034,286.41099608925674,True,1.79998884943573,0.00018450310425181533,b0185fb846c0aa9901fced2b
tt,1.8,27.0,0.006,0.5,0.04,-6,5.0,10.0,lvt_fast_4b,0.0,0.0,,TT | 1.80 V | 27 C | skew +4%,training_local,6,1.0,True,1,correct,0.19850724796355074,282.72528781031923,True,1.799989790279409,0.0001685471796944609,4e6fb0bb967c51022d0aab50
tt,1.8,27.0,0.018,0.5,0.04,-6,5.0,10.0,lvt_fast_4b,0.0,0.0,,TT | 1.80 V | 27 C | skew +4%,training_local,18,1.0,True,1,correct,0.1641664245772904,278.0576174498025,True,1.7999917013492364,0.00014246931268702996,60a63bf30f162b1cd86767c2
ss,1.62,-40.0,-0.018,0.5,0.04,-3,5.0,10.0,lvt_fast_4b,0.0,0.0,,SS | 1.62 V | -40 C | skew +4%,training_local,-18,1.0,True,-1,correct,0.40001681805346073,191.63083238818962,True,0.01690946275748025,1.6190396654276205,e240a857c7bb868c9692b7b8
ss,1.62,-40.0,-0.006,0.5,0.04,-3,5.0,10.0,lvt_fast_4b,0.0,0.0,,SS | 1.62 V | -40 C | skew +4%,training_local,-6,1.0,True,-1,correct,0.4790820809548896,195.57258191198116,True,0.025258111752525975,1.6187600773272122,50a7d748be0cc9b02fd8a3f7
ss,1.62,-40.0,-0.002,0.5,0.04,-3,5.0,10.0,lvt_fast_4b,0.0,0.0,,SS | 1.62 V | -40 C | skew +4%,training_local,-2,1.0,True,-1,correct,0.6214648405592283,198.6980835541248,True,0.029482685912589346,1.6185922436132818,4777f275b4f8dc66d189d96d
ss,1.62,-40.0,0.002,0.5,0.04,-3,5.0,10.0,lvt_fast_4b,0.0,0.0,,SS | 1.62 V | -40 C | skew +4%,training_local,2,1.0,True,1,correct,0.6188811975066284,198.6183589252158,True,1.6184998692134127,0.037483430557255414,a7d227b671502413ecdac798
ss,1.62,-40.0,0.006,0.5,0.04,-3,5.0,10.0,lvt_fast_4b,0.0,0.0,,SS | 1.62 V | -40 C | skew +4%,training_local,6,1.0,True,1,correct,0.47598222967112874,195.31228042634842,True,1.6186437947160937,0.032700272223701615,ec13cf6c0158b0d30194928d
ss,1.62,-40.0,0.018,0.5,0.04,-3,5.0,10.0,lvt_fast_4b,0.0,0.0,,SS | 1.62 V | -40 C | skew +4%,training_local,18,1.0,True,1,correct,0.39790773127234064,191.4354866331774,True,1.618877732197792,0.022670930917250195,49265237ac4e6ec32698c7e3
ff,1.95,125.0,-0.018,0.5,0.04,-15,5.0,10.0,lvt_fast_4b,0.0,0.0,,FF | 1.95 V | 125 C | skew +4%,training_local,-18,1.0,True,-1,correct,0.1303895588490486,399.48574073213393,True,0.000756395688553219,1.950002076586729,cd469dbb4e96f50cc834508c
ff,1.95,125.0,-0.006,0.5,0.04,-15,5.0,10.0,lvt_fast_4b,0.0,0.0,,FF | 1.95 V | 125 C | skew +4%,training_local,-6,1.0,True,-1,correct,0.16280049039118924,415.1107232180766,True,0.0007639430431179221,1.9499990571135837,90f5bb9b6dce1ef03fdde096
ff,1.95,125.0,-0.002,0.5,0.04,-15,5.0,10.0,lvt_fast_4b,0.0,0.0,,FF | 1.95 V | 125 C | skew +4%,training_local,-2,1.0,True,1,wrong,0.17810541741193073,420.7851697697762,True,1.9499948879327365,0.0008876280903396798,c608bec111bc83373bd6cfe3
ff,1.95,125.0,0.002,0.5,0.04,-15,5.0,10.0,lvt_fast_4b,0.0,0.0,,FF | 1.95 V | 125 C | skew +4%,training_local,2,1.0,True,1,correct,0.15243603718896864,407.3646458552303,True,1.949997911448826,0.0008779313619867388,fb28aa19340ec00497eca67a
ff,1.95,125.0,0.006,0.5,0.04,-15,5.0,10.0,lvt_fast_4b,0.0,0.0,,FF | 1.95 V | 125 C | skew +4%,training_local,6,1.0,True,1,correct,0.14194063303545934,402.2959466652619,True,1.9499979912272887,0.0008724654648902071,36aacb427a149404104a0a5c
ff,1.95,125.0,0.018,0.5,0.04,-15,5.0,10.0,lvt_fast_4b,0.0,0.0,,FF | 1.95 V | 125 C | skew +4%,training_local,18,1.0,True,1,correct,0.1283709570065386,394.9984351418734,True,1.9499952722037193,0.0008607610835070169,1de0752d78b062d1d45921a9
tt,1.8,27.0,-0.018,0.5,0.04,4,5.0,10.0,lvt_fast_fine_4b,0.0,0.0,,TT | 1.80 V | 27 C | skew +4%,training_local,-18,1.0,True,-1,correct,0.18269934209142047,353.7048854247675,True,0.009086215617705725,1.7998054672862291,b00dbebb5b1299772908cf92
tt,1.8,27.0,-0.006,0.5,0.04,4,5.0,10.0,lvt_fast_fine_4b,0.0,0.0,,TT | 1.80 V | 27 C | skew +4%,training_local,-6,1.0,True,-1,correct,0.21012426430990097,358.19039309280123,True,0.009639590053577778,1.7997976448583408,62434a48c9a19b589afe8eab
tt,1.8,27.0,-0.002,0.5,0.04,4,5.0,10.0,lvt_fast_fine_4b,0.0,0.0,,TT | 1.80 V | 27 C | skew +4%,training_local,-2,1.0,True,-1,correct,0.24385119883339834,362.07010332215594,True,0.009854919965842203,1.7997943500185565,0da57ed13d031c6efb13e6a8
tt,1.8,27.0,0.002,0.5,0.04,4,5.0,10.0,lvt_fast_fine_4b,0.0,0.0,,TT | 1.80 V | 27 C | skew +4%,training_local,2,1.0,True,1,correct,0.25891136026495065,363.87206696272165,True,1.7998722801584723,0.005519505730704015,d8c94dba61fa13d822781a60
tt,1.8,27.0,0.006,0.5,0.04,4,5.0,10.0,lvt_fast_fine_4b,0.0,0.0,,TT | 1.80 V | 27 C | skew +4%,training_local,6,1.0,True,1,correct,0.21986804288443995,359.50430004164036,True,1.799874470841905,0.005367050588861753,ec951343cb0a0515b2a89afc
tt,1.8,27.0,0.018,0.5,0.04,4,5.0,10.0,lvt_fast_fine_4b,0.0,0.0,,TT | 1.80 V | 27 C | skew +4%,training_local,18,1.0,True,1,correct,0.1775184730762905,354.99279669568415,True,1.799880997413767,0.005077158137422152,da8486532d461c6328e991bb
ss,1.62,-40.0,-0.018,0.5,0.04,-8,5.0,10.0,lvt_fast_fine_4b,0.0,0.0,,SS | 1.62 V | -40 C | skew +4%,training_local,-18,1.0,True,-1,correct,0.3849672885087186,240.68112279564625,True,0.01729699012200497,1.6197644306469725,6aff03abf2c21e8db7a00282
ss,1.62,-40.0,-0.006,0.5,0.04,-8,5.0,10.0,lvt_fast_fine_4b,0.0,0.0,,SS | 1.62 V | -40 C | skew +4%,training_local,-6,1.0,True,-1,correct,0.45841002307843987,244.01705959264027,True,0.01905854288162165,1.619748045294034,7e16b72c710e396e30a06cf8
ss,1.62,-40.0,-0.002,0.5,0.04,-8,5.0,10.0,lvt_fast_fine_4b,0.0,0.0,,SS | 1.62 V | -40 C | skew +4%,training_local,-2,1.0,True,-1,correct,0.5414109631913495,246.17078202188446,True,0.020056252505445682,1.6196615212283167,85b54ec56d26926c69aea367
ss,1.62,-40.0,0.002,0.5,0.04,-8,5.0,10.0,lvt_fast_fine_4b,0.0,0.0,,SS | 1.62 V | -40 C | skew +4%,training_local,2,1.0,True,0,unresolved,,251.17859271044682,True,1.2095001791038684,0.2368774717262524,1e425681d53e8348054dcca5
ss,1.62,-40.0,0.006,0.5,0.04,-8,5.0,10.0,lvt_fast_fine_4b,0.0,0.0,,SS | 1.62 V | -40 C | skew +4%,training_local,6,1.0,True,1,correct,0.4981532969763701,244.13720160312627,True,1.6195936998587526,0.04557786356741763,a2fc1ef343b4107db61cb9b2
ss,1.62,-40.0,0.018,0.5,0.04,-8,5.0,10.0,lvt_fast_fine_4b,0.0,0.0,,SS | 1.62 V | -40 C | skew +4%,training_local,18,1.0,True,1,correct,0.4130512577962194,240.2312541255007,True,1.619637539030979,0.04215950305456874,8d8db2621e951783a9a384d3
ff,1.95,125.0,-0.018,0.5,0.04,2,5.0,10.0,lvt_fast_fine_4b,0.0,0.0,,FF | 1.95 V | 125 C | skew +4%,training_local,-18,1.0,True,-1,correct,0.1340619761766289,489.2107524718134,True,0.007914800644100422,1.9498898573291628,996b366b6ba3c0d14a2b98eb
ff,1.95,125.0,-0.006,0.5,0.04,2,5.0,10.0,lvt_fast_fine_4b,0.0,0.0,,FF | 1.95 V | 125 C | skew +4%,training_local,-6,1.0,True,-1,correct,0.14857974538863128,495.69489789471515,True,0.00820525459147226,1.9498852726970126,c3c799187a2b3e02899faade
ff,1.95,125.0,-0.002,0.5,0.04,2,5.0,10.0,lvt_fast_fine_4b,0.0,0.0,,FF | 1.95 V | 125 C | skew +4%,training_local,-2,1.0,True,-1,correct,0.15469259136052038,500.2651879277083,True,0.00833958597423075,1.9498839672619208,f7b1434250007ca57377d819
ff,1.95,125.0,0.002,0.5,0.04,2,5.0,10.0,lvt_fast_fine_4b,0.0,0.0,,FF | 1.95 V | 125 C | skew +4%,training_local,2,1.0,True,-1,wrong,0.17964933535436906,512.1335916011325,True,0.008588663922733759,1.9498814408388838,cd6fd5b7171920191391978d
ff,1.95,125.0,0.006,0.5,0.04,2,5.0,10.0,lvt_fast_fine_4b,0.0,0.0,,FF | 1.95 V | 125 C | skew +4%,training_local,6,1.0,True,1,correct,0.16836727540890128,507.07061567167676,True,1.949909956222202,0.006435443986602027,343593898c1f778f01756e8a
ff,1.95,125.0,0.018,0.5,0.04,2,5.0,10.0,lvt_fast_fine_4b,0.0,0.0,,FF | 1.95 V | 125 C | skew +4%,training_local,18,1.0,True,1,correct,0.13843546440954085,492.96988504107014,True,1.9499145807509068,0.00613731298237937,a28b8a1b86aef607a88f2e48
tt,1.8,27.0,-0.018,0.5,0.04,-19,5.0,10.0,lvt_wide_5b,0.0,0.0,,TT | 1.80 V | 27 C | skew +4%,training_local,-18,1.0,True,-1,correct,0.15044611201416935,484.94896764666777,True,5.788750961899171e-05,1.799996729929263,2ad9b1c461f0520fd630e870
tt,1.8,27.0,-0.006,0.5,0.04,-19,5.0,10.0,lvt_wide_5b,0.0,0.0,,TT | 1.80 V | 27 C | skew +4%,training_local,-6,1.0,True,-1,correct,0.18859428051797814,489.8625701098772,True,5.7537672217090485e-05,1.7999987524194119,beedeee904c350f9c2da323e
tt,1.8,27.0,-0.002,0.5,0.04,-19,5.0,10.0,lvt_wide_5b,0.0,0.0,,TT | 1.80 V | 27 C | skew +4%,training_local,-2,1.0,True,-1,correct,0.22592456294465837,494.27733691045535,True,5.855394364381137e-05,1.7999993922449082,c2d26ef166006874e29d610a
tt,1.8,27.0,0.002,0.5,0.04,-19,5.0,10.0,lvt_wide_5b,0.0,0.0,,TT | 1.80 V | 27 C | skew +4%,training_local,2,1.0,True,1,correct,0.21294771583765812,492.62407940656846,True,1.7999868211445686,0.00024219360523177825,22b23acc6f6da3d1a8ad593b
tt,1.8,27.0,0.006,0.5,0.04,-19,5.0,10.0,lvt_wide_5b,0.0,0.0,,TT | 1.80 V | 27 C | skew +4%,training_local,6,1.0,True,1,correct,0.17989596127062837,488.5819415418653,True,1.799986880355606,0.00022608217333182134,736e12e3a8cde0624be3f47b
tt,1.8,27.0,0.018,0.5,0.04,-19,5.0,10.0,lvt_wide_5b,0.0,0.0,,TT | 1.80 V | 27 C | skew +4%,training_local,18,1.0,True,1,correct,0.14867931218545127,483.9233331390059,True,1.7999889587132607,0.00019649219071854045,5717640fa3ca3f0472eeed72
ss,1.62,-40.0,-0.018,0.5,0.04,-6,5.0,10.0,lvt_wide_5b,0.0,0.0,,SS | 1.62 V | -40 C | skew +4%,training_local,-18,1.0,True,-1,correct,0.2798563802318297,324.52382824815083,True,0.006789923647594058,1.619578679583406,d3eb208392a8988f17fd32dd
ss,1.62,-40.0,-0.006,0.5,0.04,-6,5.0,10.0,lvt_wide_5b,0.0,0.0,,SS | 1.62 V | -40 C | skew +4%,training_local,-6,1.0,True,-1,correct,0.3231083739146183,327.50258561126094,True,0.009034953709927554,1.6194538031437489,0fd2ccc30ff6dad5fc24ac18
ss,1.62,-40.0,-0.002,0.5,0.04,-6,5.0,10.0,lvt_wide_5b,0.0,0.0,,SS | 1.62 V | -40 C | skew +4%,training_local,-2,1.0,True,-1,correct,0.4082951423516499,330.25740846390426,True,0.010106019078267206,1.6193995559519956,5ed8891920a1ebcd90fe5c95
ss,1.62,-40.0,0.002,0.5,0.04,-6,5.0,10.0,lvt_wide_5b,0.0,0.0,,SS | 1.62 V | -40 C | skew +4%,training_local,2,1.0,True,1,correct,0.44630632332091097,331.00076671473226,True,1.6191371635081924,0.016925234821995715,818636851d6dd9c382c02a6a
ss,1.62,-40.0,0.006,0.5,0.04,-6,5.0,10.0,lvt_wide_5b,0.0,0.0,,SS | 1.62 V | -40 C | skew +4%,training_local,6,1.0,True,1,correct,0.3399784120484893,327.49495272104946,True,1.6192108022551954,0.01504575745839611,86745512b02fd5593efe6002
ss,1.62,-40.0,0.018,0.5,0.04,-6,5.0,10.0,lvt_wide_5b,0.0,0.0,,SS | 1.62 V | -40 C | skew +4%,training_local,18,1.0,True,1,correct,0.2823455585132988,324.51773325174827,True,1.6193757244446285,0.01115492101172105,1da9a4c5d2353d64b3319496
ff,1.95,125.0,-0.018,0.5,0.04,24,5.0,10.0,lvt_wide_5b,0.0,0.0,,FF | 1.95 V | 125 C | skew +4%,training_local,-18,1.0,True,-1,correct,0.13574070754628972,671.68849881218,True,0.0008002805027719149,1.9499943406028257,6bbe05981276c7212422ce83
ff,1.95,125.0,-0.006,0.5,0.04,24,5.0,10.0,lvt_wide_5b,0.0,0.0,,FF | 1.95 V | 125 C | skew +4%,training_local,-6,1.0,True,1,wrong,0.16114398037165936,687.284704855826,True,1.9499981040647374,0.0006185722716689155,9388fe249f2c888d811a51d5
ff,1.95,125.0,-0.002,0.5,0.04,24,5.0,10.0,lvt_wide_5b,0.0,0.0,,FF | 1.95 V | 125 C | skew +4%,training_local,-2,1.0,True,1,wrong,0.14350452868897984,677.736196514098,True,1.9499980720083607,0.00061648869802942,9a856ccc554f4b4f6a0d6c2a
ff,1.95,125.0,0.002,0.5,0.04,24,5.0,10.0,lvt_wide_5b,0.0,0.0,,FF | 1.95 V | 125 C | skew +4%,training_local,2,1.0,True,1,correct,0.13527663269531928,673.3210024453927,True,1.9499976356515742,0.0006147101708762244,08636c52c6614c7174c101be
ff,1.95,125.0,0.006,0.5,0.04,24,5.0,10.0,lvt_wide_5b,0.0,0.0,,FF | 1.95 V | 125 C | skew +4%,training_local,6,1.0,True,1,correct,0.1306973196404482,670.3885938013788,True,1.949998147689074,0.000614506333545111,f99915436a01053307e89522
ff,1.95,125.0,0.018,0.5,0.04,24,5.0,10.0,lvt_wide_5b,0.0,0.0,,FF | 1.95 V | 125 C | skew +4%,training_local,18,1.0,True,1,correct,0.11801376586356892,665.1031455118213,True,1.9499973150709098,0.0006146535133551215,15cc107b92d437e1881e2661
