corner,vdd_v,temperature_c,signed_input_mv,deadline_ns,archived_outcome,fresh_control_outcome,fresh_control_numeric_qualified,archived_energy_fj,fresh_energy_fj,fresh_minus_archived_energy_fj,archived_latency_ns,fresh_latency_ns,fresh_minus_archived_latency_ns
tt,1.62,-40,-10,1,correct,correct,True,296.84547668626317,296.84547668628363,2.0463630789890885e-11,0.7637643901380289,0.7637643901382407,2.1183055309847987e-13
tt,1.62,-40,-10,2,correct,correct,True,296.84547668626317,296.84547668628363,2.0463630789890885e-11,0.7637643901380289,0.7637643901382407,2.1183055309847987e-13
tt,1.62,-40,-3,1,correct,correct,True,304.01778448152305,304.0177844813234,-1.9963408703915775e-10,0.9588123317603906,0.9588123317605594,1.687538997430238e-13
tt,1.62,-40,-3,2,correct,correct,True,304.01778448152305,304.0177844813234,-1.9963408703915775e-10,0.9588123317603906,0.9588123317605594,1.687538997430238e-13
tt,1.62,-40,3,1,correct,correct,True,303.3181623485655,303.31816234839107,-1.744524524838198e-10,0.9288176516055908,0.9288176516053592,-2.3159252293680765e-13
tt,1.62,-40,3,2,correct,correct,True,303.3181623485655,303.31816234839107,-1.744524524838198e-10,0.9288176516055908,0.9288176516053592,-2.3159252293680765e-13
tt,1.62,-40,10,1,correct,correct,True,296.4877202148524,296.48772021461804,-2.3436541596311145e-10,0.7587702882269781,0.758770288226998,1.9872992140790302e-14
tt,1.62,-40,10,2,correct,correct,True,296.4877202148524,296.48772021461804,-2.3436541596311145e-10,0.7587702882269781,0.758770288226998,1.9872992140790302e-14
tt,1.62,27,-10,1,correct,correct,True,320.3294287036472,320.32942870343,-2.1719870346714742e-10,0.722635624435748,0.7226356244356884,-5.96189764223709e-14
tt,1.62,27,-10,2,correct,correct,True,320.3294287036472,320.32942870343,-2.1719870346714742e-10,0.722635624435748,0.7226356244356884,-5.96189764223709e-14
tt,1.62,27,-3,1,correct,correct,True,327.4502881493483,327.4502881494836,1.3528733688872308e-10,0.9076393008106599,0.9076393008106997,3.9745984281580604e-14
tt,1.62,27,-3,2,correct,correct,True,327.4502881493483,327.4502881494836,1.3528733688872308e-10,0.9076393008106599,0.9076393008106997,3.9745984281580604e-14
tt,1.62,27,3,1,correct,correct,True,326.63774583415324,326.6377458336713,-4.819185051019304e-10,0.8826396714071104,0.8826396714070907,-1.9761969838327786e-14
tt,1.62,27,3,2,correct,correct,True,326.63774583415324,326.6377458336713,-4.819185051019304e-10,0.8826396714071104,0.8826396714070907,-1.9761969838327786e-14
tt,1.62,27,10,1,correct,correct,True,319.9202150981104,319.9202150982367,1.263060767087154e-10,0.7176359958024389,0.7176359958024587,1.9872992140790302e-14
tt,1.62,27,10,2,correct,correct,True,319.9202150981104,319.9202150982367,1.263060767087154e-10,0.7176359958024389,0.7176359958024587,1.9872992140790302e-14
tt,1.62,125,-10,1,correct,correct,True,352.33992467242797,352.33992467239955,-2.8421709430404007e-11,0.7206045672784688,0.7206045672786706,2.0183854587685346e-13
tt,1.62,125,-10,2,correct,correct,True,352.33992467242797,352.33992467239955,-2.8421709430404007e-11,0.7206045672784688,0.7206045672786706,2.0183854587685346e-13
tt,1.62,125,-3,1,correct,correct,True,360.39339226934436,360.39339226927365,-7.071321306284517e-11,0.8592010470461381,0.8592010470460785,-5.96189764223709e-14
tt,1.62,125,-3,2,correct,correct,True,360.39339226934436,360.39339226927365,-7.071321306284517e-11,0.8592010470461381,0.8592010470460785,-5.96189764223709e-14
tt,1.62,125,3,1,correct,correct,True,359.18213736788954,359.1821373683845,4.949356480210554e-10,0.8402130735712184,0.840213073570378,-8.404388296412435e-13
tt,1.62,125,3,2,correct,correct,True,359.18213736788954,359.1821373683845,4.949356480210554e-10,0.8402130735712184,0.840213073570378,-8.404388296412435e-13
tt,1.62,125,10,1,correct,correct,True,351.86121804193607,351.8612180420441,1.0800249583553523e-10,0.7156050607335207,0.7156050607334711,-4.96269692007445e-14
tt,1.62,125,10,2,correct,correct,True,351.86121804193607,351.8612180420441,1.0800249583553523e-10,0.7156050607335207,0.7156050607334711,-4.96269692007445e-14
tt,1.8,-40,-10,1,correct,correct,True,392.0140217789939,392.01402177866777,-3.261106940044556e-10,0.5091508889535802,0.5091508889535703,-9.880984919163893e-15
tt,1.8,-40,-10,2,correct,correct,True,392.0140217789939,392.01402177866777,-3.261106940044556e-10,0.5091508889535802,0.5091508889535703,-9.880984919163893e-15
tt,1.8,-40,-3,1,correct,correct,True,400.10065323827314,400.10065323817423,-9.890754881780595e-11,0.6641682035913296,0.6641682035913693,3.9745984281580604e-14
tt,1.8,-40,-3,2,correct,correct,True,400.10065323827314,400.10065323817423,-9.890754881780595e-11,0.6641682035913296,0.6641682035913693,3.9745984281580604e-14
tt,1.8,-40,3,1,correct,correct,True,398.9137863199545,398.91378632045365,4.991420610167552e-10,0.63917077218157,0.6391707721815005,-6.94999613415348e-14
tt,1.8,-40,3,2,correct,correct,True,398.9137863199545,398.91378632045365,4.991420610167552e-10,0.63917077218157,0.6391707721815005,-6.94999613415348e-14
tt,1.8,-40,10,1,correct,correct,True,391.4085693807003,391.4085693808544,1.5404566511278972e-10,0.5041538171077413,0.5041538171076287,-1.1257661469699087e-13
tt,1.8,-40,10,2,correct,correct,True,391.4085693807003,391.4085693808544,1.5404566511278972e-10,0.5041538171077413,0.5041538171076287,-1.1257661469699087e-13
tt,1.8,27,-10,1,correct,correct,True,417.7506429140066,417.7506429142636,2.5698909666971304e-10,0.5374425770080407,0.5374425770079811,-5.950795411990839e-14
tt,1.8,27,-10,2,correct,correct,True,417.7506429140066,417.7506429142636,2.5698909666971304e-10,0.5374425770080407,0.5374425770079811,-5.950795411990839e-14
tt,1.8,27,-3,1,correct,correct,True,426.1041409889316,426.10414098892716,-4.433786671143025e-12,0.6575256759601008,0.6575256759599785,-1.2234657731369225e-13
tt,1.8,27,-3,2,correct,correct,True,426.1041409889316,426.10414098892716,-4.433786671143025e-12,0.6575256759601008,0.6575256759599785,-1.2234657731369225e-13
tt,1.8,27,3,1,correct,correct,True,424.6158936557739,424.6158936558751,1.0118128557223827e-10,0.6326006718772189,0.6326006718772289,9.992007221626409e-15
tt,1.8,27,3,2,correct,correct,True,424.6158936557739,424.6158936558751,1.0118128557223827e-10,0.6326006718772189,0.6326006718772289,9.992007221626409e-15
tt,1.8,27,10,1,correct,correct,True,417.0935066033928,417.0935066038001,4.0728309613768943e-10,0.5277233793355006,0.527723379335408,-9.259260025373806e-14
tt,1.8,27,10,2,correct,correct,True,417.0935066033928,417.0935066038001,4.0728309613768943e-10,0.5277233793355006,0.527723379335408,-9.259260025373806e-14
tt,1.8,125,-10,1,correct,correct,True,453.64243128790883,453.64243128807004,1.6120793588925153e-10,0.5680249933724802,0.5680249933722685,-2.1171953079601735e-13
tt,1.8,125,-10,2,correct,correct,True,453.64243128790883,453.64243128807004,1.6120793588925153e-10,0.5680249933724802,0.5680249933722685,-2.1171953079601735e-13
tt,1.8,125,-3,1,correct,correct,True,464.9064779693545,464.9064779699272,5.726974450226407e-10,0.6675482099437909,0.6675482099438108,1.9872992140790302e-14
tt,1.8,125,-3,2,correct,correct,True,464.9064779693545,464.9064779699272,5.726974450226407e-10,0.6675482099437909,0.6675482099438108,1.9872992140790302e-14
tt,1.8,125,3,1,correct,correct,True,462.4577754595008,462.45777545999294,4.921503204968758e-10,0.6474683059079898,0.6474683059079998,9.992007221626409e-15
tt,1.8,125,3,2,correct,correct,True,462.4577754595008,462.45777545999294,4.921503204968758e-10,0.6474683059079898,0.6474683059079998,9.992007221626409e-15
tt,1.8,125,10,1,correct,correct,True,452.81371452684084,452.81371452688245,4.160938260611147e-11,0.5580848638842189,0.5580848638849103,6.914468997365475e-13
tt,1.8,125,10,2,correct,correct,True,452.81371452684084,452.81371452688245,4.160938260611147e-11,0.5580848638842189,0.5580848638849103,6.914468997365475e-13
tt,1.95,-40,-10,1,correct,correct,True,480.9403756502839,480.940375650515,2.311253410880454e-10,0.4315589707343187,0.4315589707344411,1.224020884649235e-13
tt,1.95,-40,-10,2,correct,correct,True,480.9403756502839,480.940375650515,2.311253410880454e-10,0.4315589707343187,0.4315589707344411,1.224020884649235e-13
tt,1.95,-40,-3,1,correct,correct,True,489.7541156516529,489.7541156512726,-3.802824721788056e-10,0.54835359069122,0.5483535906917593,5.392353230604385e-13
tt,1.95,-40,-3,2,correct,correct,True,489.7541156516529,489.7541156512726,-3.802824721788056e-10,0.54835359069122,0.5483535906917593,5.392353230604385e-13
tt,1.95,-40,3,1,correct,correct,True,487.9004854460654,487.9004854461638,9.845280146691948e-11,0.5218164769046002,0.5218164769044513,-1.488809076022335e-13
tt,1.95,-40,3,2,correct,correct,True,487.9004854460654,487.9004854461638,9.845280146691948e-11,0.5218164769046002,0.5218164769044513,-1.488809076022335e-13
tt,1.95,-40,10,1,correct,correct,True,480.0776541261155,480.077654125853,-2.625029082992114e-10,0.42216372153702997,0.42216372153693066,-9.930944955272025e-14
tt,1.95,-40,10,2,correct,correct,True,480.0776541261155,480.077654125853,-2.625029082992114e-10,0.42216372153702997,0.42216372153693066,-9.930944955272025e-14
tt,1.95,27,-10,1,correct,correct,True,508.6358447040459,508.6358447040211,-2.4783730623312294e-11,0.4548778049768584,0.4548778049770007,1.422750806057138e-13
tt,1.95,27,-10,2,correct,correct,True,508.6358447040459,508.6358447040211,-2.4783730623312294e-11,0.4548778049768584,0.4548778049770007,1.422750806057138e-13
tt,1.95,27,-3,1,correct,correct,True,519.1928946058781,519.1928946071655,1.28738975035958e-09,0.54845065881241,0.54845065881241,0.0
tt,1.95,27,-3,2,correct,correct,True,519.1928946058781,519.1928946071655,1.28738975035958e-09,0.54845065881241,0.54845065881241,0.0
tt,1.95,27,3,1,correct,correct,True,516.5299899196345,516.5299899198181,1.836042429204099e-10,0.5236268181481296,0.5236268181480701,-5.950795411990839e-14
tt,1.95,27,3,2,correct,correct,True,516.5299899196345,516.5299899198181,1.836042429204099e-10,0.5236268181481296,0.5236268181480701,-5.950795411990839e-14
tt,1.95,27,10,1,correct,correct,True,507.6807121967338,507.68071219680985,7.605649443576112e-11,0.4485054529094208,0.4485054529092289,-1.919020498064583e-13
tt,1.95,27,10,2,correct,correct,True,507.6807121967338,507.68071219680985,7.605649443576112e-11,0.4485054529094208,0.4485054529092289,-1.919020498064583e-13
tt,1.95,125,-10,1,correct,correct,True,548.8356384209271,548.8356384215213,5.941274139331654e-10,0.4961770262859504,0.49617702628590077,-4.96269692007445e-14
tt,1.95,125,-10,2,correct,correct,True,548.8356384209271,548.8356384215213,5.941274139331654e-10,0.4961770262859504,0.49617702628590077,-4.96269692007445e-14
tt,1.95,125,-3,1,correct,correct,True,564.0396955638157,564.0396955631983,-6.174332156660967e-10,0.5842178794783691,0.5842178794780812,-2.878808302853031e-13
tt,1.95,125,-3,2,correct,correct,True,564.0396955638157,564.0396955631983,-6.174332156660967e-10,0.5842178794783691,0.5842178794780812,-2.878808302853031e-13
tt,1.95,125,3,1,correct,correct,True,559.8085437264655,559.8085437269483,4.828279998037033e-10,0.5585892780685088,0.5585892780685684,5.96189764223709e-14
tt,1.95,125,3,2,correct,correct,True,559.8085437264655,559.8085437269483,4.828279998037033e-10,0.5585892780685088,0.5585892780685684,5.96189764223709e-14
tt,1.95,125,10,1,correct,correct,True,547.5013864608763,547.5013864607399,-1.3642420526593924e-10,0.48611315099743824,0.48611315099736874,-6.94999613415348e-14
tt,1.95,125,10,2,correct,correct,True,547.5013864608763,547.5013864607399,-1.3642420526593924e-10,0.48611315099743824,0.48611315099736874,-6.94999613415348e-14
ss,1.62,-40,-10,1,unresolved,unresolved,True,288.7086530989857,288.7086530989082,-7.747757990728132e-11,,,
ss,1.62,-40,-10,2,correct,correct,True,288.7086530989857,288.7086530989082,-7.747757990728132e-11,1.324164917575828,1.324164917575838,9.992007221626409e-15
ss,1.62,-40,-3,1,unresolved,unresolved,True,295.5991172968788,295.59911729691265,3.387867764104158e-11,,,
ss,1.62,-40,-3,2,correct,correct,True,295.5991172968788,295.59911729691265,3.387867764104158e-11,1.5841780809225599,1.58417808092254,-1.9761969838327786e-14
ss,1.62,-40,3,1,unresolved,unresolved,True,295.07098410048695,295.07098409991426,-5.726974450226407e-10,,,
ss,1.62,-40,3,2,correct,correct,True,295.07098410048695,295.07098409991426,-5.726974450226407e-10,1.55918044851709,1.5591804485169907,-9.9253938401489e-14
ss,1.62,-40,10,1,unresolved,unresolved,True,288.42997109209256,288.4299710919395,-1.5307932699215598e-10,,,
ss,1.62,-40,10,2,correct,correct,True,288.42997109209256,288.4299710919395,-1.5307932699215598e-10,1.3191673742264687,1.3191673742265284,5.972999872483342e-14
ss,1.62,27,-10,1,unresolved,unresolved,True,312.333303202245,312.3333032021601,-8.492406777804717e-11,,,
ss,1.62,27,-10,2,correct,correct,True,312.333303202245,312.3333032021601,-8.492406777804717e-11,1.1088618154377008,1.108861815437671,-2.9753977059954195e-14
ss,1.62,27,-3,1,unresolved,unresolved,True,319.67695420155945,319.6769542012661,-2.9336888474063016e-10,,,
ss,1.62,27,-3,2,correct,correct,True,319.67695420155945,319.6769542012661,-2.9336888474063016e-10,1.373865288020421,1.3738652880204407,1.9761969838327786e-14
ss,1.62,27,3,1,unresolved,unresolved,True,319.0479450123568,319.0479450124098,5.297806637827307e-11,,,
ss,1.62,27,3,2,correct,correct,True,319.0479450123568,319.0479450124098,5.297806637827307e-11,1.3438655170227687,1.3438655170227787,9.992007221626409e-15
ss,1.62,27,10,1,unresolved,unresolved,True,312.0028855148086,312.0028855148479,3.927880243281834e-11,,,
ss,1.62,27,10,2,correct,correct,True,312.0028855148086,312.0028855148479,3.927880243281834e-11,1.1038615968695284,1.1038615968695482,1.9761969838327786e-14
ss,1.62,125,-10,1,unresolved,unresolved,True,344.22099292519897,344.2209929253822,1.8320633898838423e-10,,,
ss,1.62,125,-10,2,correct,correct,True,344.22099292519897,344.2209929253822,1.8320633898838423e-10,1.022386796352231,1.0223867963521782,-5.284661597215745e-14
ss,1.62,125,-3,1,unresolved,unresolved,True,351.6581397558773,351.65813975594756,7.02584657119587e-11,,,
ss,1.62,125,-3,2,correct,correct,True,351.6581397558773,351.65813975594756,7.02584657119587e-11,1.2323902784606613,1.2323902784605687,-9.259260025373806e-14
ss,1.62,125,3,1,unresolved,unresolved,True,350.8359695248271,350.8359695245794,-2.476667759765405e-10,,,
ss,1.62,125,3,2,correct,correct,True,350.8359695248271,350.8359695245794,-2.476667759765405e-10,1.2073905621631285,1.2073905621631682,3.9745984281580604e-14
ss,1.62,125,10,1,unresolved,unresolved,True,343.8337508159936,343.8337508158221,-1.7149659470305778e-10,,,
ss,1.62,125,10,2,correct,correct,True,343.8337508159936,343.8337508158221,-1.7149659470305778e-10,1.0173873432680787,1.0173873432681482,6.94999613415348e-14
ss,1.8,-40,-10,1,correct,correct,True,383.1352847350892,383.13528473535223,2.630144990689587e-10,0.69678698359741,0.6967869835974299,1.9872992140790302e-14
ss,1.8,-40,-10,2,correct,correct,True,383.1352847350892,383.13528473535223,2.630144990689587e-10,0.69678698359741,0.6967869835974299,1.9872992140790302e-14
ss,1.8,-40,-3,1,correct,correct,True,391.8130093978411,391.81300939746836,-3.7272229747031815e-10,0.9117939527882586,0.9117939527882487,-9.880984919163893e-15
ss,1.8,-40,-3,2,correct,correct,True,391.8130093978411,391.81300939746836,-3.7272229747031815e-10,0.9117939527882586,0.9117939527882487,-9.880984919163893e-15
ss,1.8,-40,3,1,correct,correct,True,390.88104454792546,390.88104454801424,8.878942026058212e-11,0.881795609573701,0.8817956095736811,-1.9872992140790302e-14
ss,1.8,-40,3,2,correct,correct,True,390.88104454792546,390.88104454801424,8.878942026058212e-11,0.881795609573701,0.8817956095736811,-1.9872992140790302e-14
ss,1.8,-40,10,1,correct,correct,True,382.64592181338867,382.6459218131894,-1.992930265259929e-10,0.6917886474154081,0.6917886474154313,2.3203661214665772e-14
ss,1.8,-40,10,2,correct,correct,True,382.64592181338867,382.6459218131894,-1.992930265259929e-10,0.6917886474154081,0.6917886474154313,2.3203661214665772e-14
ss,1.8,27,-10,1,correct,correct,True,409.3814953770849,409.3814953772914,2.0651214072131552e-10,0.71288763409189,0.7128876340916882,-2.0183854587685346e-13
ss,1.8,27,-10,2,correct,correct,True,409.3814953770849,409.3814953772914,2.0651214072131552e-10,0.71288763409189,0.7128876340916882,-2.0183854587685346e-13
ss,1.8,27,-3,1,correct,correct,True,417.9209878496056,417.92098784938514,-2.2043877834221348e-10,0.8978942426014909,0.8978942426014611,-2.9753977059954195e-14
ss,1.8,27,-3,2,correct,correct,True,417.9209878496056,417.92098784938514,-2.2043877834221348e-10,0.8978942426014909,0.8978942426014611,-2.9753977059954195e-14
ss,1.8,27,3,1,correct,correct,True,416.85119543829956,416.8511954383235,2.3931079340400174e-11,0.8728956262892495,0.8728956262891304,-1.191269305422793e-13
ss,1.8,27,3,2,correct,correct,True,416.85119543829956,416.8511954383235,2.3931079340400174e-11,0.8728956262892495,0.8728956262891304,-1.191269305422793e-13
ss,1.8,27,10,1,correct,correct,True,408.8421535898761,408.8421535897481,-1.2801137927453965e-10,0.7078887826478483,0.707888782647878,2.9753977059954195e-14
ss,1.8,27,10,2,correct,correct,True,408.8421535898761,408.8421535897481,-1.2801137927453965e-10,0.7078887826478483,0.707888782647878,2.9753977059954195e-14
ss,1.8,125,-10,1,correct,correct,True,444.7031860854861,444.7031860853525,-1.3358203432289883e-10,0.7452448102223804,0.745244810222301,-7.938094626069869e-14
ss,1.8,125,-10,2,correct,correct,True,444.7031860854861,444.7031860853525,-1.3358203432289883e-10,0.7452448102223804,0.745244810222301,-7.938094626069869e-14
ss,1.8,125,-3,1,correct,correct,True,454.18661195524373,454.1866119558397,5.959464033367112e-10,0.8863006222647593,0.8863006222648586,9.936496070395151e-14
ss,1.8,125,-3,2,correct,correct,True,454.18661195524373,454.1866119558397,5.959464033367112e-10,0.8863006222647593,0.8863006222648586,9.936496070395151e-14
ss,1.8,125,3,1,correct,correct,True,452.6337040747447,452.6337040751354,3.907416612491943e-10,0.8613018876028081,0.861301887602818,9.880984919163893e-15
ss,1.8,125,3,2,correct,correct,True,452.6337040747447,452.6337040751354,3.907416612491943e-10,0.8613018876028081,0.861301887602818,9.880984919163893e-15
ss,1.8,125,10,1,correct,correct,True,444.09573273121106,444.095732731252,4.092726157978177e-11,0.7394302031131992,0.7394302031131693,-2.986499936241671e-14
ss,1.8,125,10,2,correct,correct,True,444.09573273121106,444.095732731252,4.092726157978177e-11,0.7394302031131992,0.7394302031131693,-2.986499936241671e-14
ss,1.95,-40,-10,1,correct,correct,True,472.01262241188823,472.01262241183895,-4.928324415232055e-11,0.5427185967751305,0.5427185967749087,-2.2171153801764376e-13
ss,1.95,-40,-10,2,correct,correct,True,472.01262241188823,472.01262241183895,-4.928324415232055e-11,0.5427185967751305,0.5427185967749087,-2.2171153801764376e-13
ss,1.95,-40,-3,1,correct,correct,True,481.39158160211383,481.3915816020106,-1.0322764865122736e-10,0.7276292259134999,0.7276292259134899,-9.992007221626409e-15
ss,1.95,-40,-3,2,correct,correct,True,481.39158160211383,481.3915816020106,-1.0322764865122736e-10,0.7276292259134999,0.7276292259134899,-9.992007221626409e-15
ss,1.95,-40,3,1,correct,correct,True,479.9899209985984,479.98992099896736,3.689706318255048e-10,0.6976380645739383,0.6976380645741401,2.0183854587685346e-13
ss,1.95,-40,3,2,correct,correct,True,479.9899209985984,479.98992099896736,3.689706318255048e-10,0.6976380645739383,0.6976380645741401,2.0183854587685346e-13
ss,1.95,-40,10,1,correct,correct,True,471.29326395513164,471.2932639553249,1.9326762412674725e-10,0.5377375668307394,0.5377375668308485,1.0913492332065289e-13
ss,1.95,-40,10,2,correct,correct,True,471.29326395513164,471.2932639553249,1.9326762412674725e-10,0.5377375668307394,0.5377375668308485,1.0913492332065289e-13
ss,1.95,27,-10,1,correct,correct,True,500.0938282010328,500.09382820124716,2.1435653252410702e-10,0.5823250762799086,0.582325076280031,1.2245759961615477e-13
ss,1.95,27,-10,2,correct,correct,True,500.0938282010328,500.09382820124716,2.1435653252410702e-10,0.5823250762799086,0.582325076280031,1.2245759961615477e-13
ss,1.95,27,-3,1,correct,correct,True,509.59815796944537,509.59815796992973,4.843627721129451e-10,0.7173297509126093,0.7173297509125498,-5.950795411990839e-14
ss,1.95,27,-3,2,correct,correct,True,509.59815796944537,509.59815796992973,4.843627721129451e-10,0.7173297509126093,0.7173297509125498,-5.950795411990839e-14
ss,1.95,27,3,1,correct,correct,True,507.92790109361874,507.9279010932166,-4.021671884402167e-10,0.6923305214750893,0.6923305214751488,5.950795411990839e-14
ss,1.95,27,3,2,correct,correct,True,507.92790109361874,507.9279010932166,-4.021671884402167e-10,0.6923305214750893,0.6923305214751488,5.950795411990839e-14
ss,1.95,27,10,1,correct,correct,True,499.32000037477474,499.3200003750919,3.171862772433087e-10,0.5773258951756399,0.5773258951757293,8.93729534823251e-14
ss,1.95,27,10,2,correct,correct,True,499.32000037477474,499.3200003750919,3.171862772433087e-10,0.5773258951756399,0.5773258951757293,8.93729534823251e-14
ss,1.95,125,-10,1,correct,correct,True,538.4104340957953,538.4104340957192,-7.605649443576112e-11,0.6274829356533204,0.6274829356550012,1.680877659282487e-12
ss,1.95,125,-10,2,correct,correct,True,538.4104340957953,538.4104340957192,-7.605649443576112e-11,0.6274829356533204,0.6274829356550012,1.680877659282487e-12
ss,1.95,125,-3,1,correct,correct,True,550.6963692505831,550.6963692502771,-3.0593128030886874e-10,0.7375001639616888,0.7375001639616987,9.880984919163893e-15
ss,1.95,125,-3,2,correct,correct,True,550.6963692505831,550.6963692502771,-3.0593128030886874e-10,0.7375001639616888,0.7375001639616987,9.880984919163893e-15
ss,1.95,125,3,1,correct,correct,True,547.9936535377004,547.9936535380048,3.043396645807661e-10,0.7127370496598311,0.7127370496592687,-5.624389842751043e-13
ss,1.95,125,3,2,correct,correct,True,547.9936535377004,547.9936535380048,3.043396645807661e-10,0.7127370496598311,0.7127370496592687,-5.624389842751043e-13
ss,1.95,125,10,1,correct,correct,True,537.4837244367798,537.4837244362985,-4.812363840756007e-10,0.6175233567457294,0.6175233567451802,-5.492273302820649e-13
ss,1.95,125,10,2,correct,correct,True,537.4837244367798,537.4837244362985,-4.812363840756007e-10,0.6175233567457294,0.6175233567451802,-5.492273302820649e-13
ff,1.62,-40,-10,1,correct,correct,True,307.2080730481701,307.20807304771324,-4.56850557384314e-10,0.5146621032264691,0.5146621032263797,-8.93729534823251e-14
ff,1.62,-40,-10,2,correct,correct,True,307.2080730481701,307.20807304771324,-4.56850557384314e-10,0.5146621032264691,0.5146621032263797,-8.93729534823251e-14
ff,1.62,-40,-3,1,correct,correct,True,313.9280500642888,313.92805006445377,1.6495960153406486e-10,0.6446743969915497,0.6446743969915298,-1.9872992140790302e-14
ff,1.62,-40,-3,2,correct,correct,True,313.9280500642888,313.92805006445377,1.6495960153406486e-10,0.6446743969915497,0.6446743969915298,-1.9872992140790302e-14
ff,1.62,-40,3,1,correct,correct,True,312.99004134993834,312.9900413502689,3.305444806755986e-10,0.624675652682961,0.624675652682908,-5.295763827461997e-14
ff,1.62,-40,3,2,correct,correct,True,312.99004134993834,312.9900413502689,3.305444806755986e-10,0.624675652682961,0.624675652682908,-5.295763827461997e-14
ff,1.62,-40,10,1,correct,correct,True,306.7378405970344,306.7378405969075,-1.268745108973235e-10,0.5096636984795292,0.5096636984794993,-2.986499936241671e-14
ff,1.62,-40,10,2,correct,correct,True,306.7378405970344,306.7378405969075,-1.268745108973235e-10,0.5096636984795292,0.5096636984794993,-2.986499936241671e-14
ff,1.62,27,-10,1,correct,correct,True,330.0998471585734,330.0998471583199,-2.5352164811920375e-10,0.5213296088341312,0.5213296088343793,2.481348460037225e-13
ff,1.62,27,-10,2,correct,correct,True,330.0998471585734,330.0998471583199,-2.5352164811920375e-10,0.5213296088341312,0.5213296088343793,2.481348460037225e-13
ff,1.62,27,-3,1,correct,correct,True,337.39357840703894,337.3935784068234,-2.15550244320184e-10,0.631332619214629,0.6313326192144603,-1.687538997430238e-13
ff,1.62,27,-3,2,correct,correct,True,337.39357840703894,337.3935784068234,-2.15550244320184e-10,0.631332619214629,0.6313326192144603,-1.687538997430238e-13
ff,1.62,27,3,1,correct,correct,True,336.1112538850438,336.1112538848886,-1.552393769088667e-10,0.6113330081069903,0.6113330081070399,4.96269692007445e-14
ff,1.62,27,3,2,correct,correct,True,336.1112538850438,336.1112538848886,-1.552393769088667e-10,0.6113330081069903,0.6113330081070399,4.96269692007445e-14
ff,1.62,27,10,1,correct,correct,True,329.57681458012206,329.5768145799138,-2.0827428670600057e-10,0.5163304097278613,0.5163304097277289,-1.3233858453531866e-13
ff,1.62,27,10,2,correct,correct,True,329.57681458012206,329.5768145799138,-2.0827428670600057e-10,0.5163304097278613,0.5163304097277289,-1.3233858453531866e-13
ff,1.62,125,-10,1,correct,correct,True,365.14609281964243,365.1460928195327,-1.0970779840135947e-10,0.5433103280170193,0.5433103280170788,5.950795411990839e-14
ff,1.62,125,-10,2,correct,correct,True,365.14609281964243,365.1460928195327,-1.0970779840135947e-10,0.5433103280170193,0.5433103280170788,5.950795411990839e-14
ff,1.62,125,-3,1,correct,correct,True,375.3366213989498,375.3366214000871,1.1373231245670468e-09,0.6433698088292498,0.6433698088294582,2.0838886172214188e-13
ff,1.62,125,-3,2,correct,correct,True,375.3366213989498,375.3366214000871,1.1373231245670468e-09,0.6433698088292498,0.6433698088294582,2.0838886172214188e-13
ff,1.62,125,3,1,correct,correct,True,373.20876712654655,373.2087671266025,5.5933924159035087e-11,0.6233598207877706,0.6233598207878004,2.9753977059954195e-14
ff,1.62,125,3,2,correct,correct,True,373.20876712654655,373.2087671266025,5.5933924159035087e-11,0.6233598207877706,0.6233598207878004,2.9753977059954195e-14
ff,1.62,125,10,1,correct,correct,True,364.436372496145,364.43637249646764,3.226432454539463e-10,0.5383197191528301,0.5383197191528896,5.950795411990839e-14
ff,1.62,125,10,2,correct,correct,True,364.436372496145,364.43637249646764,3.226432454539463e-10,0.5383197191528301,0.5383197191528896,5.950795411990839e-14
ff,1.8,-40,-10,1,correct,correct,True,403.2938249669618,403.2938249669437,-1.807620719773695e-11,0.3968716809326306,0.39687168093277947,1.488809076022335e-13
ff,1.8,-40,-10,2,correct,correct,True,403.2938249669618,403.2938249669437,-1.807620719773695e-11,0.3968716809326306,0.39687168093277947,1.488809076022335e-13
ff,1.8,-40,-3,1,correct,correct,True,411.3516817591999,411.35168175894177,-2.581259650469292e-10,0.48529626311035945,0.48529626311039914,3.9690473130349346e-14
ff,1.8,-40,-3,2,correct,correct,True,411.3516817591999,411.35168175894177,-2.581259650469292e-10,0.48529626311035945,0.48529626311039914,3.9690473130349346e-14
ff,1.8,-40,3,1,correct,correct,True,409.4986906459769,409.49869064653274,5.558149496209808e-10,0.46520277102744945,0.46520277102565943,-1.7900125826031399e-12
ff,1.8,-40,3,2,correct,correct,True,409.4986906459769,409.49869064653274,5.558149496209808e-10,0.46520277102744945,0.46520277102565943,-1.7900125826031399e-12
ff,1.8,-40,10,1,correct,correct,True,402.5362969369923,402.5362969367852,-2.070805749099236e-10,0.3917146184681599,0.39171461846823935,7.943645741192995e-14
ff,1.8,-40,10,2,correct,correct,True,402.5362969369923,402.5362969367852,-2.070805749099236e-10,0.3917146184681599,0.39171461846823935,7.943645741192995e-14
ff,1.8,27,-10,1,correct,correct,True,428.8840162426698,428.88401624300536,3.355467015353497e-10,0.41898962196139905,0.41898962196172,3.2096547641913276e-13
ff,1.8,27,-10,2,correct,correct,True,428.8840162426698,428.88401624300536,3.355467015353497e-10,0.41898962196139905,0.41898962196172,3.2096547641913276e-13
ff,1.8,27,-3,1,correct,correct,True,439.4122376334394,439.4122376338581,4.1870862332871184e-10,0.498306256309659,0.49830625630998987,3.3084646133829665e-13
ff,1.8,27,-3,2,correct,correct,True,439.4122376334394,439.4122376338581,4.1870862332871184e-10,0.498306256309659,0.49830625630998987,3.3084646133829665e-13
ff,1.8,27,3,1,correct,correct,True,436.6435780016117,436.64357800099845,-6.132268026703969e-10,0.47881949250310085,0.47881949250317035,6.94999613415348e-14
ff,1.8,27,3,2,correct,correct,True,436.6435780016117,436.64357800099845,-6.132268026703969e-10,0.47881949250310085,0.47881949250317035,6.94999613415348e-14
ff,1.8,27,10,1,correct,correct,True,427.93861338248735,427.93861338268465,1.9730350686586462e-10,0.4131803241371184,0.4131803241371283,9.880984919163893e-15
ff,1.8,27,10,2,correct,correct,True,427.93861338248735,427.93861338268465,1.9730350686586462e-10,0.4131803241371184,0.4131803241371283,9.880984919163893e-15
ff,1.8,125,-10,1,correct,correct,True,470.7085736951022,470.70857369554557,4.433786671143025e-10,0.4583822450749601,0.45838224507318004,-1.7800760865327447e-12
ff,1.8,125,-10,2,correct,correct,True,470.7085736951022,470.70857369554557,4.433786671143025e-10,0.4583822450749601,0.45838224507318004,-1.7800760865327447e-12
ff,1.8,125,-3,1,correct,correct,True,485.40814017004743,485.4081401699197,-1.277271621802356e-10,0.5401700750293494,0.5401700750293396,-9.880984919163893e-15
ff,1.8,125,-3,2,correct,correct,True,485.40814017004743,485.4081401699197,-1.277271621802356e-10,0.5401700750293494,0.5401700750293396,-9.880984919163893e-15
ff,1.8,125,3,1,correct,correct,True,481.1897420709263,481.1897420704959,-4.303615241951775e-10,0.5153433673308213,0.5153433673309106,8.926193117986259e-14
ff,1.8,125,3,2,correct,correct,True,481.1897420709263,481.1897420704959,-4.303615241951775e-10,0.5153433673308213,0.5153433673309106,8.926193117986259e-14
ff,1.8,125,10,1,correct,correct,True,469.3642985906668,469.3642985907083,4.149569576838985e-11,0.4481857310771092,0.44818573107723825,1.2906342661267445e-13
ff,1.8,125,10,2,correct,correct,True,469.3642985906668,469.3642985907083,4.149569576838985e-11,0.4481857310771092,0.44818573107723825,1.2906342661267445e-13
ff,1.95,-40,-10,1,correct,correct,True,493.06701024879993,493.0670102487807,-1.921307557495311e-11,0.34846423617978806,0.34846423617971856,-6.94999613415348e-14
ff,1.95,-40,-10,2,correct,correct,True,493.06701024879993,493.0670102487807,-1.921307557495311e-11,0.34846423617978806,0.34846423617971856,-6.94999613415348e-14
ff,1.95,-40,-3,1,correct,correct,True,504.1741017393524,504.17410174015225,7.998437467904296e-10,0.41811640323845994,0.4181164032413088,2.8488322811881517e-12
ff,1.95,-40,-3,2,correct,correct,True,504.1741017393524,504.17410174015225,7.998437467904296e-10,0.41811640323845994,0.4181164032413088,2.8488322811881517e-12
ff,1.95,-40,3,1,correct,correct,True,500.6412078527405,500.64120785419016,1.4496777112071868e-09,0.3925921297069307,0.39259212970838986,1.4591661212648432e-12
ff,1.95,-40,3,2,correct,correct,True,500.6412078527405,500.64120785419016,1.4496777112071868e-09,0.3925921297069307,0.39259212970838986,1.4591661212648432e-12
ff,1.95,-40,10,1,correct,correct,True,491.8951221969461,491.8951221971197,1.7359980120090768e-10,0.3377537888656398,0.3377537888673901,1.7503221094727905e-12
ff,1.95,-40,10,2,correct,correct,True,491.8951221969461,491.8951221971197,1.7359980120090768e-10,0.3377537888656398,0.3377537888673901,1.7503221094727905e-12
ff,1.95,27,-10,1,correct,correct,True,522.0183420444163,522.0183420437781,-6.381242201314308e-10,0.37357188074415,0.37357188074527825,1.1282641487753153e-12
ff,1.95,27,-10,2,correct,correct,True,522.0183420444163,522.0183420437781,-6.381242201314308e-10,0.37357188074415,0.37357188074527825,1.1282641487753153e-12
ff,1.95,27,-3,1,correct,correct,True,536.74450106148,536.7445010609828,-4.972662281943485e-10,0.44125947661786935,0.44125947661778003,-8.931744233109384e-14
ff,1.95,27,-3,2,correct,correct,True,536.74450106148,536.7445010609828,-4.972662281943485e-10,0.44125947661786935,0.44125947661778003,-8.931744233109384e-14
ff,1.95,27,3,1,correct,correct,True,531.7497783885392,531.7497783897725,1.2332748156040907e-09,0.4197064996021101,0.419706499601809,-3.0109248427834245e-13
ff,1.95,27,3,2,correct,correct,True,531.7497783885392,531.7497783897725,1.2332748156040907e-09,0.4197064996021101,0.419706499601809,-3.0109248427834245e-13
ff,1.95,27,10,1,correct,correct,True,520.4460455824789,520.4460455822712,-2.0770585251739249e-10,0.36512019542645113,0.36512019542668933,2.3819834993332734e-13
ff,1.95,27,10,2,correct,correct,True,520.4460455824789,520.4460455822712,-2.0770585251739249e-10,0.36512019542645113,0.36512019542668933,2.3819834993332734e-13
ff,1.95,125,-10,1,correct,correct,True,570.606985813616,570.6069858133969,-2.190745362895541e-10,0.41522539189482094,0.41522539189479113,-2.980948821118545e-14
ff,1.95,125,-10,2,correct,correct,True,570.606985813616,570.6069858133969,-2.190745362895541e-10,0.41522539189482094,0.41522539189479113,-2.980948821118545e-14
ff,1.95,125,-3,1,correct,correct,True,590.3646334523808,590.3646334542185,1.8377477317699231e-09,0.4920152295585087,0.492015229558009,-4.996558722325517e-13
ff,1.95,125,-3,2,correct,correct,True,590.3646334523808,590.3646334542185,1.8377477317699231e-09,0.4920152295585087,0.492015229558009,-4.996558722325517e-13
ff,1.95,125,3,1,correct,correct,True,583.311208819401,583.3112088175586,-1.8424088921165094e-09,0.46666457491814917,0.46666457491827823,1.2906342661267445e-13
ff,1.95,125,3,2,correct,correct,True,583.311208819401,583.3112088175586,-1.8424088921165094e-09,0.46666457491814917,0.46666457491827823,1.2906342661267445e-13
ff,1.95,125,10,1,correct,correct,True,568.4792440202608,568.4792440200755,-1.8530954548623413e-10,0.4047285097156305,0.4047285097156007,-2.980948821118545e-14
ff,1.95,125,10,2,correct,correct,True,568.4792440202608,568.4792440200755,-1.8530954548623413e-10,0.4047285097156305,0.4047285097156007,-2.980948821118545e-14
sf,1.62,-40,-10,1,correct,correct,True,315.1637803954286,315.1637803949628,-4.657749741454609e-10,0.5934732380631884,0.5934732380631189,-6.94999613415348e-14
sf,1.62,-40,-10,2,correct,correct,True,315.1637803954286,315.1637803949628,-4.657749741454609e-10,0.5934732380631884,0.5934732380631189,-6.94999613415348e-14
sf,1.62,-40,-3,1,correct,correct,True,321.4931597813713,321.49315978115055,-2.2072299543651752e-10,0.8539051588072609,0.8539051588073007,3.9745984281580604e-14
sf,1.62,-40,-3,2,correct,correct,True,321.4931597813713,321.49315978115055,-2.2072299543651752e-10,0.8539051588072609,0.8539051588073007,3.9745984281580604e-14
sf,1.62,-40,3,1,correct,correct,True,320.4408046557793,320.44080465572347,-5.582023732131347e-11,0.7989057112077588,0.7989057112077389,-1.9872992140790302e-14
sf,1.62,-40,3,2,correct,correct,True,320.4408046557793,320.44080465572347,-5.582023732131347e-11,0.7989057112077588,0.7989057112077389,-1.9872992140790302e-14
sf,1.62,-40,10,1,correct,correct,True,314.63400644478565,314.6340064450682,2.8256863515707664e-10,0.5834751874821487,0.5834751874821784,2.9753977059954195e-14
sf,1.62,-40,10,2,correct,correct,True,314.63400644478565,314.6340064450682,2.8256863515707664e-10,0.5834751874821487,0.5834751874821784,2.9753977059954195e-14
sf,1.62,27,-10,1,correct,correct,True,337.37720858997943,337.37720859004907,6.963318810448982e-11,0.5897511878852889,0.5897511878853285,3.963496197911809e-14
sf,1.62,27,-10,2,correct,correct,True,337.37720858997943,337.37720859004907,6.963318810448982e-11,0.5897511878852889,0.5897511878853285,3.963496197911809e-14
sf,1.62,27,-3,1,correct,correct,True,343.6934002870978,343.6934002867433,-3.544755600159988e-10,0.8097529196979507,0.8097529196978911,-5.96189764223709e-14
sf,1.62,27,-3,2,correct,correct,True,343.6934002870978,343.6934002867433,-3.544755600159988e-10,0.8097529196979507,0.8097529196978911,-5.96189764223709e-14
sf,1.62,27,3,1,correct,correct,True,342.4694887329843,342.4694887328399,-1.4438228390645236e-10,0.7597532583262906,0.7597532583263502,5.96189764223709e-14
sf,1.62,27,3,2,correct,correct,True,342.4694887329843,342.4694887328399,-1.4438228390645236e-10,0.7597532583262906,0.7597532583263502,5.96189764223709e-14
sf,1.62,27,10,1,correct,correct,True,336.8030618893819,336.8030618894958,1.1385736797819845e-10,0.5747518456714181,0.5747518456714412,2.3092638912203256e-14
sf,1.62,27,10,2,correct,correct,True,336.8030618893819,336.8030618894958,1.1385736797819845e-10,0.5747518456714181,0.5747518456714412,2.3092638912203256e-14
sf,1.62,125,-10,1,correct,correct,True,367.5109899006815,367.51098990079345,1.1192469173693098e-10,0.5677909746431209,0.567790974643091,-2.986499936241671e-14
sf,1.62,125,-10,2,correct,correct,True,367.5109899006815,367.51098990079345,1.1192469173693098e-10,0.5677909746431209,0.567790974643091,-2.986499936241671e-14
sf,1.62,125,-3,1,correct,correct,True,375.3068371744298,375.30683717450546,7.565859050373547e-11,0.7218616708471397,0.7218616708472092,6.94999613415348e-14
sf,1.62,125,-3,2,correct,correct,True,375.3068371744298,375.30683717450546,7.565859050373547e-11,0.7218616708471397,0.7218616708472092,6.94999613415348e-14
sf,1.62,125,3,1,correct,correct,True,373.38631198431847,373.38631198415806,-1.6041212802520022e-10,0.6869130167961209,0.6869130167961904,6.94999613415348e-14
sf,1.62,125,3,2,correct,correct,True,373.38631198431847,373.38631198415806,-1.6041212802520022e-10,0.6869130167961209,0.6869130167961904,6.94999613415348e-14
sf,1.62,125,10,1,correct,correct,True,366.8303203061541,366.8303203058593,-2.9478997021215037e-10,0.5579843085674511,0.5579843085673684,-8.271161533457416e-14
sf,1.62,125,10,2,correct,correct,True,366.8303203061541,366.8303203058593,-2.9478997021215037e-10,0.5579843085674511,0.5579843085673684,-8.271161533457416e-14
sf,1.8,-40,-10,1,correct,correct,True,412.221582134159,412.22158213401985,-1.3915268937125802e-10,0.5018196129897884,0.5018196129894708,-3.176348073452573e-13
sf,1.8,-40,-10,2,correct,correct,True,412.221582134159,412.22158213401985,-1.3915268937125802e-10,0.5018196129897884,0.5018196129894708,-3.176348073452573e-13
sf,1.8,-40,-3,1,correct,correct,True,419.19797657686297,419.19797657653436,-3.2861180443433113e-10,0.6744169630423582,0.674416963042421,6.283862319378386e-14
sf,1.8,-40,-3,2,correct,correct,True,419.19797657686297,419.19797657653436,-3.2861180443433113e-10,0.6744169630423582,0.674416963042421,6.283862319378386e-14
sf,1.8,-40,3,1,correct,correct,True,417.4281771232778,417.42817712325575,-2.205524651799351e-11,0.6273638298280996,0.6273638298282981,1.98507876802978e-13
sf,1.8,-40,3,2,correct,correct,True,417.4281771232778,417.42817712325575,-2.205524651799351e-11,0.6273638298280996,0.6273638298282981,1.98507876802978e-13
sf,1.8,-40,10,1,correct,correct,True,411.4097238617927,411.4097238613865,-4.062030711793341e-10,0.4854875928582688,0.48548759285810006,-1.687538997430238e-13
sf,1.8,-40,10,2,correct,correct,True,411.4097238617927,411.4097238613865,-4.062030711793341e-10,0.4854875928582688,0.48548759285810006,-1.687538997430238e-13
sf,1.8,27,-10,1,correct,correct,True,436.5978708057429,436.5978708062244,4.815206011699047e-10,0.49849382023237865,0.4984938202325904,2.117750419472486e-13
sf,1.8,27,-10,2,correct,correct,True,436.5978708057429,436.5978708062244,4.815206011699047e-10,0.49849382023237865,0.4984938202325904,2.117750419472486e-13
sf,1.8,27,-3,1,correct,correct,True,444.34376428564974,444.3437642852834,-3.6635583455790766e-10,0.636680374102588,0.6366803741038884,1.3004042287434459e-12
sf,1.8,27,-3,2,correct,correct,True,444.34376428564974,444.3437642852834,-3.6635583455790766e-10,0.636680374102588,0.6366803741038884,1.3004042287434459e-12
sf,1.8,27,3,1,correct,correct,True,442.01169272075987,442.0116927202799,-4.799858288606629e-10,0.5970483492889589,0.5970483492891806,2.2171153801764376e-13
sf,1.8,27,3,2,correct,correct,True,442.01169272075987,442.0116927202799,-4.799858288606629e-10,0.5970483492889589,0.5970483492891806,2.2171153801764376e-13
sf,1.8,27,10,1,correct,correct,True,435.69556561188733,435.6955656121336,2.462456905050203e-10,0.4886563713580093,0.48865637135791995,-8.93729534823251e-14
sf,1.8,27,10,2,correct,correct,True,435.69556561188733,435.6955656121336,2.462456905050203e-10,0.4886563713580093,0.48865637135791995,-8.93729534823251e-14
sf,1.8,125,-10,1,correct,correct,True,470.58692756459993,470.58692756462295,2.3021584638627246e-11,0.48445908900718854,0.4844590890072084,1.9872992140790302e-14
sf,1.8,125,-10,2,correct,correct,True,470.58692756459993,470.58692756462295,2.3021584638627246e-11,0.48445908900718854,0.4844590890072084,1.9872992140790302e-14
sf,1.8,125,-3,1,correct,correct,True,481.99408891151506,481.994088910581,-9.340510587207973e-10,0.5965996369408406,0.5965996369411285,2.878808302853031e-13
sf,1.8,125,-3,2,correct,correct,True,481.99408891151506,481.994088910581,-9.340510587207973e-10,0.5965996369408406,0.5965996369411285,2.878808302853031e-13
sf,1.8,125,3,1,correct,correct,True,478.10103880373214,478.1010388030562,-6.759250936738681e-10,0.5621957620584908,0.5621957620584213,-6.94999613415348e-14
sf,1.8,125,3,2,correct,correct,True,478.10103880373214,478.1010388030562,-6.759250936738681e-10,0.5621957620584908,0.5621957620584213,-6.94999613415348e-14
sf,1.8,125,10,1,correct,correct,True,469.3734558272468,469.3734558272404,-6.423306331271306e-12,0.4743920417525112,0.47439204175248806,-2.3148150063434514e-14
sf,1.8,125,10,2,correct,correct,True,469.3734558272468,469.3734558272404,-6.423306331271306e-12,0.4743920417525112,0.47439204175248806,-2.3148150063434514e-14
sf,1.95,-40,-10,1,correct,correct,True,502.3042544825065,502.30425448258114,7.463540896424092e-11,0.451545034691439,0.45154503468995993,-1.4790391134056335e-12
sf,1.95,-40,-10,2,correct,correct,True,502.3042544825065,502.30425448258114,7.463540896424092e-11,0.451545034691439,0.45154503468995993,-1.4790391134056335e-12
sf,1.95,-40,-3,1,correct,correct,True,510.31861487400664,510.3186148757034,1.6967760529951192e-09,0.5693761191825789,0.5693761191824698,-1.0913492332065289e-13
sf,1.95,-40,-3,2,correct,correct,True,510.31861487400664,510.3186148757034,1.6967760529951192e-09,0.5693761191825789,0.5693761191824698,-1.0913492332065289e-13
sf,1.95,-40,3,1,correct,correct,True,507.5174331005154,507.51743310138113,8.657252692501061e-10,0.5293307659271804,0.5293307659269488,-2.3159252293680765e-13
sf,1.95,-40,3,2,correct,correct,True,507.5174331005154,507.51743310138113,8.657252692501061e-10,0.5293307659271804,0.5293307659269488,-2.3159252293680765e-13
sf,1.95,-40,10,1,correct,correct,True,501.16311089799603,501.1631108976169,-3.7914560380158946e-10,0.43688502882680985,0.4368850288356309,8.821054997554256e-12
sf,1.95,-40,10,2,correct,correct,True,501.16311089799603,501.1631108976169,-3.7914560380158946e-10,0.43688502882680985,0.4368850288356309,8.821054997554256e-12
sf,1.95,27,-10,1,correct,correct,True,528.8844219750742,528.8844219748612,-2.1304913389030844e-10,0.44616095884269014,0.4461609588428787,1.8857138073258284e-13
sf,1.95,27,-10,2,correct,correct,True,528.8844219750742,528.8844219748612,-2.1304913389030844e-10,0.44616095884269014,0.4461609588428787,1.8857138073258284e-13
sf,1.95,27,-3,1,correct,correct,True,539.636325054429,539.6363250548671,4.381490725791082e-10,0.5488628710550493,0.5488628710502483,-4.8009374253865644e-12
sf,1.95,27,-3,2,correct,correct,True,539.636325054429,539.6363250548671,4.381490725791082e-10,0.5488628710550493,0.5488628710502483,-4.8009374253865644e-12
sf,1.95,27,3,1,correct,correct,True,535.3654275725764,535.3654275731268,5.503579814103432e-10,0.508893581078479,0.5088935810785485,6.94999613415348e-14
sf,1.95,27,3,2,correct,correct,True,535.3654275725764,535.3654275731268,5.503579814103432e-10,0.508893581078479,0.5088935810785485,6.94999613415348e-14
sf,1.95,27,10,1,correct,correct,True,527.5384196033544,527.5384196035224,1.6791545931482688e-10,0.4337130386329381,0.4337130386269791,-5.959011062373065e-12
sf,1.95,27,10,2,correct,correct,True,527.5384196033544,527.5384196035224,1.6791545931482688e-10,0.4337130386329381,0.4337130386269791,-5.959011062373065e-12
sf,1.95,125,-10,1,correct,correct,True,567.3765946213891,567.3765946209985,-3.906279744114727e-10,0.44012799951674825,0.44012799951686077,1.1252110354575962e-13
sf,1.95,125,-10,2,correct,correct,True,567.3765946213891,567.3765946209985,-3.906279744114727e-10,0.44012799951674825,0.44012799951686077,1.1252110354575962e-13
sf,1.95,125,-3,1,correct,correct,True,583.2966686226357,583.2966686252046,2.568867785157636e-09,0.5347260645104691,0.5347260645091391,-1.3300471835009375e-12
sf,1.95,125,-3,2,correct,correct,True,583.2966686226357,583.2966686252046,2.568867785157636e-09,0.5347260645104691,0.5347260645091391,-1.3300471835009375e-12
sf,1.95,125,3,1,correct,correct,True,576.6075200362434,576.6075200343994,-1.844000507844612e-09,0.4947455074557482,0.4947455074555497,-1.98507876802978e-13
sf,1.95,125,3,2,correct,correct,True,576.6075200362434,576.6075200343994,-1.844000507844612e-09,0.4947455074557482,0.4947455074555497,-1.98507876802978e-13
sf,1.95,125,10,1,correct,correct,True,565.3797907850507,565.3797907853906,3.3992364478763193e-10,0.4258124822691501,0.42581248226883905,-3.110289803487376e-13
sf,1.95,125,10,2,correct,correct,True,565.3797907850507,565.3797907853906,3.3992364478763193e-10,0.4258124822691501,0.42581248226883905,-3.110289803487376e-13
fs,1.62,-40,-10,1,unresolved,unresolved,True,281.28999370942483,281.2899937095608,1.3596945791505277e-10,,,
fs,1.62,-40,-10,2,correct,correct,True,281.28999370942483,281.2899937095608,1.3596945791505277e-10,1.660395561379781,1.6603955613798007,1.9761969838327786e-14
fs,1.62,-40,-3,1,unresolved,unresolved,True,286.74888600855604,286.7488860083748,-1.8121681932825595e-10,,,
fs,1.62,-40,-3,2,correct,correct,True,286.74888600855604,286.7488860083748,-1.8121681932825595e-10,1.8350324672430902,1.83503246724314,4.973799150320701e-14
fs,1.62,-40,3,1,unresolved,unresolved,True,286.338371867936,286.3383718677533,-1.8269474821863696e-10,,,
fs,1.62,-40,3,2,correct,correct,True,286.338371867936,286.3383718677533,-1.8269474821863696e-10,1.8250320034624805,1.8250320034624508,-2.9753977059954195e-14
fs,1.62,-40,10,1,unresolved,unresolved,True,281.06530858633397,281.06530858616657,-1.674038685450796e-10,,,
fs,1.62,-40,10,2,correct,correct,True,281.06530858633397,281.06530858616657,-1.674038685450796e-10,1.6553957907087808,1.6553957907087808,0.0
fs,1.62,27,-10,1,unresolved,unresolved,True,306.33120695877244,306.3312069589507,1.7826096154749393e-10,,,
fs,1.62,27,-10,2,correct,correct,True,306.33120695877244,306.3312069589507,1.7826096154749393e-10,1.2754952845323981,1.2754952845323186,-7.949196856316121e-14
fs,1.62,27,-3,1,unresolved,unresolved,True,313.444568873254,313.444568873158,-9.600853445590474e-11,,,
fs,1.62,27,-3,2,correct,correct,True,313.444568873254,313.444568873158,-9.600853445590474e-11,1.4254915201854808,1.4254915201854708,-9.992007221626409e-15
fs,1.62,27,3,1,unresolved,unresolved,True,312.8791358401162,312.87913584038876,2.7256419343757443e-10,,,
fs,1.62,27,3,2,correct,correct,True,312.8791358401162,312.87913584038876,2.7256419343757443e-10,1.4154924907346205,1.4154924907346405,1.9984014443252818e-14
fs,1.62,27,10,1,unresolved,unresolved,True,306.04093372068206,306.04093372023283,-4.4923353925696574e-10,,,
fs,1.62,27,10,2,correct,correct,True,306.04093372068206,306.04093372023283,-4.4923353925696574e-10,1.270495132212628,1.2704951322125684,-5.972999872483342e-14
fs,1.62,125,-10,1,unresolved,unresolved,True,344.9513012591167,344.951301258977,-1.396642801410053e-10,,,
fs,1.62,125,-10,2,correct,correct,True,344.9513012591167,344.951301258977,-1.396642801410053e-10,1.09792668770027,1.09792668770029,1.9984014443252818e-14
fs,1.62,125,-3,1,unresolved,unresolved,True,353.3449910583177,353.34499105849443,1.7672618923825212e-10,,,
fs,1.62,125,-3,2,correct,correct,True,353.3449910583177,353.34499105849443,1.7672618923825212e-10,1.2429260356768386,1.2429260356769412,1.0258460747536446e-13
fs,1.62,125,3,1,unresolved,unresolved,True,352.47648922772044,352.4764892276117,-1.0874146028072573e-10,,,
fs,1.62,125,3,2,correct,correct,True,352.47648922772044,352.4764892276117,-1.0874146028072573e-10,1.2279266645980902,1.2279266645980902,0.0
fs,1.62,125,10,1,unresolved,unresolved,True,344.59459037410613,344.594590374008,-9.811174095375463e-11,,,
fs,1.62,125,10,2,correct,correct,True,344.59459037410613,344.594590374008,-9.811174095375463e-11,1.0979272848151205,1.0979272848151205,0.0
fs,1.8,-40,-10,1,correct,correct,True,375.6766810172091,375.6766810172458,3.672084858408198e-11,0.7484144377951801,0.7484144377951603,-1.9872992140790302e-14
fs,1.8,-40,-10,2,correct,correct,True,375.6766810172091,375.6766810172458,3.672084858408198e-11,0.7484144377951801,0.7484144377951603,-1.9872992140790302e-14
fs,1.8,-40,-3,1,correct,correct,True,384.37456802913977,384.3745680290381,-1.0169287634198554e-10,0.8634245332610586,0.8634245332615881,5.294653604437372e-13
fs,1.8,-40,-3,2,correct,correct,True,384.37456802913977,384.3745680290381,-1.0169287634198554e-10,0.8634245332610586,0.8634245332615881,5.294653604437372e-13
fs,1.8,-40,3,1,correct,correct,True,383.5383053998097,383.5383053996102,-1.9952040020143613e-10,0.8484279312258112,0.84842793122596,1.488809076022335e-13
fs,1.8,-40,3,2,correct,correct,True,383.5383053998097,383.5383053996102,-1.9952040020143613e-10,0.8484279312258112,0.84842793122596,1.488809076022335e-13
fs,1.8,-40,10,1,correct,correct,True,375.2441036530848,375.24410365326406,1.7928414308698848e-10,0.7484178349301585,0.7484178349299301,-2.283728761653947e-13
fs,1.8,-40,10,2,correct,correct,True,375.2441036530848,375.24410365326406,1.7928414308698848e-10,0.7484178349301585,0.7484178349299301,-2.283728761653947e-13
fs,1.8,27,-10,1,correct,correct,True,402.7333177622189,402.7333177625198,3.008722160302568e-10,0.7340742648836989,0.7340742648837087,9.880984919163893e-15
fs,1.8,27,-10,2,correct,correct,True,402.7333177622189,402.7333177625198,3.008722160302568e-10,0.7340742648836989,0.7340742648837087,9.880984919163893e-15
fs,1.8,27,-3,1,correct,correct,True,411.77188948965926,411.7718894896981,3.8824055081931874e-11,0.8490778118980781,0.8490778118980682,-9.880984919163893e-15
fs,1.8,27,-3,2,correct,correct,True,411.77188948965926,411.7718894896981,3.8824055081931874e-11,0.8490778118980781,0.8490778118980682,-9.880984919163893e-15
fs,1.8,27,3,1,correct,correct,True,410.7043508821649,410.70435088159854,-5.663309821102303e-10,0.8340783422732997,0.8340783422730382,-2.6145752229922437e-13
fs,1.8,27,3,2,correct,correct,True,410.7043508821649,410.70435088159854,-5.663309821102303e-10,0.8340783422732997,0.8340783422730382,-2.6145752229922437e-13
fs,1.8,27,10,1,correct,correct,True,402.24483968266503,402.24483968278605,1.2101963875466026e-10,0.7290744169655008,0.7290744169658085,3.077538224260934e-13
fs,1.8,27,10,2,correct,correct,True,402.24483968266503,402.24483968278605,1.2101963875466026e-10,0.7290744169655008,0.7290744169658085,3.077538224260934e-13
fs,1.8,125,-10,1,correct,correct,True,450.2707986868345,450.2707986866238,-2.107185537170153e-10,0.7557112204630199,0.7557112204626195,-4.0034642267983145e-13
fs,1.8,125,-10,2,correct,correct,True,450.2707986868345,450.2707986866238,-2.107185537170153e-10,0.7557112204630199,0.7557112204626195,-4.0034642267983145e-13
fs,1.8,125,-3,1,correct,correct,True,462.1644079263819,462.1644079275419,1.1600036486925092e-09,0.8723474628395986,0.872347462839678,7.938094626069869e-14
fs,1.8,125,-3,2,correct,correct,True,462.1644079263819,462.1644079275419,1.1600036486925092e-09,0.8723474628395986,0.872347462839678,7.938094626069869e-14
fs,1.8,125,3,1,correct,correct,True,460.4253449795399,460.4253449799873,4.474145498534199e-10,0.852406312533499,0.8524063125333302,-1.687538997430238e-13
fs,1.8,125,3,2,correct,correct,True,460.4253449795399,460.4253449799873,4.474145498534199e-10,0.852406312533499,0.8524063125333302,-1.687538997430238e-13
fs,1.8,125,10,1,correct,correct,True,449.654086673596,449.6540866736028,6.821210263296962e-12,0.7523422532144401,0.7523422532142781,-1.6209256159527285e-13
fs,1.8,125,10,2,correct,correct,True,449.654086673596,449.6540866736028,6.821210263296962e-12,0.7523422532144401,0.7523422532142781,-1.6209256159527285e-13
fs,1.95,-40,-10,1,correct,correct,True,463.84668305021165,463.8466830501515,-6.014033715473488e-11,0.539651408135399,0.5396514081355611,1.6209256159527285e-13
fs,1.95,-40,-10,2,correct,correct,True,463.84668305021165,463.8466830501515,-6.014033715473488e-11,0.539651408135399,0.5396514081355611,1.6209256159527285e-13
fs,1.95,-40,-3,1,correct,correct,True,473.5842643281842,473.58426432799064,-1.935518412210513e-10,0.62975403119678,0.6297540311964491,-3.3084646133829665e-13
fs,1.95,-40,-3,2,correct,correct,True,473.5842643281842,473.58426432799064,-1.935518412210513e-10,0.62975403119678,0.6297540311964491,-3.3084646133829665e-13
fs,1.95,-40,3,1,correct,correct,True,472.24444739640205,472.24444739647777,7.571543392259628e-11,0.6148368074733288,0.6148368074735704,2.4158453015843406e-13
fs,1.95,-40,3,2,correct,correct,True,472.24444739640205,472.24444739647777,7.571543392259628e-11,0.6148368074733288,0.6148368074735704,2.4158453015843406e-13
fs,1.95,-40,10,1,correct,correct,True,463.19272335024505,463.192723350417,1.7195134205394424e-10,0.5346584968537588,0.53465849685359,-1.687538997430238e-13
fs,1.95,-40,10,2,correct,correct,True,463.19272335024505,463.192723350417,1.7195134205394424e-10,0.5346584968537588,0.53465849685359,-1.687538997430238e-13
fs,1.95,27,-10,1,correct,correct,True,493.0599620502889,493.0599620509739,6.850200406915974e-10,0.5675116308387411,0.5675116308388801,1.389999226830696e-13
fs,1.95,27,-10,2,correct,correct,True,493.0599620502889,493.0599620509739,6.850200406915974e-10,0.5675116308387411,0.5675116308388801,1.389999226830696e-13
fs,1.95,27,-3,1,correct,correct,True,504.44421696737464,504.4442169668633,-5.113633960718289e-10,0.6576989474139397,0.6576989474139596,1.9872992140790302e-14
fs,1.95,27,-3,2,correct,correct,True,504.44421696737464,504.4442169668633,-5.113633960718289e-10,0.6576989474139397,0.6576989474139596,1.9872992140790302e-14
fs,1.95,27,3,1,correct,correct,True,502.5200310691654,502.5200310691345,-3.086597644141875e-11,0.6426504332516008,0.6426504332517596,1.588729148238599e-13
fs,1.95,27,3,2,correct,correct,True,502.5200310691654,502.5200310691345,-3.086597644141875e-11,0.6426504332516008,0.6426504332517596,1.588729148238599e-13
fs,1.95,27,10,1,correct,correct,True,492.3318621487598,492.3318621486685,-9.129053069045767e-11,0.5623438498687098,0.5623438498690407,3.3095748364075916e-13
fs,1.95,27,10,2,correct,correct,True,492.3318621487598,492.3318621486685,-9.129053069045767e-11,0.5623438498687098,0.5623438498690407,3.3095748364075916e-13
fs,1.95,125,-10,1,correct,correct,True,549.9377516398656,549.9377516395565,-3.09114511765074e-10,0.6230220192316899,0.6230220192315212,-1.6864287744056128e-13
fs,1.95,125,-10,2,correct,correct,True,549.9377516398656,549.9377516395565,-3.09114511765074e-10,0.6230220192316899,0.6230220192315212,-1.6864287744056128e-13
fs,1.95,125,-3,1,correct,correct,True,565.5967688373919,565.596768837332,-5.991296347929165e-11,0.7173269238153097,0.7173269238153097,0.0
fs,1.95,125,-3,2,correct,correct,True,565.5967688373919,565.596768837332,-5.991296347929165e-11,0.7173269238153097,0.7173269238153097,0.0
fs,1.95,125,3,1,correct,correct,True,562.6088703996539,562.6088703995487,-1.0527401173021644e-10,0.70244008258108,0.7024400825811893,1.092459456231154e-13
fs,1.95,125,3,2,correct,correct,True,562.6088703996539,562.6088703995487,-1.0527401173021644e-10,0.70244008258108,0.7024400825811893,1.092459456231154e-13
fs,1.95,125,10,1,correct,correct,True,548.9497648661535,548.9497648658789,-2.745537130977027e-10,0.6179874067199213,0.617987406719898,-2.3203661214665772e-14
fs,1.95,125,10,2,correct,correct,True,548.9497648661535,548.9497648658789,-2.745537130977027e-10,0.6179874067199213,0.617987406719898,-2.3203661214665772e-14
